# torpido L=1.0 D=0.2 a_n=0.2 L_mid=0.5 a_t=0.3
v -0.500000000 0.000000000 0.000000000
v -0.499357677 0.006540313 0.000000000
v -0.499357677 0.006508820 0.000641063
v -0.499357677 0.006414643 0.001275952
v -0.499357677 0.006258689 0.001898553
v -0.499357677 0.006042461 0.002502869
v -0.499357677 0.005768041 0.003083082
v -0.499357677 0.005438071 0.003633603
v -0.499357677 0.005055730 0.004149131
v -0.499357677 0.004624700 0.004624700
v -0.499357677 0.004149131 0.005055730
v -0.499357677 0.003633603 0.005438071
v -0.499357677 0.003083082 0.005768041
v -0.499357677 0.002502869 0.006042461
v -0.499357677 0.001898553 0.006258689
v -0.499357677 0.001275952 0.006414643
v -0.499357677 0.000641063 0.006508820
v -0.499357677 0.000000000 0.006540313
v -0.499357677 -0.000641063 0.006508820
v -0.499357677 -0.001275952 0.006414643
v -0.499357677 -0.001898553 0.006258689
v -0.499357677 -0.002502869 0.006042461
v -0.499357677 -0.003083082 0.005768041
v -0.499357677 -0.003633603 0.005438071
v -0.499357677 -0.004149131 0.005055730
v -0.499357677 -0.004624700 0.004624700
v -0.499357677 -0.005055730 0.004149131
v -0.499357677 -0.005438071 0.003633603
v -0.499357677 -0.005768041 0.003083082
v -0.499357677 -0.006042461 0.002502869
v -0.499357677 -0.006258689 0.001898553
v -0.499357677 -0.006414643 0.001275952
v -0.499357677 -0.006508820 0.000641063
v -0.499357677 -0.006540313 0.000000000
v -0.499357677 -0.006508820 -0.000641063
v -0.499357677 -0.006414643 -0.001275952
v -0.499357677 -0.006258689 -0.001898553
v -0.499357677 -0.006042461 -0.002502869
v -0.499357677 -0.005768041 -0.003083082
v -0.499357677 -0.005438071 -0.003633603
v -0.499357677 -0.005055730 -0.004149131
v -0.499357677 -0.004624700 -0.004624700
v -0.499357677 -0.004149131 -0.005055730
v -0.499357677 -0.003633603 -0.005438071
v -0.499357677 -0.003083082 -0.005768041
v -0.499357677 -0.002502869 -0.006042461
v -0.499357677 -0.001898553 -0.006258689
v -0.499357677 -0.001275952 -0.006414643
v -0.499357677 -0.000641063 -0.006508820
v -0.499357677 -0.000000000 -0.006540313
v -0.499357677 0.000641063 -0.006508820
v -0.499357677 0.001275952 -0.006414643
v -0.499357677 0.001898553 -0.006258689
v -0.499357677 0.002502869 -0.006042461
v -0.499357677 0.003083082 -0.005768041
v -0.499357677 0.003633603 -0.005438071
v -0.499357677 0.004149131 -0.005055730
v -0.499357677 0.004624700 -0.004624700
v -0.499357677 0.005055730 -0.004149131
v -0.499357677 0.005438071 -0.003633603
v -0.499357677 0.005768041 -0.003083082
v -0.499357677 0.006042461 -0.002502869
v -0.499357677 0.006258689 -0.001898553
v -0.499357677 0.006414643 -0.001275952
v -0.499357677 0.006508820 -0.000641063
v -0.497433458 0.013052619 0.000000000
v -0.497433458 0.012989767 0.001279380
v -0.497433458 0.012801817 0.002546440
v -0.497433458 0.012490578 0.003788975
v -0.497433458 0.012059048 0.004995021
v -0.497433458 0.011511382 0.006152962
v -0.497433458 0.010852856 0.007251647
v -0.497433458 0.010089811 0.008280494
v -0.497433458 0.009229596 0.009229596
v -0.497433458 0.008280494 0.010089811
v -0.497433458 0.007251647 0.010852856
v -0.497433458 0.006152962 0.011511382
v -0.497433458 0.004995021 0.012059048
v -0.497433458 0.003788975 0.012490578
v -0.497433458 0.002546440 0.012801817
v -0.497433458 0.001279380 0.012989767
v -0.497433458 0.000000000 0.013052619
v -0.497433458 -0.001279380 0.012989767
v -0.497433458 -0.002546440 0.012801817
v -0.497433458 -0.003788975 0.012490578
v -0.497433458 -0.004995021 0.012059048
v -0.497433458 -0.006152962 0.011511382
v -0.497433458 -0.007251647 0.010852856
v -0.497433458 -0.008280494 0.010089811
v -0.497433458 -0.009229596 0.009229596
v -0.497433458 -0.010089811 0.008280494
v -0.497433458 -0.010852856 0.007251647
v -0.497433458 -0.011511382 0.006152962
v -0.497433458 -0.012059048 0.004995021
v -0.497433458 -0.012490578 0.003788975
v -0.497433458 -0.012801817 0.002546440
v -0.497433458 -0.012989767 0.001279380
v -0.497433458 -0.013052619 0.000000000
v -0.497433458 -0.012989767 -0.001279380
v -0.497433458 -0.012801817 -0.002546440
v -0.497433458 -0.012490578 -0.003788975
v -0.497433458 -0.012059048 -0.004995021
v -0.497433458 -0.011511382 -0.006152962
v -0.497433458 -0.010852856 -0.007251647
v -0.497433458 -0.010089811 -0.008280494
v -0.497433458 -0.009229596 -0.009229596
v -0.497433458 -0.008280494 -0.010089811
v -0.497433458 -0.007251647 -0.010852856
v -0.497433458 -0.006152962 -0.011511382
v -0.497433458 -0.004995021 -0.012059048
v -0.497433458 -0.003788975 -0.012490578
v -0.497433458 -0.002546440 -0.012801817
v -0.497433458 -0.001279380 -0.012989767
v -0.497433458 -0.000000000 -0.013052619
v -0.497433458 0.001279380 -0.012989767
v -0.497433458 0.002546440 -0.012801817
v -0.497433458 0.003788975 -0.012490578
v -0.497433458 0.004995021 -0.012059048
v -0.497433458 0.006152962 -0.011511382
v -0.497433458 0.007251647 -0.010852856
v -0.497433458 0.008280494 -0.010089811
v -0.497433458 0.009229596 -0.009229596
v -0.497433458 0.010089811 -0.008280494
v -0.497433458 0.010852856 -0.007251647
v -0.497433458 0.011511382 -0.006152962
v -0.497433458 0.012059048 -0.004995021
v -0.497433458 0.012490578 -0.003788975
v -0.497433458 0.012801817 -0.002546440
v -0.497433458 0.012989767 -0.001279380
v -0.494235584 0.019509032 0.000000000
v -0.494235584 0.019415091 0.001912220
v -0.494235584 0.019134172 0.003806023
v -0.494235584 0.018668980 0.005663173
v -0.494235584 0.018023996 0.007465783
v -0.494235584 0.017205430 0.009196494
v -0.494235584 0.016221167 0.010838638
v -0.494235584 0.015080686 0.012376399
v -0.494235584 0.013794969 0.013794969
v -0.494235584 0.012376399 0.015080686
v -0.494235584 0.010838638 0.016221167
v -0.494235584 0.009196494 0.017205430
v -0.494235584 0.007465783 0.018023996
v -0.494235584 0.005663173 0.018668980
v -0.494235584 0.003806023 0.019134172
v -0.494235584 0.001912220 0.019415091
v -0.494235584 0.000000000 0.019509032
v -0.494235584 -0.001912220 0.019415091
v -0.494235584 -0.003806023 0.019134172
v -0.494235584 -0.005663173 0.018668980
v -0.494235584 -0.007465783 0.018023996
v -0.494235584 -0.009196494 0.017205430
v -0.494235584 -0.010838638 0.016221167
v -0.494235584 -0.012376399 0.015080686
v -0.494235584 -0.013794969 0.013794969
v -0.494235584 -0.015080686 0.012376399
v -0.494235584 -0.016221167 0.010838638
v -0.494235584 -0.017205430 0.009196494
v -0.494235584 -0.018023996 0.007465783
v -0.494235584 -0.018668980 0.005663173
v -0.494235584 -0.019134172 0.003806023
v -0.494235584 -0.019415091 0.001912220
v -0.494235584 -0.019509032 0.000000000
v -0.494235584 -0.019415091 -0.001912220
v -0.494235584 -0.019134172 -0.003806023
v -0.494235584 -0.018668980 -0.005663173
v -0.494235584 -0.018023996 -0.007465783
v -0.494235584 -0.017205430 -0.009196494
v -0.494235584 -0.016221167 -0.010838638
v -0.494235584 -0.015080686 -0.012376399
v -0.494235584 -0.013794969 -0.013794969
v -0.494235584 -0.012376399 -0.015080686
v -0.494235584 -0.010838638 -0.016221167
v -0.494235584 -0.009196494 -0.017205430
v -0.494235584 -0.007465783 -0.018023996
v -0.494235584 -0.005663173 -0.018668980
v -0.494235584 -0.003806023 -0.019134172
v -0.494235584 -0.001912220 -0.019415091
v -0.494235584 -0.000000000 -0.019509032
v -0.494235584 0.001912220 -0.019415091
v -0.494235584 0.003806023 -0.019134172
v -0.494235584 0.005663173 -0.018668980
v -0.494235584 0.007465783 -0.018023996
v -0.494235584 0.009196494 -0.017205430
v -0.494235584 0.010838638 -0.016221167
v -0.494235584 0.012376399 -0.015080686
v -0.494235584 0.013794969 -0.013794969
v -0.494235584 0.015080686 -0.012376399
v -0.494235584 0.016221167 -0.010838638
v -0.494235584 0.017205430 -0.009196494
v -0.494235584 0.018023996 -0.007465783
v -0.494235584 0.018668980 -0.005663173
v -0.494235584 0.019134172 -0.003806023
v -0.494235584 0.019415091 -0.001912220
v -0.489777748 0.025881905 0.000000000
v -0.489777748 0.025757276 0.002536870
v -0.489777748 0.025384591 0.005049309
v -0.489777748 0.024767438 0.007513120
v -0.489777748 0.023911762 0.009904576
v -0.489777748 0.022825802 0.012200645
v -0.489777748 0.021520017 0.014379216
v -0.489777748 0.020006983 0.016419306
v -0.489777748 0.018301270 0.018301270
v -0.489777748 0.016419306 0.020006983
v -0.489777748 0.014379216 0.021520017
v -0.489777748 0.012200645 0.022825802
v -0.489777748 0.009904576 0.023911762
v -0.489777748 0.007513120 0.024767438
v -0.489777748 0.005049309 0.025384591
v -0.489777748 0.002536870 0.025757276
v -0.489777748 0.000000000 0.025881905
v -0.489777748 -0.002536870 0.025757276
v -0.489777748 -0.005049309 0.025384591
v -0.489777748 -0.007513120 0.024767438
v -0.489777748 -0.009904576 0.023911762
v -0.489777748 -0.012200645 0.022825802
v -0.489777748 -0.014379216 0.021520017
v -0.489777748 -0.016419306 0.020006983
v -0.489777748 -0.018301270 0.018301270
v -0.489777748 -0.020006983 0.016419306
v -0.489777748 -0.021520017 0.014379216
v -0.489777748 -0.022825802 0.012200645
v -0.489777748 -0.023911762 0.009904576
v -0.489777748 -0.024767438 0.007513120
v -0.489777748 -0.025384591 0.005049309
v -0.489777748 -0.025757276 0.002536870
v -0.489777748 -0.025881905 0.000000000
v -0.489777748 -0.025757276 -0.002536870
v -0.489777748 -0.025384591 -0.005049309
v -0.489777748 -0.024767438 -0.007513120
v -0.489777748 -0.023911762 -0.009904576
v -0.489777748 -0.022825802 -0.012200645
v -0.489777748 -0.021520017 -0.014379216
v -0.489777748 -0.020006983 -0.016419306
v -0.489777748 -0.018301270 -0.018301270
v -0.489777748 -0.016419306 -0.020006983
v -0.489777748 -0.014379216 -0.021520017
v -0.489777748 -0.012200645 -0.022825802
v -0.489777748 -0.009904576 -0.023911762
v -0.489777748 -0.007513120 -0.024767438
v -0.489777748 -0.005049309 -0.025384591
v -0.489777748 -0.002536870 -0.025757276
v -0.489777748 -0.000000000 -0.025881905
v -0.489777748 0.002536870 -0.025757276
v -0.489777748 0.005049309 -0.025384591
v -0.489777748 0.007513120 -0.024767438
v -0.489777748 0.009904576 -0.023911762
v -0.489777748 0.012200645 -0.022825802
v -0.489777748 0.014379216 -0.021520017
v -0.489777748 0.016419306 -0.020006983
v -0.489777748 0.018301270 -0.018301270
v -0.489777748 0.020006983 -0.016419306
v -0.489777748 0.021520017 -0.014379216
v -0.489777748 0.022825802 -0.012200645
v -0.489777748 0.023911762 -0.009904576
v -0.489777748 0.024767438 -0.007513120
v -0.489777748 0.025384591 -0.005049309
v -0.489777748 0.025757276 -0.002536870
v -0.484079039 0.032143947 0.000000000
v -0.484079039 0.031989165 0.003150658
v -0.484079039 0.031526310 0.006270973
v -0.484079039 0.030759839 0.009330895
v -0.484079039 0.029697134 0.012300956
v -0.484079039 0.028348430 0.015152552
v -0.484079039 0.026726715 0.017858220
v -0.484079039 0.024847607 0.020391904
v -0.484079039 0.022729203 0.022729203
v -0.484079039 0.020391904 0.024847607
v -0.484079039 0.017858220 0.026726715
v -0.484079039 0.015152552 0.028348430
v -0.484079039 0.012300956 0.029697134
v -0.484079039 0.009330895 0.030759839
v -0.484079039 0.006270973 0.031526310
v -0.484079039 0.003150658 0.031989165
v -0.484079039 0.000000000 0.032143947
v -0.484079039 -0.003150658 0.031989165
v -0.484079039 -0.006270973 0.031526310
v -0.484079039 -0.009330895 0.030759839
v -0.484079039 -0.012300956 0.029697134
v -0.484079039 -0.015152552 0.028348430
v -0.484079039 -0.017858220 0.026726715
v -0.484079039 -0.020391904 0.024847607
v -0.484079039 -0.022729203 0.022729203
v -0.484079039 -0.024847607 0.020391904
v -0.484079039 -0.026726715 0.017858220
v -0.484079039 -0.028348430 0.015152552
v -0.484079039 -0.029697134 0.012300956
v -0.484079039 -0.030759839 0.009330895
v -0.484079039 -0.031526310 0.006270973
v -0.484079039 -0.031989165 0.003150658
v -0.484079039 -0.032143947 0.000000000
v -0.484079039 -0.031989165 -0.003150658
v -0.484079039 -0.031526310 -0.006270973
v -0.484079039 -0.030759839 -0.009330895
v -0.484079039 -0.029697134 -0.012300956
v -0.484079039 -0.028348430 -0.015152552
v -0.484079039 -0.026726715 -0.017858220
v -0.484079039 -0.024847607 -0.020391904
v -0.484079039 -0.022729203 -0.022729203
v -0.484079039 -0.020391904 -0.024847607
v -0.484079039 -0.017858220 -0.026726715
v -0.484079039 -0.015152552 -0.028348430
v -0.484079039 -0.012300956 -0.029697134
v -0.484079039 -0.009330895 -0.030759839
v -0.484079039 -0.006270973 -0.031526310
v -0.484079039 -0.003150658 -0.031989165
v -0.484079039 -0.000000000 -0.032143947
v -0.484079039 0.003150658 -0.031989165
v -0.484079039 0.006270973 -0.031526310
v -0.484079039 0.009330895 -0.030759839
v -0.484079039 0.012300956 -0.029697134
v -0.484079039 0.015152552 -0.028348430
v -0.484079039 0.017858220 -0.026726715
v -0.484079039 0.020391904 -0.024847607
v -0.484079039 0.022729203 -0.022729203
v -0.484079039 0.024847607 -0.020391904
v -0.484079039 0.026726715 -0.017858220
v -0.484079039 0.028348430 -0.015152552
v -0.484079039 0.029697134 -0.012300956
v -0.484079039 0.030759839 -0.009330895
v -0.484079039 0.031526310 -0.006270973
v -0.484079039 0.031989165 -0.003150658
v -0.477163860 0.038268343 0.000000000
v -0.477163860 0.038084071 0.003750954
v -0.477163860 0.037533028 0.007465783
v -0.477163860 0.036620521 0.011108714
v -0.477163860 0.035355339 0.014644661
v -0.477163860 0.033749666 0.018039572
v -0.477163860 0.031818965 0.021260752
v -0.477163860 0.029581829 0.024277180
v -0.477163860 0.027059805 0.027059805
v -0.477163860 0.024277180 0.029581829
v -0.477163860 0.021260752 0.031818965
v -0.477163860 0.018039572 0.033749666
v -0.477163860 0.014644661 0.035355339
v -0.477163860 0.011108714 0.036620521
v -0.477163860 0.007465783 0.037533028
v -0.477163860 0.003750954 0.038084071
v -0.477163860 0.000000000 0.038268343
v -0.477163860 -0.003750954 0.038084071
v -0.477163860 -0.007465783 0.037533028
v -0.477163860 -0.011108714 0.036620521
v -0.477163860 -0.014644661 0.035355339
v -0.477163860 -0.018039572 0.033749666
v -0.477163860 -0.021260752 0.031818965
v -0.477163860 -0.024277180 0.029581829
v -0.477163860 -0.027059805 0.027059805
v -0.477163860 -0.029581829 0.024277180
v -0.477163860 -0.031818965 0.021260752
v -0.477163860 -0.033749666 0.018039572
v -0.477163860 -0.035355339 0.014644661
v -0.477163860 -0.036620521 0.011108714
v -0.477163860 -0.037533028 0.007465783
v -0.477163860 -0.038084071 0.003750954
v -0.477163860 -0.038268343 0.000000000
v -0.477163860 -0.038084071 -0.003750954
v -0.477163860 -0.037533028 -0.007465783
v -0.477163860 -0.036620521 -0.011108714
v -0.477163860 -0.035355339 -0.014644661
v -0.477163860 -0.033749666 -0.018039572
v -0.477163860 -0.031818965 -0.021260752
v -0.477163860 -0.029581829 -0.024277180
v -0.477163860 -0.027059805 -0.027059805
v -0.477163860 -0.024277180 -0.029581829
v -0.477163860 -0.021260752 -0.031818965
v -0.477163860 -0.018039572 -0.033749666
v -0.477163860 -0.014644661 -0.035355339
v -0.477163860 -0.011108714 -0.036620521
v -0.477163860 -0.007465783 -0.037533028
v -0.477163860 -0.003750954 -0.038084071
v -0.477163860 -0.000000000 -0.038268343
v -0.477163860 0.003750954 -0.038084071
v -0.477163860 0.007465783 -0.037533028
v -0.477163860 0.011108714 -0.036620521
v -0.477163860 0.014644661 -0.035355339
v -0.477163860 0.018039572 -0.033749666
v -0.477163860 0.021260752 -0.031818965
v -0.477163860 0.024277180 -0.029581829
v -0.477163860 0.027059805 -0.027059805
v -0.477163860 0.029581829 -0.024277180
v -0.477163860 0.031818965 -0.021260752
v -0.477163860 0.033749666 -0.018039572
v -0.477163860 0.035355339 -0.014644661
v -0.477163860 0.036620521 -0.011108714
v -0.477163860 0.037533028 -0.007465783
v -0.477163860 0.038084071 -0.003750954
v -0.469061822 0.044228869 0.000000000
v -0.469061822 0.044015895 0.004335187
v -0.469061822 0.043379024 0.008628624
v -0.469061822 0.042324389 0.012838963
v -0.469061822 0.040862147 0.016925655
v -0.469061822 0.039006380 0.020849345
v -0.469061822 0.036774961 0.024572243
v -0.469061822 0.034189378 0.028058497
v -0.469061822 0.031274533 0.031274533
v -0.469061822 0.028058497 0.034189378
v -0.469061822 0.024572243 0.036774961
v -0.469061822 0.020849345 0.039006380
v -0.469061822 0.016925655 0.040862147
v -0.469061822 0.012838963 0.042324389
v -0.469061822 0.008628624 0.043379024
v -0.469061822 0.004335187 0.044015895
v -0.469061822 0.000000000 0.044228869
v -0.469061822 -0.004335187 0.044015895
v -0.469061822 -0.008628624 0.043379024
v -0.469061822 -0.012838963 0.042324389
v -0.469061822 -0.016925655 0.040862147
v -0.469061822 -0.020849345 0.039006380
v -0.469061822 -0.024572243 0.036774961
v -0.469061822 -0.028058497 0.034189378
v -0.469061822 -0.031274533 0.031274533
v -0.469061822 -0.034189378 0.028058497
v -0.469061822 -0.036774961 0.024572243
v -0.469061822 -0.039006380 0.020849345
v -0.469061822 -0.040862147 0.016925655
v -0.469061822 -0.042324389 0.012838963
v -0.469061822 -0.043379024 0.008628624
v -0.469061822 -0.044015895 0.004335187
v -0.469061822 -0.044228869 0.000000000
v -0.469061822 -0.044015895 -0.004335187
v -0.469061822 -0.043379024 -0.008628624
v -0.469061822 -0.042324389 -0.012838963
v -0.469061822 -0.040862147 -0.016925655
v -0.469061822 -0.039006380 -0.020849345
v -0.469061822 -0.036774961 -0.024572243
v -0.469061822 -0.034189378 -0.028058497
v -0.469061822 -0.031274533 -0.031274533
v -0.469061822 -0.028058497 -0.034189378
v -0.469061822 -0.024572243 -0.036774961
v -0.469061822 -0.020849345 -0.039006380
v -0.469061822 -0.016925655 -0.040862147
v -0.469061822 -0.012838963 -0.042324389
v -0.469061822 -0.008628624 -0.043379024
v -0.469061822 -0.004335187 -0.044015895
v -0.469061822 -0.000000000 -0.044228869
v -0.469061822 0.004335187 -0.044015895
v -0.469061822 0.008628624 -0.043379024
v -0.469061822 0.012838963 -0.042324389
v -0.469061822 0.016925655 -0.040862147
v -0.469061822 0.020849345 -0.039006380
v -0.469061822 0.024572243 -0.036774961
v -0.469061822 0.028058497 -0.034189378
v -0.469061822 0.031274533 -0.031274533
v -0.469061822 0.034189378 -0.028058497
v -0.469061822 0.036774961 -0.024572243
v -0.469061822 0.039006380 -0.020849345
v -0.469061822 0.040862147 -0.016925655
v -0.469061822 0.042324389 -0.012838963
v -0.469061822 0.043379024 -0.008628624
v -0.469061822 0.044015895 -0.004335187
v -0.459807621 0.050000000 0.000000000
v -0.459807621 0.049759236 0.004900857
v -0.459807621 0.049039264 0.009754516
v -0.459807621 0.047847017 0.014514234
v -0.459807621 0.046193977 0.019134172
v -0.459807621 0.044096063 0.023569837
v -0.459807621 0.041573481 0.027778512
v -0.459807621 0.038650523 0.031719664
v -0.459807621 0.035355339 0.035355339
v -0.459807621 0.031719664 0.038650523
v -0.459807621 0.027778512 0.041573481
v -0.459807621 0.023569837 0.044096063
v -0.459807621 0.019134172 0.046193977
v -0.459807621 0.014514234 0.047847017
v -0.459807621 0.009754516 0.049039264
v -0.459807621 0.004900857 0.049759236
v -0.459807621 0.000000000 0.050000000
v -0.459807621 -0.004900857 0.049759236
v -0.459807621 -0.009754516 0.049039264
v -0.459807621 -0.014514234 0.047847017
v -0.459807621 -0.019134172 0.046193977
v -0.459807621 -0.023569837 0.044096063
v -0.459807621 -0.027778512 0.041573481
v -0.459807621 -0.031719664 0.038650523
v -0.459807621 -0.035355339 0.035355339
v -0.459807621 -0.038650523 0.031719664
v -0.459807621 -0.041573481 0.027778512
v -0.459807621 -0.044096063 0.023569837
v -0.459807621 -0.046193977 0.019134172
v -0.459807621 -0.047847017 0.014514234
v -0.459807621 -0.049039264 0.009754516
v -0.459807621 -0.049759236 0.004900857
v -0.459807621 -0.050000000 0.000000000
v -0.459807621 -0.049759236 -0.004900857
v -0.459807621 -0.049039264 -0.009754516
v -0.459807621 -0.047847017 -0.014514234
v -0.459807621 -0.046193977 -0.019134172
v -0.459807621 -0.044096063 -0.023569837
v -0.459807621 -0.041573481 -0.027778512
v -0.459807621 -0.038650523 -0.031719664
v -0.459807621 -0.035355339 -0.035355339
v -0.459807621 -0.031719664 -0.038650523
v -0.459807621 -0.027778512 -0.041573481
v -0.459807621 -0.023569837 -0.044096063
v -0.459807621 -0.019134172 -0.046193977
v -0.459807621 -0.014514234 -0.047847017
v -0.459807621 -0.009754516 -0.049039264
v -0.459807621 -0.004900857 -0.049759236
v -0.459807621 -0.000000000 -0.050000000
v -0.459807621 0.004900857 -0.049759236
v -0.459807621 0.009754516 -0.049039264
v -0.459807621 0.014514234 -0.047847017
v -0.459807621 0.019134172 -0.046193977
v -0.459807621 0.023569837 -0.044096063
v -0.459807621 0.027778512 -0.041573481
v -0.459807621 0.031719664 -0.038650523
v -0.459807621 0.035355339 -0.035355339
v -0.459807621 0.038650523 -0.031719664
v -0.459807621 0.041573481 -0.027778512
v -0.459807621 0.044096063 -0.023569837
v -0.459807621 0.046193977 -0.019134172
v -0.459807621 0.047847017 -0.014514234
v -0.459807621 0.049039264 -0.009754516
v -0.459807621 0.049759236 -0.004900857
v -0.449440884 0.055557023 0.000000000
v -0.449440884 0.055289501 0.005445541
v -0.449440884 0.054489511 0.010838638
v -0.449440884 0.053164757 0.016127353
v -0.449440884 0.051327997 0.021260752
v -0.449440884 0.048996920 0.026189399
v -0.449440884 0.046193977 0.030865828
v -0.449440884 0.042946160 0.035245002
v -0.449440884 0.039284748 0.039284748
v -0.449440884 0.035245002 0.042946160
v -0.449440884 0.030865828 0.046193977
v -0.449440884 0.026189399 0.048996920
v -0.449440884 0.021260752 0.051327997
v -0.449440884 0.016127353 0.053164757
v -0.449440884 0.010838638 0.054489511
v -0.449440884 0.005445541 0.055289501
v -0.449440884 0.000000000 0.055557023
v -0.449440884 -0.005445541 0.055289501
v -0.449440884 -0.010838638 0.054489511
v -0.449440884 -0.016127353 0.053164757
v -0.449440884 -0.021260752 0.051327997
v -0.449440884 -0.026189399 0.048996920
v -0.449440884 -0.030865828 0.046193977
v -0.449440884 -0.035245002 0.042946160
v -0.449440884 -0.039284748 0.039284748
v -0.449440884 -0.042946160 0.035245002
v -0.449440884 -0.046193977 0.030865828
v -0.449440884 -0.048996920 0.026189399
v -0.449440884 -0.051327997 0.021260752
v -0.449440884 -0.053164757 0.016127353
v -0.449440884 -0.054489511 0.010838638
v -0.449440884 -0.055289501 0.005445541
v -0.449440884 -0.055557023 0.000000000
v -0.449440884 -0.055289501 -0.005445541
v -0.449440884 -0.054489511 -0.010838638
v -0.449440884 -0.053164757 -0.016127353
v -0.449440884 -0.051327997 -0.021260752
v -0.449440884 -0.048996920 -0.026189399
v -0.449440884 -0.046193977 -0.030865828
v -0.449440884 -0.042946160 -0.035245002
v -0.449440884 -0.039284748 -0.039284748
v -0.449440884 -0.035245002 -0.042946160
v -0.449440884 -0.030865828 -0.046193977
v -0.449440884 -0.026189399 -0.048996920
v -0.449440884 -0.021260752 -0.051327997
v -0.449440884 -0.016127353 -0.053164757
v -0.449440884 -0.010838638 -0.054489511
v -0.449440884 -0.005445541 -0.055289501
v -0.449440884 -0.000000000 -0.055557023
v -0.449440884 0.005445541 -0.055289501
v -0.449440884 0.010838638 -0.054489511
v -0.449440884 0.016127353 -0.053164757
v -0.449440884 0.021260752 -0.051327997
v -0.449440884 0.026189399 -0.048996920
v -0.449440884 0.030865828 -0.046193977
v -0.449440884 0.035245002 -0.042946160
v -0.449440884 0.039284748 -0.039284748
v -0.449440884 0.042946160 -0.035245002
v -0.449440884 0.046193977 -0.030865828
v -0.449440884 0.048996920 -0.026189399
v -0.449440884 0.051327997 -0.021260752
v -0.449440884 0.053164757 -0.016127353
v -0.449440884 0.054489511 -0.010838638
v -0.449440884 0.055289501 -0.005445541
v -0.438006002 0.060876143 0.000000000
v -0.438006002 0.060583008 0.005966905
v -0.438006002 0.059706425 0.011876346
v -0.438006002 0.058254837 0.017671411
v -0.438006002 0.056242222 0.023296291
v -0.438006002 0.053687965 0.028696815
v -0.438006002 0.050616663 0.033820973
v -0.438006002 0.047057895 0.038619416
v -0.438006002 0.043045933 0.043045933
v -0.438006002 0.038619416 0.047057895
v -0.438006002 0.033820973 0.050616663
v -0.438006002 0.028696815 0.053687965
v -0.438006002 0.023296291 0.056242222
v -0.438006002 0.017671411 0.058254837
v -0.438006002 0.011876346 0.059706425
v -0.438006002 0.005966905 0.060583008
v -0.438006002 0.000000000 0.060876143
v -0.438006002 -0.005966905 0.060583008
v -0.438006002 -0.011876346 0.059706425
v -0.438006002 -0.017671411 0.058254837
v -0.438006002 -0.023296291 0.056242222
v -0.438006002 -0.028696815 0.053687965
v -0.438006002 -0.033820973 0.050616663
v -0.438006002 -0.038619416 0.047057895
v -0.438006002 -0.043045933 0.043045933
v -0.438006002 -0.047057895 0.038619416
v -0.438006002 -0.050616663 0.033820973
v -0.438006002 -0.053687965 0.028696815
v -0.438006002 -0.056242222 0.023296291
v -0.438006002 -0.058254837 0.017671411
v -0.438006002 -0.059706425 0.011876346
v -0.438006002 -0.060583008 0.005966905
v -0.438006002 -0.060876143 0.000000000
v -0.438006002 -0.060583008 -0.005966905
v -0.438006002 -0.059706425 -0.011876346
v -0.438006002 -0.058254837 -0.017671411
v -0.438006002 -0.056242222 -0.023296291
v -0.438006002 -0.053687965 -0.028696815
v -0.438006002 -0.050616663 -0.033820973
v -0.438006002 -0.047057895 -0.038619416
v -0.438006002 -0.043045933 -0.043045933
v -0.438006002 -0.038619416 -0.047057895
v -0.438006002 -0.033820973 -0.050616663
v -0.438006002 -0.028696815 -0.053687965
v -0.438006002 -0.023296291 -0.056242222
v -0.438006002 -0.017671411 -0.058254837
v -0.438006002 -0.011876346 -0.059706425
v -0.438006002 -0.005966905 -0.060583008
v -0.438006002 -0.000000000 -0.060876143
v -0.438006002 0.005966905 -0.060583008
v -0.438006002 0.011876346 -0.059706425
v -0.438006002 0.017671411 -0.058254837
v -0.438006002 0.023296291 -0.056242222
v -0.438006002 0.028696815 -0.053687965
v -0.438006002 0.033820973 -0.050616663
v -0.438006002 0.038619416 -0.047057895
v -0.438006002 0.043045933 -0.043045933
v -0.438006002 0.047057895 -0.038619416
v -0.438006002 0.050616663 -0.033820973
v -0.438006002 0.053687965 -0.028696815
v -0.438006002 0.056242222 -0.023296291
v -0.438006002 0.058254837 -0.017671411
v -0.438006002 0.059706425 -0.011876346
v -0.438006002 0.060583008 -0.005966905
v -0.425551942 0.065934582 0.000000000
v -0.425551942 0.065617088 0.006462719
v -0.425551942 0.064667667 0.012863199
v -0.425551942 0.063095461 0.019139799
v -0.425551942 0.060915610 0.025232072
v -0.425551942 0.058149109 0.031081347
v -0.425551942 0.054822601 0.036631291
v -0.425551942 0.050968121 0.041828456
v -0.425551942 0.046622790 0.046622790
v -0.425551942 0.041828456 0.050968121
v -0.425551942 0.036631291 0.054822601
v -0.425551942 0.031081347 0.058149109
v -0.425551942 0.025232072 0.060915610
v -0.425551942 0.019139799 0.063095461
v -0.425551942 0.012863199 0.064667667
v -0.425551942 0.006462719 0.065617088
v -0.425551942 0.000000000 0.065934582
v -0.425551942 -0.006462719 0.065617088
v -0.425551942 -0.012863199 0.064667667
v -0.425551942 -0.019139799 0.063095461
v -0.425551942 -0.025232072 0.060915610
v -0.425551942 -0.031081347 0.058149109
v -0.425551942 -0.036631291 0.054822601
v -0.425551942 -0.041828456 0.050968121
v -0.425551942 -0.046622790 0.046622790
v -0.425551942 -0.050968121 0.041828456
v -0.425551942 -0.054822601 0.036631291
v -0.425551942 -0.058149109 0.031081347
v -0.425551942 -0.060915610 0.025232072
v -0.425551942 -0.063095461 0.019139799
v -0.425551942 -0.064667667 0.012863199
v -0.425551942 -0.065617088 0.006462719
v -0.425551942 -0.065934582 0.000000000
v -0.425551942 -0.065617088 -0.006462719
v -0.425551942 -0.064667667 -0.012863199
v -0.425551942 -0.063095461 -0.019139799
v -0.425551942 -0.060915610 -0.025232072
v -0.425551942 -0.058149109 -0.031081347
v -0.425551942 -0.054822601 -0.036631291
v -0.425551942 -0.050968121 -0.041828456
v -0.425551942 -0.046622790 -0.046622790
v -0.425551942 -0.041828456 -0.050968121
v -0.425551942 -0.036631291 -0.054822601
v -0.425551942 -0.031081347 -0.058149109
v -0.425551942 -0.025232072 -0.060915610
v -0.425551942 -0.019139799 -0.063095461
v -0.425551942 -0.012863199 -0.064667667
v -0.425551942 -0.006462719 -0.065617088
v -0.425551942 -0.000000000 -0.065934582
v -0.425551942 0.006462719 -0.065617088
v -0.425551942 0.012863199 -0.064667667
v -0.425551942 0.019139799 -0.063095461
v -0.425551942 0.025232072 -0.060915610
v -0.425551942 0.031081347 -0.058149109
v -0.425551942 0.036631291 -0.054822601
v -0.425551942 0.041828456 -0.050968121
v -0.425551942 0.046622790 -0.046622790
v -0.425551942 0.050968121 -0.041828456
v -0.425551942 0.054822601 -0.036631291
v -0.425551942 0.058149109 -0.031081347
v -0.425551942 0.060915610 -0.025232072
v -0.425551942 0.063095461 -0.019139799
v -0.425551942 0.064667667 -0.012863199
v -0.425551942 0.065617088 -0.006462719
v -0.412132034 0.070710678 0.000000000
v -0.412132034 0.070370187 0.006930858
v -0.412132034 0.069351992 0.013794969
v -0.412132034 0.067665900 0.020526226
v -0.412132034 0.065328148 0.027059805
v -0.412132034 0.062361251 0.033332783
v -0.412132034 0.058793780 0.039284748
v -0.412132034 0.054660093 0.044858379
v -0.412132034 0.050000000 0.050000000
v -0.412132034 0.044858379 0.054660093
v -0.412132034 0.039284748 0.058793780
v -0.412132034 0.033332783 0.062361251
v -0.412132034 0.027059805 0.065328148
v -0.412132034 0.020526226 0.067665900
v -0.412132034 0.013794969 0.069351992
v -0.412132034 0.006930858 0.070370187
v -0.412132034 0.000000000 0.070710678
v -0.412132034 -0.006930858 0.070370187
v -0.412132034 -0.013794969 0.069351992
v -0.412132034 -0.020526226 0.067665900
v -0.412132034 -0.027059805 0.065328148
v -0.412132034 -0.033332783 0.062361251
v -0.412132034 -0.039284748 0.058793780
v -0.412132034 -0.044858379 0.054660093
v -0.412132034 -0.050000000 0.050000000
v -0.412132034 -0.054660093 0.044858379
v -0.412132034 -0.058793780 0.039284748
v -0.412132034 -0.062361251 0.033332783
v -0.412132034 -0.065328148 0.027059805
v -0.412132034 -0.067665900 0.020526226
v -0.412132034 -0.069351992 0.013794969
v -0.412132034 -0.070370187 0.006930858
v -0.412132034 -0.070710678 0.000000000
v -0.412132034 -0.070370187 -0.006930858
v -0.412132034 -0.069351992 -0.013794969
v -0.412132034 -0.067665900 -0.020526226
v -0.412132034 -0.065328148 -0.027059805
v -0.412132034 -0.062361251 -0.033332783
v -0.412132034 -0.058793780 -0.039284748
v -0.412132034 -0.054660093 -0.044858379
v -0.412132034 -0.050000000 -0.050000000
v -0.412132034 -0.044858379 -0.054660093
v -0.412132034 -0.039284748 -0.058793780
v -0.412132034 -0.033332783 -0.062361251
v -0.412132034 -0.027059805 -0.065328148
v -0.412132034 -0.020526226 -0.067665900
v -0.412132034 -0.013794969 -0.069351992
v -0.412132034 -0.006930858 -0.070370187
v -0.412132034 -0.000000000 -0.070710678
v -0.412132034 0.006930858 -0.070370187
v -0.412132034 0.013794969 -0.069351992
v -0.412132034 0.020526226 -0.067665900
v -0.412132034 0.027059805 -0.065328148
v -0.412132034 0.033332783 -0.062361251
v -0.412132034 0.039284748 -0.058793780
v -0.412132034 0.044858379 -0.054660093
v -0.412132034 0.050000000 -0.050000000
v -0.412132034 0.054660093 -0.044858379
v -0.412132034 0.058793780 -0.039284748
v -0.412132034 0.062361251 -0.033332783
v -0.412132034 0.065328148 -0.027059805
v -0.412132034 0.067665900 -0.020526226
v -0.412132034 0.069351992 -0.013794969
v -0.412132034 0.070370187 -0.006930858
v -0.397803745 0.075183981 0.000000000
v -0.397803745 0.074821949 0.007369319
v -0.397803745 0.073739342 0.014667667
v -0.397803745 0.071946584 0.021824758
v -0.397803745 0.069460941 0.028771664
v -0.397803745 0.066306351 0.035441483
v -0.397803745 0.062513195 0.041769982
v -0.397803745 0.058118003 0.047696212
v -0.397803745 0.053163103 0.053163103
v -0.397803745 0.047696212 0.058118003
v -0.397803745 0.041769982 0.062513195
v -0.397803745 0.035441483 0.066306351
v -0.397803745 0.028771664 0.069460941
v -0.397803745 0.021824758 0.071946584
v -0.397803745 0.014667667 0.073739342
v -0.397803745 0.007369319 0.074821949
v -0.397803745 0.000000000 0.075183981
v -0.397803745 -0.007369319 0.074821949
v -0.397803745 -0.014667667 0.073739342
v -0.397803745 -0.021824758 0.071946584
v -0.397803745 -0.028771664 0.069460941
v -0.397803745 -0.035441483 0.066306351
v -0.397803745 -0.041769982 0.062513195
v -0.397803745 -0.047696212 0.058118003
v -0.397803745 -0.053163103 0.053163103
v -0.397803745 -0.058118003 0.047696212
v -0.397803745 -0.062513195 0.041769982
v -0.397803745 -0.066306351 0.035441483
v -0.397803745 -0.069460941 0.028771664
v -0.397803745 -0.071946584 0.021824758
v -0.397803745 -0.073739342 0.014667667
v -0.397803745 -0.074821949 0.007369319
v -0.397803745 -0.075183981 0.000000000
v -0.397803745 -0.074821949 -0.007369319
v -0.397803745 -0.073739342 -0.014667667
v -0.397803745 -0.071946584 -0.021824758
v -0.397803745 -0.069460941 -0.028771664
v -0.397803745 -0.066306351 -0.035441483
v -0.397803745 -0.062513195 -0.041769982
v -0.397803745 -0.058118003 -0.047696212
v -0.397803745 -0.053163103 -0.053163103
v -0.397803745 -0.047696212 -0.058118003
v -0.397803745 -0.041769982 -0.062513195
v -0.397803745 -0.035441483 -0.066306351
v -0.397803745 -0.028771664 -0.069460941
v -0.397803745 -0.021824758 -0.071946584
v -0.397803745 -0.014667667 -0.073739342
v -0.397803745 -0.007369319 -0.074821949
v -0.397803745 -0.000000000 -0.075183981
v -0.397803745 0.007369319 -0.074821949
v -0.397803745 0.014667667 -0.073739342
v -0.397803745 0.021824758 -0.071946584
v -0.397803745 0.028771664 -0.069460941
v -0.397803745 0.035441483 -0.066306351
v -0.397803745 0.041769982 -0.062513195
v -0.397803745 0.047696212 -0.058118003
v -0.397803745 0.053163103 -0.053163103
v -0.397803745 0.058118003 -0.047696212
v -0.397803745 0.062513195 -0.041769982
v -0.397803745 0.066306351 -0.035441483
v -0.397803745 0.069460941 -0.028771664
v -0.397803745 0.071946584 -0.021824758
v -0.397803745 0.073739342 -0.014667667
v -0.397803745 0.074821949 -0.007369319
v -0.382628429 0.079335334 0.000000000
v -0.382628429 0.078953313 0.007776223
v -0.382628429 0.077810928 0.015477556
v -0.382628429 0.075919181 0.023029832
v -0.382628429 0.073296291 0.030360318
v -0.382628429 0.069967518 0.037398418
v -0.382628429 0.065964919 0.044076350
v -0.382628429 0.061327043 0.050329803
v -0.382628429 0.056098553 0.056098553
v -0.382628429 0.050329803 0.061327043
v -0.382628429 0.044076350 0.065964919
v -0.382628429 0.037398418 0.069967518
v -0.382628429 0.030360318 0.073296291
v -0.382628429 0.023029832 0.075919181
v -0.382628429 0.015477556 0.077810928
v -0.382628429 0.007776223 0.078953313
v -0.382628429 0.000000000 0.079335334
v -0.382628429 -0.007776223 0.078953313
v -0.382628429 -0.015477556 0.077810928
v -0.382628429 -0.023029832 0.075919181
v -0.382628429 -0.030360318 0.073296291
v -0.382628429 -0.037398418 0.069967518
v -0.382628429 -0.044076350 0.065964919
v -0.382628429 -0.050329803 0.061327043
v -0.382628429 -0.056098553 0.056098553
v -0.382628429 -0.061327043 0.050329803
v -0.382628429 -0.065964919 0.044076350
v -0.382628429 -0.069967518 0.037398418
v -0.382628429 -0.073296291 0.030360318
v -0.382628429 -0.075919181 0.023029832
v -0.382628429 -0.077810928 0.015477556
v -0.382628429 -0.078953313 0.007776223
v -0.382628429 -0.079335334 0.000000000
v -0.382628429 -0.078953313 -0.007776223
v -0.382628429 -0.077810928 -0.015477556
v -0.382628429 -0.075919181 -0.023029832
v -0.382628429 -0.073296291 -0.030360318
v -0.382628429 -0.069967518 -0.037398418
v -0.382628429 -0.065964919 -0.044076350
v -0.382628429 -0.061327043 -0.050329803
v -0.382628429 -0.056098553 -0.056098553
v -0.382628429 -0.050329803 -0.061327043
v -0.382628429 -0.044076350 -0.065964919
v -0.382628429 -0.037398418 -0.069967518
v -0.382628429 -0.030360318 -0.073296291
v -0.382628429 -0.023029832 -0.075919181
v -0.382628429 -0.015477556 -0.077810928
v -0.382628429 -0.007776223 -0.078953313
v -0.382628429 -0.000000000 -0.079335334
v -0.382628429 0.007776223 -0.078953313
v -0.382628429 0.015477556 -0.077810928
v -0.382628429 0.023029832 -0.075919181
v -0.382628429 0.030360318 -0.073296291
v -0.382628429 0.037398418 -0.069967518
v -0.382628429 0.044076350 -0.065964919
v -0.382628429 0.050329803 -0.061327043
v -0.382628429 0.056098553 -0.056098553
v -0.382628429 0.061327043 -0.050329803
v -0.382628429 0.065964919 -0.044076350
v -0.382628429 0.069967518 -0.037398418
v -0.382628429 0.073296291 -0.030360318
v -0.382628429 0.075919181 -0.023029832
v -0.382628429 0.077810928 -0.015477556
v -0.382628429 0.078953313 -0.007776223
v -0.366671070 0.083146961 0.000000000
v -0.366671070 0.082746586 0.008149827
v -0.366671070 0.081549316 0.016221167
v -0.366671070 0.079566681 0.024136289
v -0.366671070 0.076817776 0.031818965
v -0.366671070 0.073329073 0.039195206
v -0.366671070 0.069134172 0.046193977
v -0.366671070 0.064273470 0.052747874
v -0.366671070 0.058793780 0.058793780
v -0.366671070 0.052747874 0.064273470
v -0.366671070 0.046193977 0.069134172
v -0.366671070 0.039195206 0.073329073
v -0.366671070 0.031818965 0.076817776
v -0.366671070 0.024136289 0.079566681
v -0.366671070 0.016221167 0.081549316
v -0.366671070 0.008149827 0.082746586
v -0.366671070 0.000000000 0.083146961
v -0.366671070 -0.008149827 0.082746586
v -0.366671070 -0.016221167 0.081549316
v -0.366671070 -0.024136289 0.079566681
v -0.366671070 -0.031818965 0.076817776
v -0.366671070 -0.039195206 0.073329073
v -0.366671070 -0.046193977 0.069134172
v -0.366671070 -0.052747874 0.064273470
v -0.366671070 -0.058793780 0.058793780
v -0.366671070 -0.064273470 0.052747874
v -0.366671070 -0.069134172 0.046193977
v -0.366671070 -0.073329073 0.039195206
v -0.366671070 -0.076817776 0.031818965
v -0.366671070 -0.079566681 0.024136289
v -0.366671070 -0.081549316 0.016221167
v -0.366671070 -0.082746586 0.008149827
v -0.366671070 -0.083146961 0.000000000
v -0.366671070 -0.082746586 -0.008149827
v -0.366671070 -0.081549316 -0.016221167
v -0.366671070 -0.079566681 -0.024136289
v -0.366671070 -0.076817776 -0.031818965
v -0.366671070 -0.073329073 -0.039195206
v -0.366671070 -0.069134172 -0.046193977
v -0.366671070 -0.064273470 -0.052747874
v -0.366671070 -0.058793780 -0.058793780
v -0.366671070 -0.052747874 -0.064273470
v -0.366671070 -0.046193977 -0.069134172
v -0.366671070 -0.039195206 -0.073329073
v -0.366671070 -0.031818965 -0.076817776
v -0.366671070 -0.024136289 -0.079566681
v -0.366671070 -0.016221167 -0.081549316
v -0.366671070 -0.008149827 -0.082746586
v -0.366671070 -0.000000000 -0.083146961
v -0.366671070 0.008149827 -0.082746586
v -0.366671070 0.016221167 -0.081549316
v -0.366671070 0.024136289 -0.079566681
v -0.366671070 0.031818965 -0.076817776
v -0.366671070 0.039195206 -0.073329073
v -0.366671070 0.046193977 -0.069134172
v -0.366671070 0.052747874 -0.064273470
v -0.366671070 0.058793780 -0.058793780
v -0.366671070 0.064273470 -0.052747874
v -0.366671070 0.069134172 -0.046193977
v -0.366671070 0.073329073 -0.039195206
v -0.366671070 0.076817776 -0.031818965
v -0.366671070 0.079566681 -0.024136289
v -0.366671070 0.081549316 -0.016221167
v -0.366671070 0.082746586 -0.008149827
v -0.350000000 0.086602540 0.000000000
v -0.350000000 0.086185525 0.008488533
v -0.350000000 0.084938497 0.016895317
v -0.350000000 0.082873464 0.025139390
v -0.350000000 0.080010315 0.033141357
v -0.350000000 0.076376622 0.040824155
v -0.350000000 0.072007381 0.048113794
v -0.350000000 0.066944669 0.054940070
v -0.350000000 0.061237244 0.061237244
v -0.350000000 0.054940070 0.066944669
v -0.350000000 0.048113794 0.072007381
v -0.350000000 0.040824155 0.076376622
v -0.350000000 0.033141357 0.080010315
v -0.350000000 0.025139390 0.082873464
v -0.350000000 0.016895317 0.084938497
v -0.350000000 0.008488533 0.086185525
v -0.350000000 0.000000000 0.086602540
v -0.350000000 -0.008488533 0.086185525
v -0.350000000 -0.016895317 0.084938497
v -0.350000000 -0.025139390 0.082873464
v -0.350000000 -0.033141357 0.080010315
v -0.350000000 -0.040824155 0.076376622
v -0.350000000 -0.048113794 0.072007381
v -0.350000000 -0.054940070 0.066944669
v -0.350000000 -0.061237244 0.061237244
v -0.350000000 -0.066944669 0.054940070
v -0.350000000 -0.072007381 0.048113794
v -0.350000000 -0.076376622 0.040824155
v -0.350000000 -0.080010315 0.033141357
v -0.350000000 -0.082873464 0.025139390
v -0.350000000 -0.084938497 0.016895317
v -0.350000000 -0.086185525 0.008488533
v -0.350000000 -0.086602540 0.000000000
v -0.350000000 -0.086185525 -0.008488533
v -0.350000000 -0.084938497 -0.016895317
v -0.350000000 -0.082873464 -0.025139390
v -0.350000000 -0.080010315 -0.033141357
v -0.350000000 -0.076376622 -0.040824155
v -0.350000000 -0.072007381 -0.048113794
v -0.350000000 -0.066944669 -0.054940070
v -0.350000000 -0.061237244 -0.061237244
v -0.350000000 -0.054940070 -0.066944669
v -0.350000000 -0.048113794 -0.072007381
v -0.350000000 -0.040824155 -0.076376622
v -0.350000000 -0.033141357 -0.080010315
v -0.350000000 -0.025139390 -0.082873464
v -0.350000000 -0.016895317 -0.084938497
v -0.350000000 -0.008488533 -0.086185525
v -0.350000000 -0.000000000 -0.086602540
v -0.350000000 0.008488533 -0.086185525
v -0.350000000 0.016895317 -0.084938497
v -0.350000000 0.025139390 -0.082873464
v -0.350000000 0.033141357 -0.080010315
v -0.350000000 0.040824155 -0.076376622
v -0.350000000 0.048113794 -0.072007381
v -0.350000000 0.054940070 -0.066944669
v -0.350000000 0.061237244 -0.061237244
v -0.350000000 0.066944669 -0.054940070
v -0.350000000 0.072007381 -0.048113794
v -0.350000000 0.076376622 -0.040824155
v -0.350000000 0.080010315 -0.033141357
v -0.350000000 0.082873464 -0.025139390
v -0.350000000 0.084938497 -0.016895317
v -0.350000000 0.086185525 -0.008488533
v -0.332686607 0.089687274 0.000000000
v -0.332686607 0.089255405 0.008790890
v -0.332686607 0.087963958 0.017497119
v -0.332686607 0.085825370 0.026034841
v -0.332686607 0.082860237 0.034321834
v -0.332686607 0.079097114 0.042278288
v -0.332686607 0.074572243 0.049827580
v -0.332686607 0.069329200 0.056897004
v -0.332686607 0.063418480 0.063418480
v -0.332686607 0.056897004 0.069329200
v -0.332686607 0.049827580 0.074572243
v -0.332686607 0.042278288 0.079097114
v -0.332686607 0.034321834 0.082860237
v -0.332686607 0.026034841 0.085825370
v -0.332686607 0.017497119 0.087963958
v -0.332686607 0.008790890 0.089255405
v -0.332686607 0.000000000 0.089687274
v -0.332686607 -0.008790890 0.089255405
v -0.332686607 -0.017497119 0.087963958
v -0.332686607 -0.026034841 0.085825370
v -0.332686607 -0.034321834 0.082860237
v -0.332686607 -0.042278288 0.079097114
v -0.332686607 -0.049827580 0.074572243
v -0.332686607 -0.056897004 0.069329200
v -0.332686607 -0.063418480 0.063418480
v -0.332686607 -0.069329200 0.056897004
v -0.332686607 -0.074572243 0.049827580
v -0.332686607 -0.079097114 0.042278288
v -0.332686607 -0.082860237 0.034321834
v -0.332686607 -0.085825370 0.026034841
v -0.332686607 -0.087963958 0.017497119
v -0.332686607 -0.089255405 0.008790890
v -0.332686607 -0.089687274 0.000000000
v -0.332686607 -0.089255405 -0.008790890
v -0.332686607 -0.087963958 -0.017497119
v -0.332686607 -0.085825370 -0.026034841
v -0.332686607 -0.082860237 -0.034321834
v -0.332686607 -0.079097114 -0.042278288
v -0.332686607 -0.074572243 -0.049827580
v -0.332686607 -0.069329200 -0.056897004
v -0.332686607 -0.063418480 -0.063418480
v -0.332686607 -0.056897004 -0.069329200
v -0.332686607 -0.049827580 -0.074572243
v -0.332686607 -0.042278288 -0.079097114
v -0.332686607 -0.034321834 -0.082860237
v -0.332686607 -0.026034841 -0.085825370
v -0.332686607 -0.017497119 -0.087963958
v -0.332686607 -0.008790890 -0.089255405
v -0.332686607 -0.000000000 -0.089687274
v -0.332686607 0.008790890 -0.089255405
v -0.332686607 0.017497119 -0.087963958
v -0.332686607 0.026034841 -0.085825370
v -0.332686607 0.034321834 -0.082860237
v -0.332686607 0.042278288 -0.079097114
v -0.332686607 0.049827580 -0.074572243
v -0.332686607 0.056897004 -0.069329200
v -0.332686607 0.063418480 -0.063418480
v -0.332686607 0.069329200 -0.056897004
v -0.332686607 0.074572243 -0.049827580
v -0.332686607 0.079097114 -0.042278288
v -0.332686607 0.082860237 -0.034321834
v -0.332686607 0.085825370 -0.026034841
v -0.332686607 0.087963958 -0.017497119
v -0.332686607 0.089255405 -0.008790890
v -0.314805030 0.092387953 0.000000000
v -0.314805030 0.091943080 0.009055603
v -0.314805030 0.090612745 0.018023996
v -0.314805030 0.088409759 0.026818807
v -0.314805030 0.085355339 0.035355339
v -0.314805030 0.081478901 0.043551380
v -0.314805030 0.076817776 0.051327997
v -0.314805030 0.071416854 0.058610297
v -0.314805030 0.065328148 0.065328148
v -0.314805030 0.058610297 0.071416854
v -0.314805030 0.051327997 0.076817776
v -0.314805030 0.043551380 0.081478901
v -0.314805030 0.035355339 0.085355339
v -0.314805030 0.026818807 0.088409759
v -0.314805030 0.018023996 0.090612745
v -0.314805030 0.009055603 0.091943080
v -0.314805030 0.000000000 0.092387953
v -0.314805030 -0.009055603 0.091943080
v -0.314805030 -0.018023996 0.090612745
v -0.314805030 -0.026818807 0.088409759
v -0.314805030 -0.035355339 0.085355339
v -0.314805030 -0.043551380 0.081478901
v -0.314805030 -0.051327997 0.076817776
v -0.314805030 -0.058610297 0.071416854
v -0.314805030 -0.065328148 0.065328148
v -0.314805030 -0.071416854 0.058610297
v -0.314805030 -0.076817776 0.051327997
v -0.314805030 -0.081478901 0.043551380
v -0.314805030 -0.085355339 0.035355339
v -0.314805030 -0.088409759 0.026818807
v -0.314805030 -0.090612745 0.018023996
v -0.314805030 -0.091943080 0.009055603
v -0.314805030 -0.092387953 0.000000000
v -0.314805030 -0.091943080 -0.009055603
v -0.314805030 -0.090612745 -0.018023996
v -0.314805030 -0.088409759 -0.026818807
v -0.314805030 -0.085355339 -0.035355339
v -0.314805030 -0.081478901 -0.043551380
v -0.314805030 -0.076817776 -0.051327997
v -0.314805030 -0.071416854 -0.058610297
v -0.314805030 -0.065328148 -0.065328148
v -0.314805030 -0.058610297 -0.071416854
v -0.314805030 -0.051327997 -0.076817776
v -0.314805030 -0.043551380 -0.081478901
v -0.314805030 -0.035355339 -0.085355339
v -0.314805030 -0.026818807 -0.088409759
v -0.314805030 -0.018023996 -0.090612745
v -0.314805030 -0.009055603 -0.091943080
v -0.314805030 -0.000000000 -0.092387953
v -0.314805030 0.009055603 -0.091943080
v -0.314805030 0.018023996 -0.090612745
v -0.314805030 0.026818807 -0.088409759
v -0.314805030 0.035355339 -0.085355339
v -0.314805030 0.043551380 -0.081478901
v -0.314805030 0.051327997 -0.076817776
v -0.314805030 0.058610297 -0.071416854
v -0.314805030 0.065328148 -0.065328148
v -0.314805030 0.071416854 -0.058610297
v -0.314805030 0.076817776 -0.051327997
v -0.314805030 0.081478901 -0.043551380
v -0.314805030 0.085355339 -0.035355339
v -0.314805030 0.088409759 -0.026818807
v -0.314805030 0.090612745 -0.018023996
v -0.314805030 0.091943080 -0.009055603
v -0.296431840 0.094693013 0.000000000
v -0.296431840 0.094237040 0.009281538
v -0.296431840 0.092873513 0.018473690
v -0.296431840 0.090615564 0.027487931
v -0.296431840 0.087484937 0.036237447
v -0.296431840 0.083511782 0.044637977
v -0.296431840 0.078734363 0.052608619
v -0.296431840 0.073198689 0.060072611
v -0.296431840 0.066958072 0.066958072
v -0.296431840 0.060072611 0.073198689
v -0.296431840 0.052608619 0.078734363
v -0.296431840 0.044637977 0.083511782
v -0.296431840 0.036237447 0.087484937
v -0.296431840 0.027487931 0.090615564
v -0.296431840 0.018473690 0.092873513
v -0.296431840 0.009281538 0.094237040
v -0.296431840 0.000000000 0.094693013
v -0.296431840 -0.009281538 0.094237040
v -0.296431840 -0.018473690 0.092873513
v -0.296431840 -0.027487931 0.090615564
v -0.296431840 -0.036237447 0.087484937
v -0.296431840 -0.044637977 0.083511782
v -0.296431840 -0.052608619 0.078734363
v -0.296431840 -0.060072611 0.073198689
v -0.296431840 -0.066958072 0.066958072
v -0.296431840 -0.073198689 0.060072611
v -0.296431840 -0.078734363 0.052608619
v -0.296431840 -0.083511782 0.044637977
v -0.296431840 -0.087484937 0.036237447
v -0.296431840 -0.090615564 0.027487931
v -0.296431840 -0.092873513 0.018473690
v -0.296431840 -0.094237040 0.009281538
v -0.296431840 -0.094693013 0.000000000
v -0.296431840 -0.094237040 -0.009281538
v -0.296431840 -0.092873513 -0.018473690
v -0.296431840 -0.090615564 -0.027487931
v -0.296431840 -0.087484937 -0.036237447
v -0.296431840 -0.083511782 -0.044637977
v -0.296431840 -0.078734363 -0.052608619
v -0.296431840 -0.073198689 -0.060072611
v -0.296431840 -0.066958072 -0.066958072
v -0.296431840 -0.060072611 -0.073198689
v -0.296431840 -0.052608619 -0.078734363
v -0.296431840 -0.044637977 -0.083511782
v -0.296431840 -0.036237447 -0.087484937
v -0.296431840 -0.027487931 -0.090615564
v -0.296431840 -0.018473690 -0.092873513
v -0.296431840 -0.009281538 -0.094237040
v -0.296431840 -0.000000000 -0.094693013
v -0.296431840 0.009281538 -0.094237040
v -0.296431840 0.018473690 -0.092873513
v -0.296431840 0.027487931 -0.090615564
v -0.296431840 0.036237447 -0.087484937
v -0.296431840 0.044637977 -0.083511782
v -0.296431840 0.052608619 -0.078734363
v -0.296431840 0.060072611 -0.073198689
v -0.296431840 0.066958072 -0.066958072
v -0.296431840 0.073198689 -0.060072611
v -0.296431840 0.078734363 -0.052608619
v -0.296431840 0.083511782 -0.044637977
v -0.296431840 0.087484937 -0.036237447
v -0.296431840 0.090615564 -0.027487931
v -0.296431840 0.092873513 -0.018473690
v -0.296431840 0.094237040 -0.009281538
v -0.277645714 0.096592583 0.000000000
v -0.277645714 0.096127463 0.009467729
v -0.277645714 0.094736583 0.018844278
v -0.277645714 0.092433338 0.028039347
v -0.277645714 0.089239910 0.036964381
v -0.277645714 0.085187053 0.045533428
v -0.277645714 0.080313797 0.053663964
v -0.277645714 0.074667076 0.061277686
v -0.277645714 0.068301270 0.068301270
v -0.277645714 0.061277686 0.074667076
v -0.277645714 0.053663964 0.080313797
v -0.277645714 0.045533428 0.085187053
v -0.277645714 0.036964381 0.089239910
v -0.277645714 0.028039347 0.092433338
v -0.277645714 0.018844278 0.094736583
v -0.277645714 0.009467729 0.096127463
v -0.277645714 0.000000000 0.096592583
v -0.277645714 -0.009467729 0.096127463
v -0.277645714 -0.018844278 0.094736583
v -0.277645714 -0.028039347 0.092433338
v -0.277645714 -0.036964381 0.089239910
v -0.277645714 -0.045533428 0.085187053
v -0.277645714 -0.053663964 0.080313797
v -0.277645714 -0.061277686 0.074667076
v -0.277645714 -0.068301270 0.068301270
v -0.277645714 -0.074667076 0.061277686
v -0.277645714 -0.080313797 0.053663964
v -0.277645714 -0.085187053 0.045533428
v -0.277645714 -0.089239910 0.036964381
v -0.277645714 -0.092433338 0.028039347
v -0.277645714 -0.094736583 0.018844278
v -0.277645714 -0.096127463 0.009467729
v -0.277645714 -0.096592583 0.000000000
v -0.277645714 -0.096127463 -0.009467729
v -0.277645714 -0.094736583 -0.018844278
v -0.277645714 -0.092433338 -0.028039347
v -0.277645714 -0.089239910 -0.036964381
v -0.277645714 -0.085187053 -0.045533428
v -0.277645714 -0.080313797 -0.053663964
v -0.277645714 -0.074667076 -0.061277686
v -0.277645714 -0.068301270 -0.068301270
v -0.277645714 -0.061277686 -0.074667076
v -0.277645714 -0.053663964 -0.080313797
v -0.277645714 -0.045533428 -0.085187053
v -0.277645714 -0.036964381 -0.089239910
v -0.277645714 -0.028039347 -0.092433338
v -0.277645714 -0.018844278 -0.094736583
v -0.277645714 -0.009467729 -0.096127463
v -0.277645714 -0.000000000 -0.096592583
v -0.277645714 0.009467729 -0.096127463
v -0.277645714 0.018844278 -0.094736583
v -0.277645714 0.028039347 -0.092433338
v -0.277645714 0.036964381 -0.089239910
v -0.277645714 0.045533428 -0.085187053
v -0.277645714 0.053663964 -0.080313797
v -0.277645714 0.061277686 -0.074667076
v -0.277645714 0.068301270 -0.068301270
v -0.277645714 0.074667076 -0.061277686
v -0.277645714 0.080313797 -0.053663964
v -0.277645714 0.085187053 -0.045533428
v -0.277645714 0.089239910 -0.036964381
v -0.277645714 0.092433338 -0.028039347
v -0.277645714 0.094736583 -0.018844278
v -0.277645714 0.096127463 -0.009467729
v -0.258527097 0.098078528 0.000000000
v -0.258527097 0.097606253 0.009613377
v -0.258527097 0.096193977 0.019134172
v -0.258527097 0.093855300 0.028470694
v -0.258527097 0.090612745 0.037533028
v -0.258527097 0.086497539 0.046233898
v -0.258527097 0.081549316 0.054489511
v -0.258527097 0.075815727 0.062220360
v -0.258527097 0.069351992 0.069351992
v -0.258527097 0.062220360 0.075815727
v -0.258527097 0.054489511 0.081549316
v -0.258527097 0.046233898 0.086497539
v -0.258527097 0.037533028 0.090612745
v -0.258527097 0.028470694 0.093855300
v -0.258527097 0.019134172 0.096193977
v -0.258527097 0.009613377 0.097606253
v -0.258527097 0.000000000 0.098078528
v -0.258527097 -0.009613377 0.097606253
v -0.258527097 -0.019134172 0.096193977
v -0.258527097 -0.028470694 0.093855300
v -0.258527097 -0.037533028 0.090612745
v -0.258527097 -0.046233898 0.086497539
v -0.258527097 -0.054489511 0.081549316
v -0.258527097 -0.062220360 0.075815727
v -0.258527097 -0.069351992 0.069351992
v -0.258527097 -0.075815727 0.062220360
v -0.258527097 -0.081549316 0.054489511
v -0.258527097 -0.086497539 0.046233898
v -0.258527097 -0.090612745 0.037533028
v -0.258527097 -0.093855300 0.028470694
v -0.258527097 -0.096193977 0.019134172
v -0.258527097 -0.097606253 0.009613377
v -0.258527097 -0.098078528 0.000000000
v -0.258527097 -0.097606253 -0.009613377
v -0.258527097 -0.096193977 -0.019134172
v -0.258527097 -0.093855300 -0.028470694
v -0.258527097 -0.090612745 -0.037533028
v -0.258527097 -0.086497539 -0.046233898
v -0.258527097 -0.081549316 -0.054489511
v -0.258527097 -0.075815727 -0.062220360
v -0.258527097 -0.069351992 -0.069351992
v -0.258527097 -0.062220360 -0.075815727
v -0.258527097 -0.054489511 -0.081549316
v -0.258527097 -0.046233898 -0.086497539
v -0.258527097 -0.037533028 -0.090612745
v -0.258527097 -0.028470694 -0.093855300
v -0.258527097 -0.019134172 -0.096193977
v -0.258527097 -0.009613377 -0.097606253
v -0.258527097 -0.000000000 -0.098078528
v -0.258527097 0.009613377 -0.097606253
v -0.258527097 0.019134172 -0.096193977
v -0.258527097 0.028470694 -0.093855300
v -0.258527097 0.037533028 -0.090612745
v -0.258527097 0.046233898 -0.086497539
v -0.258527097 0.054489511 -0.081549316
v -0.258527097 0.062220360 -0.075815727
v -0.258527097 0.069351992 -0.069351992
v -0.258527097 0.075815727 -0.062220360
v -0.258527097 0.081549316 -0.054489511
v -0.258527097 0.086497539 -0.046233898
v -0.258527097 0.090612745 -0.037533028
v -0.258527097 0.093855300 -0.028470694
v -0.258527097 0.096193977 -0.019134172
v -0.258527097 0.097606253 -0.009613377
v -0.239157858 0.099144486 0.000000000
v -0.239157858 0.098667078 0.009717859
v -0.239157858 0.097239453 0.019342130
v -0.239157858 0.094875358 0.028780125
v -0.239157858 0.091597562 0.037940952
v -0.239157858 0.087437631 0.046736387
v -0.239157858 0.082435627 0.055081725
v -0.239157858 0.076639724 0.062896596
v -0.239157858 0.070105738 0.070105738
v -0.239157858 0.062896596 0.076639724
v -0.239157858 0.055081725 0.082435627
v -0.239157858 0.046736387 0.087437631
v -0.239157858 0.037940952 0.091597562
v -0.239157858 0.028780125 0.094875358
v -0.239157858 0.019342130 0.097239453
v -0.239157858 0.009717859 0.098667078
v -0.239157858 0.000000000 0.099144486
v -0.239157858 -0.009717859 0.098667078
v -0.239157858 -0.019342130 0.097239453
v -0.239157858 -0.028780125 0.094875358
v -0.239157858 -0.037940952 0.091597562
v -0.239157858 -0.046736387 0.087437631
v -0.239157858 -0.055081725 0.082435627
v -0.239157858 -0.062896596 0.076639724
v -0.239157858 -0.070105738 0.070105738
v -0.239157858 -0.076639724 0.062896596
v -0.239157858 -0.082435627 0.055081725
v -0.239157858 -0.087437631 0.046736387
v -0.239157858 -0.091597562 0.037940952
v -0.239157858 -0.094875358 0.028780125
v -0.239157858 -0.097239453 0.019342130
v -0.239157858 -0.098667078 0.009717859
v -0.239157858 -0.099144486 0.000000000
v -0.239157858 -0.098667078 -0.009717859
v -0.239157858 -0.097239453 -0.019342130
v -0.239157858 -0.094875358 -0.028780125
v -0.239157858 -0.091597562 -0.037940952
v -0.239157858 -0.087437631 -0.046736387
v -0.239157858 -0.082435627 -0.055081725
v -0.239157858 -0.076639724 -0.062896596
v -0.239157858 -0.070105738 -0.070105738
v -0.239157858 -0.062896596 -0.076639724
v -0.239157858 -0.055081725 -0.082435627
v -0.239157858 -0.046736387 -0.087437631
v -0.239157858 -0.037940952 -0.091597562
v -0.239157858 -0.028780125 -0.094875358
v -0.239157858 -0.019342130 -0.097239453
v -0.239157858 -0.009717859 -0.098667078
v -0.239157858 -0.000000000 -0.099144486
v -0.239157858 0.009717859 -0.098667078
v -0.239157858 0.019342130 -0.097239453
v -0.239157858 0.028780125 -0.094875358
v -0.239157858 0.037940952 -0.091597562
v -0.239157858 0.046736387 -0.087437631
v -0.239157858 0.055081725 -0.082435627
v -0.239157858 0.062896596 -0.076639724
v -0.239157858 0.070105738 -0.070105738
v -0.239157858 0.076639724 -0.062896596
v -0.239157858 0.082435627 -0.055081725
v -0.239157858 0.087437631 -0.046736387
v -0.239157858 0.091597562 -0.037940952
v -0.239157858 0.094875358 -0.028780125
v -0.239157858 0.097239453 -0.019342130
v -0.239157858 0.098667078 -0.009717859
v -0.219620939 0.099785892 0.000000000
v -0.219620939 0.099305396 0.009780728
v -0.219620939 0.097868534 0.019467262
v -0.219620939 0.095489145 0.028966316
v -0.219620939 0.092190144 0.038186408
v -0.219620939 0.088003300 0.047038744
v -0.219620939 0.082968937 0.055438071
v -0.219620939 0.077135538 0.063303500
v -0.219620939 0.070559281 0.070559281
v -0.219620939 0.063303500 0.077135538
v -0.219620939 0.055438071 0.082968937
v -0.219620939 0.047038744 0.088003300
v -0.219620939 0.038186408 0.092190144
v -0.219620939 0.028966316 0.095489145
v -0.219620939 0.019467262 0.097868534
v -0.219620939 0.009780728 0.099305396
v -0.219620939 0.000000000 0.099785892
v -0.219620939 -0.009780728 0.099305396
v -0.219620939 -0.019467262 0.097868534
v -0.219620939 -0.028966316 0.095489145
v -0.219620939 -0.038186408 0.092190144
v -0.219620939 -0.047038744 0.088003300
v -0.219620939 -0.055438071 0.082968937
v -0.219620939 -0.063303500 0.077135538
v -0.219620939 -0.070559281 0.070559281
v -0.219620939 -0.077135538 0.063303500
v -0.219620939 -0.082968937 0.055438071
v -0.219620939 -0.088003300 0.047038744
v -0.219620939 -0.092190144 0.038186408
v -0.219620939 -0.095489145 0.028966316
v -0.219620939 -0.097868534 0.019467262
v -0.219620939 -0.099305396 0.009780728
v -0.219620939 -0.099785892 0.000000000
v -0.219620939 -0.099305396 -0.009780728
v -0.219620939 -0.097868534 -0.019467262
v -0.219620939 -0.095489145 -0.028966316
v -0.219620939 -0.092190144 -0.038186408
v -0.219620939 -0.088003300 -0.047038744
v -0.219620939 -0.082968937 -0.055438071
v -0.219620939 -0.077135538 -0.063303500
v -0.219620939 -0.070559281 -0.070559281
v -0.219620939 -0.063303500 -0.077135538
v -0.219620939 -0.055438071 -0.082968937
v -0.219620939 -0.047038744 -0.088003300
v -0.219620939 -0.038186408 -0.092190144
v -0.219620939 -0.028966316 -0.095489145
v -0.219620939 -0.019467262 -0.097868534
v -0.219620939 -0.009780728 -0.099305396
v -0.219620939 -0.000000000 -0.099785892
v -0.219620939 0.009780728 -0.099305396
v -0.219620939 0.019467262 -0.097868534
v -0.219620939 0.028966316 -0.095489145
v -0.219620939 0.038186408 -0.092190144
v -0.219620939 0.047038744 -0.088003300
v -0.219620939 0.055438071 -0.082968937
v -0.219620939 0.063303500 -0.077135538
v -0.219620939 0.070559281 -0.070559281
v -0.219620939 0.077135538 -0.063303500
v -0.219620939 0.082968937 -0.055438071
v -0.219620939 0.088003300 -0.047038744
v -0.219620939 0.092190144 -0.038186408
v -0.219620939 0.095489145 -0.028966316
v -0.219620939 0.097868534 -0.019467262
v -0.219620939 0.099305396 -0.009780728
v -0.200000000 0.100000000 0.000000000
v -0.200000000 0.099518473 0.009801714
v -0.200000000 0.098078528 0.019509032
v -0.200000000 0.095694034 0.029028468
v -0.200000000 0.092387953 0.038268343
v -0.200000000 0.088192126 0.047139674
v -0.200000000 0.083146961 0.055557023
v -0.200000000 0.077301045 0.063439328
v -0.200000000 0.070710678 0.070710678
v -0.200000000 0.063439328 0.077301045
v -0.200000000 0.055557023 0.083146961
v -0.200000000 0.047139674 0.088192126
v -0.200000000 0.038268343 0.092387953
v -0.200000000 0.029028468 0.095694034
v -0.200000000 0.019509032 0.098078528
v -0.200000000 0.009801714 0.099518473
v -0.200000000 0.000000000 0.100000000
v -0.200000000 -0.009801714 0.099518473
v -0.200000000 -0.019509032 0.098078528
v -0.200000000 -0.029028468 0.095694034
v -0.200000000 -0.038268343 0.092387953
v -0.200000000 -0.047139674 0.088192126
v -0.200000000 -0.055557023 0.083146961
v -0.200000000 -0.063439328 0.077301045
v -0.200000000 -0.070710678 0.070710678
v -0.200000000 -0.077301045 0.063439328
v -0.200000000 -0.083146961 0.055557023
v -0.200000000 -0.088192126 0.047139674
v -0.200000000 -0.092387953 0.038268343
v -0.200000000 -0.095694034 0.029028468
v -0.200000000 -0.098078528 0.019509032
v -0.200000000 -0.099518473 0.009801714
v -0.200000000 -0.100000000 0.000000000
v -0.200000000 -0.099518473 -0.009801714
v -0.200000000 -0.098078528 -0.019509032
v -0.200000000 -0.095694034 -0.029028468
v -0.200000000 -0.092387953 -0.038268343
v -0.200000000 -0.088192126 -0.047139674
v -0.200000000 -0.083146961 -0.055557023
v -0.200000000 -0.077301045 -0.063439328
v -0.200000000 -0.070710678 -0.070710678
v -0.200000000 -0.063439328 -0.077301045
v -0.200000000 -0.055557023 -0.083146961
v -0.200000000 -0.047139674 -0.088192126
v -0.200000000 -0.038268343 -0.092387953
v -0.200000000 -0.029028468 -0.095694034
v -0.200000000 -0.019509032 -0.098078528
v -0.200000000 -0.009801714 -0.099518473
v -0.200000000 -0.000000000 -0.100000000
v -0.200000000 0.009801714 -0.099518473
v -0.200000000 0.019509032 -0.098078528
v -0.200000000 0.029028468 -0.095694034
v -0.200000000 0.038268343 -0.092387953
v -0.200000000 0.047139674 -0.088192126
v -0.200000000 0.055557023 -0.083146961
v -0.200000000 0.063439328 -0.077301045
v -0.200000000 0.070710678 -0.070710678
v -0.200000000 0.077301045 -0.063439328
v -0.200000000 0.083146961 -0.055557023
v -0.200000000 0.088192126 -0.047139674
v -0.200000000 0.092387953 -0.038268343
v -0.200000000 0.095694034 -0.029028468
v -0.200000000 0.098078528 -0.019509032
v -0.200000000 0.099518473 -0.009801714
v -0.150000000 0.100000000 0.000000000
v -0.150000000 0.099518473 0.009801714
v -0.150000000 0.098078528 0.019509032
v -0.150000000 0.095694034 0.029028468
v -0.150000000 0.092387953 0.038268343
v -0.150000000 0.088192126 0.047139674
v -0.150000000 0.083146961 0.055557023
v -0.150000000 0.077301045 0.063439328
v -0.150000000 0.070710678 0.070710678
v -0.150000000 0.063439328 0.077301045
v -0.150000000 0.055557023 0.083146961
v -0.150000000 0.047139674 0.088192126
v -0.150000000 0.038268343 0.092387953
v -0.150000000 0.029028468 0.095694034
v -0.150000000 0.019509032 0.098078528
v -0.150000000 0.009801714 0.099518473
v -0.150000000 0.000000000 0.100000000
v -0.150000000 -0.009801714 0.099518473
v -0.150000000 -0.019509032 0.098078528
v -0.150000000 -0.029028468 0.095694034
v -0.150000000 -0.038268343 0.092387953
v -0.150000000 -0.047139674 0.088192126
v -0.150000000 -0.055557023 0.083146961
v -0.150000000 -0.063439328 0.077301045
v -0.150000000 -0.070710678 0.070710678
v -0.150000000 -0.077301045 0.063439328
v -0.150000000 -0.083146961 0.055557023
v -0.150000000 -0.088192126 0.047139674
v -0.150000000 -0.092387953 0.038268343
v -0.150000000 -0.095694034 0.029028468
v -0.150000000 -0.098078528 0.019509032
v -0.150000000 -0.099518473 0.009801714
v -0.150000000 -0.100000000 0.000000000
v -0.150000000 -0.099518473 -0.009801714
v -0.150000000 -0.098078528 -0.019509032
v -0.150000000 -0.095694034 -0.029028468
v -0.150000000 -0.092387953 -0.038268343
v -0.150000000 -0.088192126 -0.047139674
v -0.150000000 -0.083146961 -0.055557023
v -0.150000000 -0.077301045 -0.063439328
v -0.150000000 -0.070710678 -0.070710678
v -0.150000000 -0.063439328 -0.077301045
v -0.150000000 -0.055557023 -0.083146961
v -0.150000000 -0.047139674 -0.088192126
v -0.150000000 -0.038268343 -0.092387953
v -0.150000000 -0.029028468 -0.095694034
v -0.150000000 -0.019509032 -0.098078528
v -0.150000000 -0.009801714 -0.099518473
v -0.150000000 -0.000000000 -0.100000000
v -0.150000000 0.009801714 -0.099518473
v -0.150000000 0.019509032 -0.098078528
v -0.150000000 0.029028468 -0.095694034
v -0.150000000 0.038268343 -0.092387953
v -0.150000000 0.047139674 -0.088192126
v -0.150000000 0.055557023 -0.083146961
v -0.150000000 0.063439328 -0.077301045
v -0.150000000 0.070710678 -0.070710678
v -0.150000000 0.077301045 -0.063439328
v -0.150000000 0.083146961 -0.055557023
v -0.150000000 0.088192126 -0.047139674
v -0.150000000 0.092387953 -0.038268343
v -0.150000000 0.095694034 -0.029028468
v -0.150000000 0.098078528 -0.019509032
v -0.150000000 0.099518473 -0.009801714
v -0.100000000 0.100000000 0.000000000
v -0.100000000 0.099518473 0.009801714
v -0.100000000 0.098078528 0.019509032
v -0.100000000 0.095694034 0.029028468
v -0.100000000 0.092387953 0.038268343
v -0.100000000 0.088192126 0.047139674
v -0.100000000 0.083146961 0.055557023
v -0.100000000 0.077301045 0.063439328
v -0.100000000 0.070710678 0.070710678
v -0.100000000 0.063439328 0.077301045
v -0.100000000 0.055557023 0.083146961
v -0.100000000 0.047139674 0.088192126
v -0.100000000 0.038268343 0.092387953
v -0.100000000 0.029028468 0.095694034
v -0.100000000 0.019509032 0.098078528
v -0.100000000 0.009801714 0.099518473
v -0.100000000 0.000000000 0.100000000
v -0.100000000 -0.009801714 0.099518473
v -0.100000000 -0.019509032 0.098078528
v -0.100000000 -0.029028468 0.095694034
v -0.100000000 -0.038268343 0.092387953
v -0.100000000 -0.047139674 0.088192126
v -0.100000000 -0.055557023 0.083146961
v -0.100000000 -0.063439328 0.077301045
v -0.100000000 -0.070710678 0.070710678
v -0.100000000 -0.077301045 0.063439328
v -0.100000000 -0.083146961 0.055557023
v -0.100000000 -0.088192126 0.047139674
v -0.100000000 -0.092387953 0.038268343
v -0.100000000 -0.095694034 0.029028468
v -0.100000000 -0.098078528 0.019509032
v -0.100000000 -0.099518473 0.009801714
v -0.100000000 -0.100000000 0.000000000
v -0.100000000 -0.099518473 -0.009801714
v -0.100000000 -0.098078528 -0.019509032
v -0.100000000 -0.095694034 -0.029028468
v -0.100000000 -0.092387953 -0.038268343
v -0.100000000 -0.088192126 -0.047139674
v -0.100000000 -0.083146961 -0.055557023
v -0.100000000 -0.077301045 -0.063439328
v -0.100000000 -0.070710678 -0.070710678
v -0.100000000 -0.063439328 -0.077301045
v -0.100000000 -0.055557023 -0.083146961
v -0.100000000 -0.047139674 -0.088192126
v -0.100000000 -0.038268343 -0.092387953
v -0.100000000 -0.029028468 -0.095694034
v -0.100000000 -0.019509032 -0.098078528
v -0.100000000 -0.009801714 -0.099518473
v -0.100000000 -0.000000000 -0.100000000
v -0.100000000 0.009801714 -0.099518473
v -0.100000000 0.019509032 -0.098078528
v -0.100000000 0.029028468 -0.095694034
v -0.100000000 0.038268343 -0.092387953
v -0.100000000 0.047139674 -0.088192126
v -0.100000000 0.055557023 -0.083146961
v -0.100000000 0.063439328 -0.077301045
v -0.100000000 0.070710678 -0.070710678
v -0.100000000 0.077301045 -0.063439328
v -0.100000000 0.083146961 -0.055557023
v -0.100000000 0.088192126 -0.047139674
v -0.100000000 0.092387953 -0.038268343
v -0.100000000 0.095694034 -0.029028468
v -0.100000000 0.098078528 -0.019509032
v -0.100000000 0.099518473 -0.009801714
v -0.050000000 0.100000000 0.000000000
v -0.050000000 0.099518473 0.009801714
v -0.050000000 0.098078528 0.019509032
v -0.050000000 0.095694034 0.029028468
v -0.050000000 0.092387953 0.038268343
v -0.050000000 0.088192126 0.047139674
v -0.050000000 0.083146961 0.055557023
v -0.050000000 0.077301045 0.063439328
v -0.050000000 0.070710678 0.070710678
v -0.050000000 0.063439328 0.077301045
v -0.050000000 0.055557023 0.083146961
v -0.050000000 0.047139674 0.088192126
v -0.050000000 0.038268343 0.092387953
v -0.050000000 0.029028468 0.095694034
v -0.050000000 0.019509032 0.098078528
v -0.050000000 0.009801714 0.099518473
v -0.050000000 0.000000000 0.100000000
v -0.050000000 -0.009801714 0.099518473
v -0.050000000 -0.019509032 0.098078528
v -0.050000000 -0.029028468 0.095694034
v -0.050000000 -0.038268343 0.092387953
v -0.050000000 -0.047139674 0.088192126
v -0.050000000 -0.055557023 0.083146961
v -0.050000000 -0.063439328 0.077301045
v -0.050000000 -0.070710678 0.070710678
v -0.050000000 -0.077301045 0.063439328
v -0.050000000 -0.083146961 0.055557023
v -0.050000000 -0.088192126 0.047139674
v -0.050000000 -0.092387953 0.038268343
v -0.050000000 -0.095694034 0.029028468
v -0.050000000 -0.098078528 0.019509032
v -0.050000000 -0.099518473 0.009801714
v -0.050000000 -0.100000000 0.000000000
v -0.050000000 -0.099518473 -0.009801714
v -0.050000000 -0.098078528 -0.019509032
v -0.050000000 -0.095694034 -0.029028468
v -0.050000000 -0.092387953 -0.038268343
v -0.050000000 -0.088192126 -0.047139674
v -0.050000000 -0.083146961 -0.055557023
v -0.050000000 -0.077301045 -0.063439328
v -0.050000000 -0.070710678 -0.070710678
v -0.050000000 -0.063439328 -0.077301045
v -0.050000000 -0.055557023 -0.083146961
v -0.050000000 -0.047139674 -0.088192126
v -0.050000000 -0.038268343 -0.092387953
v -0.050000000 -0.029028468 -0.095694034
v -0.050000000 -0.019509032 -0.098078528
v -0.050000000 -0.009801714 -0.099518473
v -0.050000000 -0.000000000 -0.100000000
v -0.050000000 0.009801714 -0.099518473
v -0.050000000 0.019509032 -0.098078528
v -0.050000000 0.029028468 -0.095694034
v -0.050000000 0.038268343 -0.092387953
v -0.050000000 0.047139674 -0.088192126
v -0.050000000 0.055557023 -0.083146961
v -0.050000000 0.063439328 -0.077301045
v -0.050000000 0.070710678 -0.070710678
v -0.050000000 0.077301045 -0.063439328
v -0.050000000 0.083146961 -0.055557023
v -0.050000000 0.088192126 -0.047139674
v -0.050000000 0.092387953 -0.038268343
v -0.050000000 0.095694034 -0.029028468
v -0.050000000 0.098078528 -0.019509032
v -0.050000000 0.099518473 -0.009801714
v 0.000000000 0.100000000 0.000000000
v 0.000000000 0.099518473 0.009801714
v 0.000000000 0.098078528 0.019509032
v 0.000000000 0.095694034 0.029028468
v 0.000000000 0.092387953 0.038268343
v 0.000000000 0.088192126 0.047139674
v 0.000000000 0.083146961 0.055557023
v 0.000000000 0.077301045 0.063439328
v 0.000000000 0.070710678 0.070710678
v 0.000000000 0.063439328 0.077301045
v 0.000000000 0.055557023 0.083146961
v 0.000000000 0.047139674 0.088192126
v 0.000000000 0.038268343 0.092387953
v 0.000000000 0.029028468 0.095694034
v 0.000000000 0.019509032 0.098078528
v 0.000000000 0.009801714 0.099518473
v 0.000000000 0.000000000 0.100000000
v 0.000000000 -0.009801714 0.099518473
v 0.000000000 -0.019509032 0.098078528
v 0.000000000 -0.029028468 0.095694034
v 0.000000000 -0.038268343 0.092387953
v 0.000000000 -0.047139674 0.088192126
v 0.000000000 -0.055557023 0.083146961
v 0.000000000 -0.063439328 0.077301045
v 0.000000000 -0.070710678 0.070710678
v 0.000000000 -0.077301045 0.063439328
v 0.000000000 -0.083146961 0.055557023
v 0.000000000 -0.088192126 0.047139674
v 0.000000000 -0.092387953 0.038268343
v 0.000000000 -0.095694034 0.029028468
v 0.000000000 -0.098078528 0.019509032
v 0.000000000 -0.099518473 0.009801714
v 0.000000000 -0.100000000 0.000000000
v 0.000000000 -0.099518473 -0.009801714
v 0.000000000 -0.098078528 -0.019509032
v 0.000000000 -0.095694034 -0.029028468
v 0.000000000 -0.092387953 -0.038268343
v 0.000000000 -0.088192126 -0.047139674
v 0.000000000 -0.083146961 -0.055557023
v 0.000000000 -0.077301045 -0.063439328
v 0.000000000 -0.070710678 -0.070710678
v 0.000000000 -0.063439328 -0.077301045
v 0.000000000 -0.055557023 -0.083146961
v 0.000000000 -0.047139674 -0.088192126
v 0.000000000 -0.038268343 -0.092387953
v 0.000000000 -0.029028468 -0.095694034
v 0.000000000 -0.019509032 -0.098078528
v 0.000000000 -0.009801714 -0.099518473
v 0.000000000 -0.000000000 -0.100000000
v 0.000000000 0.009801714 -0.099518473
v 0.000000000 0.019509032 -0.098078528
v 0.000000000 0.029028468 -0.095694034
v 0.000000000 0.038268343 -0.092387953
v 0.000000000 0.047139674 -0.088192126
v 0.000000000 0.055557023 -0.083146961
v 0.000000000 0.063439328 -0.077301045
v 0.000000000 0.070710678 -0.070710678
v 0.000000000 0.077301045 -0.063439328
v 0.000000000 0.083146961 -0.055557023
v 0.000000000 0.088192126 -0.047139674
v 0.000000000 0.092387953 -0.038268343
v 0.000000000 0.095694034 -0.029028468
v 0.000000000 0.098078528 -0.019509032
v 0.000000000 0.099518473 -0.009801714
v 0.050000000 0.100000000 0.000000000
v 0.050000000 0.099518473 0.009801714
v 0.050000000 0.098078528 0.019509032
v 0.050000000 0.095694034 0.029028468
v 0.050000000 0.092387953 0.038268343
v 0.050000000 0.088192126 0.047139674
v 0.050000000 0.083146961 0.055557023
v 0.050000000 0.077301045 0.063439328
v 0.050000000 0.070710678 0.070710678
v 0.050000000 0.063439328 0.077301045
v 0.050000000 0.055557023 0.083146961
v 0.050000000 0.047139674 0.088192126
v 0.050000000 0.038268343 0.092387953
v 0.050000000 0.029028468 0.095694034
v 0.050000000 0.019509032 0.098078528
v 0.050000000 0.009801714 0.099518473
v 0.050000000 0.000000000 0.100000000
v 0.050000000 -0.009801714 0.099518473
v 0.050000000 -0.019509032 0.098078528
v 0.050000000 -0.029028468 0.095694034
v 0.050000000 -0.038268343 0.092387953
v 0.050000000 -0.047139674 0.088192126
v 0.050000000 -0.055557023 0.083146961
v 0.050000000 -0.063439328 0.077301045
v 0.050000000 -0.070710678 0.070710678
v 0.050000000 -0.077301045 0.063439328
v 0.050000000 -0.083146961 0.055557023
v 0.050000000 -0.088192126 0.047139674
v 0.050000000 -0.092387953 0.038268343
v 0.050000000 -0.095694034 0.029028468
v 0.050000000 -0.098078528 0.019509032
v 0.050000000 -0.099518473 0.009801714
v 0.050000000 -0.100000000 0.000000000
v 0.050000000 -0.099518473 -0.009801714
v 0.050000000 -0.098078528 -0.019509032
v 0.050000000 -0.095694034 -0.029028468
v 0.050000000 -0.092387953 -0.038268343
v 0.050000000 -0.088192126 -0.047139674
v 0.050000000 -0.083146961 -0.055557023
v 0.050000000 -0.077301045 -0.063439328
v 0.050000000 -0.070710678 -0.070710678
v 0.050000000 -0.063439328 -0.077301045
v 0.050000000 -0.055557023 -0.083146961
v 0.050000000 -0.047139674 -0.088192126
v 0.050000000 -0.038268343 -0.092387953
v 0.050000000 -0.029028468 -0.095694034
v 0.050000000 -0.019509032 -0.098078528
v 0.050000000 -0.009801714 -0.099518473
v 0.050000000 -0.000000000 -0.100000000
v 0.050000000 0.009801714 -0.099518473
v 0.050000000 0.019509032 -0.098078528
v 0.050000000 0.029028468 -0.095694034
v 0.050000000 0.038268343 -0.092387953
v 0.050000000 0.047139674 -0.088192126
v 0.050000000 0.055557023 -0.083146961
v 0.050000000 0.063439328 -0.077301045
v 0.050000000 0.070710678 -0.070710678
v 0.050000000 0.077301045 -0.063439328
v 0.050000000 0.083146961 -0.055557023
v 0.050000000 0.088192126 -0.047139674
v 0.050000000 0.092387953 -0.038268343
v 0.050000000 0.095694034 -0.029028468
v 0.050000000 0.098078528 -0.019509032
v 0.050000000 0.099518473 -0.009801714
v 0.100000000 0.100000000 0.000000000
v 0.100000000 0.099518473 0.009801714
v 0.100000000 0.098078528 0.019509032
v 0.100000000 0.095694034 0.029028468
v 0.100000000 0.092387953 0.038268343
v 0.100000000 0.088192126 0.047139674
v 0.100000000 0.083146961 0.055557023
v 0.100000000 0.077301045 0.063439328
v 0.100000000 0.070710678 0.070710678
v 0.100000000 0.063439328 0.077301045
v 0.100000000 0.055557023 0.083146961
v 0.100000000 0.047139674 0.088192126
v 0.100000000 0.038268343 0.092387953
v 0.100000000 0.029028468 0.095694034
v 0.100000000 0.019509032 0.098078528
v 0.100000000 0.009801714 0.099518473
v 0.100000000 0.000000000 0.100000000
v 0.100000000 -0.009801714 0.099518473
v 0.100000000 -0.019509032 0.098078528
v 0.100000000 -0.029028468 0.095694034
v 0.100000000 -0.038268343 0.092387953
v 0.100000000 -0.047139674 0.088192126
v 0.100000000 -0.055557023 0.083146961
v 0.100000000 -0.063439328 0.077301045
v 0.100000000 -0.070710678 0.070710678
v 0.100000000 -0.077301045 0.063439328
v 0.100000000 -0.083146961 0.055557023
v 0.100000000 -0.088192126 0.047139674
v 0.100000000 -0.092387953 0.038268343
v 0.100000000 -0.095694034 0.029028468
v 0.100000000 -0.098078528 0.019509032
v 0.100000000 -0.099518473 0.009801714
v 0.100000000 -0.100000000 0.000000000
v 0.100000000 -0.099518473 -0.009801714
v 0.100000000 -0.098078528 -0.019509032
v 0.100000000 -0.095694034 -0.029028468
v 0.100000000 -0.092387953 -0.038268343
v 0.100000000 -0.088192126 -0.047139674
v 0.100000000 -0.083146961 -0.055557023
v 0.100000000 -0.077301045 -0.063439328
v 0.100000000 -0.070710678 -0.070710678
v 0.100000000 -0.063439328 -0.077301045
v 0.100000000 -0.055557023 -0.083146961
v 0.100000000 -0.047139674 -0.088192126
v 0.100000000 -0.038268343 -0.092387953
v 0.100000000 -0.029028468 -0.095694034
v 0.100000000 -0.019509032 -0.098078528
v 0.100000000 -0.009801714 -0.099518473
v 0.100000000 -0.000000000 -0.100000000
v 0.100000000 0.009801714 -0.099518473
v 0.100000000 0.019509032 -0.098078528
v 0.100000000 0.029028468 -0.095694034
v 0.100000000 0.038268343 -0.092387953
v 0.100000000 0.047139674 -0.088192126
v 0.100000000 0.055557023 -0.083146961
v 0.100000000 0.063439328 -0.077301045
v 0.100000000 0.070710678 -0.070710678
v 0.100000000 0.077301045 -0.063439328
v 0.100000000 0.083146961 -0.055557023
v 0.100000000 0.088192126 -0.047139674
v 0.100000000 0.092387953 -0.038268343
v 0.100000000 0.095694034 -0.029028468
v 0.100000000 0.098078528 -0.019509032
v 0.100000000 0.099518473 -0.009801714
v 0.150000000 0.100000000 0.000000000
v 0.150000000 0.099518473 0.009801714
v 0.150000000 0.098078528 0.019509032
v 0.150000000 0.095694034 0.029028468
v 0.150000000 0.092387953 0.038268343
v 0.150000000 0.088192126 0.047139674
v 0.150000000 0.083146961 0.055557023
v 0.150000000 0.077301045 0.063439328
v 0.150000000 0.070710678 0.070710678
v 0.150000000 0.063439328 0.077301045
v 0.150000000 0.055557023 0.083146961
v 0.150000000 0.047139674 0.088192126
v 0.150000000 0.038268343 0.092387953
v 0.150000000 0.029028468 0.095694034
v 0.150000000 0.019509032 0.098078528
v 0.150000000 0.009801714 0.099518473
v 0.150000000 0.000000000 0.100000000
v 0.150000000 -0.009801714 0.099518473
v 0.150000000 -0.019509032 0.098078528
v 0.150000000 -0.029028468 0.095694034
v 0.150000000 -0.038268343 0.092387953
v 0.150000000 -0.047139674 0.088192126
v 0.150000000 -0.055557023 0.083146961
v 0.150000000 -0.063439328 0.077301045
v 0.150000000 -0.070710678 0.070710678
v 0.150000000 -0.077301045 0.063439328
v 0.150000000 -0.083146961 0.055557023
v 0.150000000 -0.088192126 0.047139674
v 0.150000000 -0.092387953 0.038268343
v 0.150000000 -0.095694034 0.029028468
v 0.150000000 -0.098078528 0.019509032
v 0.150000000 -0.099518473 0.009801714
v 0.150000000 -0.100000000 0.000000000
v 0.150000000 -0.099518473 -0.009801714
v 0.150000000 -0.098078528 -0.019509032
v 0.150000000 -0.095694034 -0.029028468
v 0.150000000 -0.092387953 -0.038268343
v 0.150000000 -0.088192126 -0.047139674
v 0.150000000 -0.083146961 -0.055557023
v 0.150000000 -0.077301045 -0.063439328
v 0.150000000 -0.070710678 -0.070710678
v 0.150000000 -0.063439328 -0.077301045
v 0.150000000 -0.055557023 -0.083146961
v 0.150000000 -0.047139674 -0.088192126
v 0.150000000 -0.038268343 -0.092387953
v 0.150000000 -0.029028468 -0.095694034
v 0.150000000 -0.019509032 -0.098078528
v 0.150000000 -0.009801714 -0.099518473
v 0.150000000 -0.000000000 -0.100000000
v 0.150000000 0.009801714 -0.099518473
v 0.150000000 0.019509032 -0.098078528
v 0.150000000 0.029028468 -0.095694034
v 0.150000000 0.038268343 -0.092387953
v 0.150000000 0.047139674 -0.088192126
v 0.150000000 0.055557023 -0.083146961
v 0.150000000 0.063439328 -0.077301045
v 0.150000000 0.070710678 -0.070710678
v 0.150000000 0.077301045 -0.063439328
v 0.150000000 0.083146961 -0.055557023
v 0.150000000 0.088192126 -0.047139674
v 0.150000000 0.092387953 -0.038268343
v 0.150000000 0.095694034 -0.029028468
v 0.150000000 0.098078528 -0.019509032
v 0.150000000 0.099518473 -0.009801714
v 0.200000000 0.100000000 0.000000000
v 0.200000000 0.099518473 0.009801714
v 0.200000000 0.098078528 0.019509032
v 0.200000000 0.095694034 0.029028468
v 0.200000000 0.092387953 0.038268343
v 0.200000000 0.088192126 0.047139674
v 0.200000000 0.083146961 0.055557023
v 0.200000000 0.077301045 0.063439328
v 0.200000000 0.070710678 0.070710678
v 0.200000000 0.063439328 0.077301045
v 0.200000000 0.055557023 0.083146961
v 0.200000000 0.047139674 0.088192126
v 0.200000000 0.038268343 0.092387953
v 0.200000000 0.029028468 0.095694034
v 0.200000000 0.019509032 0.098078528
v 0.200000000 0.009801714 0.099518473
v 0.200000000 0.000000000 0.100000000
v 0.200000000 -0.009801714 0.099518473
v 0.200000000 -0.019509032 0.098078528
v 0.200000000 -0.029028468 0.095694034
v 0.200000000 -0.038268343 0.092387953
v 0.200000000 -0.047139674 0.088192126
v 0.200000000 -0.055557023 0.083146961
v 0.200000000 -0.063439328 0.077301045
v 0.200000000 -0.070710678 0.070710678
v 0.200000000 -0.077301045 0.063439328
v 0.200000000 -0.083146961 0.055557023
v 0.200000000 -0.088192126 0.047139674
v 0.200000000 -0.092387953 0.038268343
v 0.200000000 -0.095694034 0.029028468
v 0.200000000 -0.098078528 0.019509032
v 0.200000000 -0.099518473 0.009801714
v 0.200000000 -0.100000000 0.000000000
v 0.200000000 -0.099518473 -0.009801714
v 0.200000000 -0.098078528 -0.019509032
v 0.200000000 -0.095694034 -0.029028468
v 0.200000000 -0.092387953 -0.038268343
v 0.200000000 -0.088192126 -0.047139674
v 0.200000000 -0.083146961 -0.055557023
v 0.200000000 -0.077301045 -0.063439328
v 0.200000000 -0.070710678 -0.070710678
v 0.200000000 -0.063439328 -0.077301045
v 0.200000000 -0.055557023 -0.083146961
v 0.200000000 -0.047139674 -0.088192126
v 0.200000000 -0.038268343 -0.092387953
v 0.200000000 -0.029028468 -0.095694034
v 0.200000000 -0.019509032 -0.098078528
v 0.200000000 -0.009801714 -0.099518473
v 0.200000000 -0.000000000 -0.100000000
v 0.200000000 0.009801714 -0.099518473
v 0.200000000 0.019509032 -0.098078528
v 0.200000000 0.029028468 -0.095694034
v 0.200000000 0.038268343 -0.092387953
v 0.200000000 0.047139674 -0.088192126
v 0.200000000 0.055557023 -0.083146961
v 0.200000000 0.063439328 -0.077301045
v 0.200000000 0.070710678 -0.070710678
v 0.200000000 0.077301045 -0.063439328
v 0.200000000 0.083146961 -0.055557023
v 0.200000000 0.088192126 -0.047139674
v 0.200000000 0.092387953 -0.038268343
v 0.200000000 0.095694034 -0.029028468
v 0.200000000 0.098078528 -0.019509032
v 0.200000000 0.099518473 -0.009801714
v 0.250000000 0.100000000 0.000000000
v 0.250000000 0.099518473 0.009801714
v 0.250000000 0.098078528 0.019509032
v 0.250000000 0.095694034 0.029028468
v 0.250000000 0.092387953 0.038268343
v 0.250000000 0.088192126 0.047139674
v 0.250000000 0.083146961 0.055557023
v 0.250000000 0.077301045 0.063439328
v 0.250000000 0.070710678 0.070710678
v 0.250000000 0.063439328 0.077301045
v 0.250000000 0.055557023 0.083146961
v 0.250000000 0.047139674 0.088192126
v 0.250000000 0.038268343 0.092387953
v 0.250000000 0.029028468 0.095694034
v 0.250000000 0.019509032 0.098078528
v 0.250000000 0.009801714 0.099518473
v 0.250000000 0.000000000 0.100000000
v 0.250000000 -0.009801714 0.099518473
v 0.250000000 -0.019509032 0.098078528
v 0.250000000 -0.029028468 0.095694034
v 0.250000000 -0.038268343 0.092387953
v 0.250000000 -0.047139674 0.088192126
v 0.250000000 -0.055557023 0.083146961
v 0.250000000 -0.063439328 0.077301045
v 0.250000000 -0.070710678 0.070710678
v 0.250000000 -0.077301045 0.063439328
v 0.250000000 -0.083146961 0.055557023
v 0.250000000 -0.088192126 0.047139674
v 0.250000000 -0.092387953 0.038268343
v 0.250000000 -0.095694034 0.029028468
v 0.250000000 -0.098078528 0.019509032
v 0.250000000 -0.099518473 0.009801714
v 0.250000000 -0.100000000 0.000000000
v 0.250000000 -0.099518473 -0.009801714
v 0.250000000 -0.098078528 -0.019509032
v 0.250000000 -0.095694034 -0.029028468
v 0.250000000 -0.092387953 -0.038268343
v 0.250000000 -0.088192126 -0.047139674
v 0.250000000 -0.083146961 -0.055557023
v 0.250000000 -0.077301045 -0.063439328
v 0.250000000 -0.070710678 -0.070710678
v 0.250000000 -0.063439328 -0.077301045
v 0.250000000 -0.055557023 -0.083146961
v 0.250000000 -0.047139674 -0.088192126
v 0.250000000 -0.038268343 -0.092387953
v 0.250000000 -0.029028468 -0.095694034
v 0.250000000 -0.019509032 -0.098078528
v 0.250000000 -0.009801714 -0.099518473
v 0.250000000 -0.000000000 -0.100000000
v 0.250000000 0.009801714 -0.099518473
v 0.250000000 0.019509032 -0.098078528
v 0.250000000 0.029028468 -0.095694034
v 0.250000000 0.038268343 -0.092387953
v 0.250000000 0.047139674 -0.088192126
v 0.250000000 0.055557023 -0.083146961
v 0.250000000 0.063439328 -0.077301045
v 0.250000000 0.070710678 -0.070710678
v 0.250000000 0.077301045 -0.063439328
v 0.250000000 0.083146961 -0.055557023
v 0.250000000 0.088192126 -0.047139674
v 0.250000000 0.092387953 -0.038268343
v 0.250000000 0.095694034 -0.029028468
v 0.250000000 0.098078528 -0.019509032
v 0.250000000 0.099518473 -0.009801714
v 0.300000000 0.100000000 0.000000000
v 0.300000000 0.099518473 0.009801714
v 0.300000000 0.098078528 0.019509032
v 0.300000000 0.095694034 0.029028468
v 0.300000000 0.092387953 0.038268343
v 0.300000000 0.088192126 0.047139674
v 0.300000000 0.083146961 0.055557023
v 0.300000000 0.077301045 0.063439328
v 0.300000000 0.070710678 0.070710678
v 0.300000000 0.063439328 0.077301045
v 0.300000000 0.055557023 0.083146961
v 0.300000000 0.047139674 0.088192126
v 0.300000000 0.038268343 0.092387953
v 0.300000000 0.029028468 0.095694034
v 0.300000000 0.019509032 0.098078528
v 0.300000000 0.009801714 0.099518473
v 0.300000000 0.000000000 0.100000000
v 0.300000000 -0.009801714 0.099518473
v 0.300000000 -0.019509032 0.098078528
v 0.300000000 -0.029028468 0.095694034
v 0.300000000 -0.038268343 0.092387953
v 0.300000000 -0.047139674 0.088192126
v 0.300000000 -0.055557023 0.083146961
v 0.300000000 -0.063439328 0.077301045
v 0.300000000 -0.070710678 0.070710678
v 0.300000000 -0.077301045 0.063439328
v 0.300000000 -0.083146961 0.055557023
v 0.300000000 -0.088192126 0.047139674
v 0.300000000 -0.092387953 0.038268343
v 0.300000000 -0.095694034 0.029028468
v 0.300000000 -0.098078528 0.019509032
v 0.300000000 -0.099518473 0.009801714
v 0.300000000 -0.100000000 0.000000000
v 0.300000000 -0.099518473 -0.009801714
v 0.300000000 -0.098078528 -0.019509032
v 0.300000000 -0.095694034 -0.029028468
v 0.300000000 -0.092387953 -0.038268343
v 0.300000000 -0.088192126 -0.047139674
v 0.300000000 -0.083146961 -0.055557023
v 0.300000000 -0.077301045 -0.063439328
v 0.300000000 -0.070710678 -0.070710678
v 0.300000000 -0.063439328 -0.077301045
v 0.300000000 -0.055557023 -0.083146961
v 0.300000000 -0.047139674 -0.088192126
v 0.300000000 -0.038268343 -0.092387953
v 0.300000000 -0.029028468 -0.095694034
v 0.300000000 -0.019509032 -0.098078528
v 0.300000000 -0.009801714 -0.099518473
v 0.300000000 -0.000000000 -0.100000000
v 0.300000000 0.009801714 -0.099518473
v 0.300000000 0.019509032 -0.098078528
v 0.300000000 0.029028468 -0.095694034
v 0.300000000 0.038268343 -0.092387953
v 0.300000000 0.047139674 -0.088192126
v 0.300000000 0.055557023 -0.083146961
v 0.300000000 0.063439328 -0.077301045
v 0.300000000 0.070710678 -0.070710678
v 0.300000000 0.077301045 -0.063439328
v 0.300000000 0.083146961 -0.055557023
v 0.300000000 0.088192126 -0.047139674
v 0.300000000 0.092387953 -0.038268343
v 0.300000000 0.095694034 -0.029028468
v 0.300000000 0.098078528 -0.019509032
v 0.300000000 0.099518473 -0.009801714
v 0.313080626 0.099785892 0.000000000
v 0.313080626 0.099305396 0.009780728
v 0.313080626 0.097868534 0.019467262
v 0.313080626 0.095489145 0.028966316
v 0.313080626 0.092190144 0.038186408
v 0.313080626 0.088003300 0.047038744
v 0.313080626 0.082968937 0.055438071
v 0.313080626 0.077135538 0.063303500
v 0.313080626 0.070559281 0.070559281
v 0.313080626 0.063303500 0.077135538
v 0.313080626 0.055438071 0.082968937
v 0.313080626 0.047038744 0.088003300
v 0.313080626 0.038186408 0.092190144
v 0.313080626 0.028966316 0.095489145
v 0.313080626 0.019467262 0.097868534
v 0.313080626 0.009780728 0.099305396
v 0.313080626 0.000000000 0.099785892
v 0.313080626 -0.009780728 0.099305396
v 0.313080626 -0.019467262 0.097868534
v 0.313080626 -0.028966316 0.095489145
v 0.313080626 -0.038186408 0.092190144
v 0.313080626 -0.047038744 0.088003300
v 0.313080626 -0.055438071 0.082968937
v 0.313080626 -0.063303500 0.077135538
v 0.313080626 -0.070559281 0.070559281
v 0.313080626 -0.077135538 0.063303500
v 0.313080626 -0.082968937 0.055438071
v 0.313080626 -0.088003300 0.047038744
v 0.313080626 -0.092190144 0.038186408
v 0.313080626 -0.095489145 0.028966316
v 0.313080626 -0.097868534 0.019467262
v 0.313080626 -0.099305396 0.009780728
v 0.313080626 -0.099785892 0.000000000
v 0.313080626 -0.099305396 -0.009780728
v 0.313080626 -0.097868534 -0.019467262
v 0.313080626 -0.095489145 -0.028966316
v 0.313080626 -0.092190144 -0.038186408
v 0.313080626 -0.088003300 -0.047038744
v 0.313080626 -0.082968937 -0.055438071
v 0.313080626 -0.077135538 -0.063303500
v 0.313080626 -0.070559281 -0.070559281
v 0.313080626 -0.063303500 -0.077135538
v 0.313080626 -0.055438071 -0.082968937
v 0.313080626 -0.047038744 -0.088003300
v 0.313080626 -0.038186408 -0.092190144
v 0.313080626 -0.028966316 -0.095489145
v 0.313080626 -0.019467262 -0.097868534
v 0.313080626 -0.009780728 -0.099305396
v 0.313080626 -0.000000000 -0.099785892
v 0.313080626 0.009780728 -0.099305396
v 0.313080626 0.019467262 -0.097868534
v 0.313080626 0.028966316 -0.095489145
v 0.313080626 0.038186408 -0.092190144
v 0.313080626 0.047038744 -0.088003300
v 0.313080626 0.055438071 -0.082968937
v 0.313080626 0.063303500 -0.077135538
v 0.313080626 0.070559281 -0.070559281
v 0.313080626 0.077135538 -0.063303500
v 0.313080626 0.082968937 -0.055438071
v 0.313080626 0.088003300 -0.047038744
v 0.313080626 0.092190144 -0.038186408
v 0.313080626 0.095489145 -0.028966316
v 0.313080626 0.097868534 -0.019467262
v 0.313080626 0.099305396 -0.009780728
v 0.326105238 0.099144486 0.000000000
v 0.326105238 0.098667078 0.009717859
v 0.326105238 0.097239453 0.019342130
v 0.326105238 0.094875358 0.028780125
v 0.326105238 0.091597562 0.037940952
v 0.326105238 0.087437631 0.046736387
v 0.326105238 0.082435627 0.055081725
v 0.326105238 0.076639724 0.062896596
v 0.326105238 0.070105738 0.070105738
v 0.326105238 0.062896596 0.076639724
v 0.326105238 0.055081725 0.082435627
v 0.326105238 0.046736387 0.087437631
v 0.326105238 0.037940952 0.091597562
v 0.326105238 0.028780125 0.094875358
v 0.326105238 0.019342130 0.097239453
v 0.326105238 0.009717859 0.098667078
v 0.326105238 0.000000000 0.099144486
v 0.326105238 -0.009717859 0.098667078
v 0.326105238 -0.019342130 0.097239453
v 0.326105238 -0.028780125 0.094875358
v 0.326105238 -0.037940952 0.091597562
v 0.326105238 -0.046736387 0.087437631
v 0.326105238 -0.055081725 0.082435627
v 0.326105238 -0.062896596 0.076639724
v 0.326105238 -0.070105738 0.070105738
v 0.326105238 -0.076639724 0.062896596
v 0.326105238 -0.082435627 0.055081725
v 0.326105238 -0.087437631 0.046736387
v 0.326105238 -0.091597562 0.037940952
v 0.326105238 -0.094875358 0.028780125
v 0.326105238 -0.097239453 0.019342130
v 0.326105238 -0.098667078 0.009717859
v 0.326105238 -0.099144486 0.000000000
v 0.326105238 -0.098667078 -0.009717859
v 0.326105238 -0.097239453 -0.019342130
v 0.326105238 -0.094875358 -0.028780125
v 0.326105238 -0.091597562 -0.037940952
v 0.326105238 -0.087437631 -0.046736387
v 0.326105238 -0.082435627 -0.055081725
v 0.326105238 -0.076639724 -0.062896596
v 0.326105238 -0.070105738 -0.070105738
v 0.326105238 -0.062896596 -0.076639724
v 0.326105238 -0.055081725 -0.082435627
v 0.326105238 -0.046736387 -0.087437631
v 0.326105238 -0.037940952 -0.091597562
v 0.326105238 -0.028780125 -0.094875358
v 0.326105238 -0.019342130 -0.097239453
v 0.326105238 -0.009717859 -0.098667078
v 0.326105238 -0.000000000 -0.099144486
v 0.326105238 0.009717859 -0.098667078
v 0.326105238 0.019342130 -0.097239453
v 0.326105238 0.028780125 -0.094875358
v 0.326105238 0.037940952 -0.091597562
v 0.326105238 0.046736387 -0.087437631
v 0.326105238 0.055081725 -0.082435627
v 0.326105238 0.062896596 -0.076639724
v 0.326105238 0.070105738 -0.070105738
v 0.326105238 0.076639724 -0.062896596
v 0.326105238 0.082435627 -0.055081725
v 0.326105238 0.087437631 -0.046736387
v 0.326105238 0.091597562 -0.037940952
v 0.326105238 0.094875358 -0.028780125
v 0.326105238 0.097239453 -0.019342130
v 0.326105238 0.098667078 -0.009717859
v 0.339018064 0.098078528 0.000000000
v 0.339018064 0.097606253 0.009613377
v 0.339018064 0.096193977 0.019134172
v 0.339018064 0.093855300 0.028470694
v 0.339018064 0.090612745 0.037533028
v 0.339018064 0.086497539 0.046233898
v 0.339018064 0.081549316 0.054489511
v 0.339018064 0.075815727 0.062220360
v 0.339018064 0.069351992 0.069351992
v 0.339018064 0.062220360 0.075815727
v 0.339018064 0.054489511 0.081549316
v 0.339018064 0.046233898 0.086497539
v 0.339018064 0.037533028 0.090612745
v 0.339018064 0.028470694 0.093855300
v 0.339018064 0.019134172 0.096193977
v 0.339018064 0.009613377 0.097606253
v 0.339018064 0.000000000 0.098078528
v 0.339018064 -0.009613377 0.097606253
v 0.339018064 -0.019134172 0.096193977
v 0.339018064 -0.028470694 0.093855300
v 0.339018064 -0.037533028 0.090612745
v 0.339018064 -0.046233898 0.086497539
v 0.339018064 -0.054489511 0.081549316
v 0.339018064 -0.062220360 0.075815727
v 0.339018064 -0.069351992 0.069351992
v 0.339018064 -0.075815727 0.062220360
v 0.339018064 -0.081549316 0.054489511
v 0.339018064 -0.086497539 0.046233898
v 0.339018064 -0.090612745 0.037533028
v 0.339018064 -0.093855300 0.028470694
v 0.339018064 -0.096193977 0.019134172
v 0.339018064 -0.097606253 0.009613377
v 0.339018064 -0.098078528 0.000000000
v 0.339018064 -0.097606253 -0.009613377
v 0.339018064 -0.096193977 -0.019134172
v 0.339018064 -0.093855300 -0.028470694
v 0.339018064 -0.090612745 -0.037533028
v 0.339018064 -0.086497539 -0.046233898
v 0.339018064 -0.081549316 -0.054489511
v 0.339018064 -0.075815727 -0.062220360
v 0.339018064 -0.069351992 -0.069351992
v 0.339018064 -0.062220360 -0.075815727
v 0.339018064 -0.054489511 -0.081549316
v 0.339018064 -0.046233898 -0.086497539
v 0.339018064 -0.037533028 -0.090612745
v 0.339018064 -0.028470694 -0.093855300
v 0.339018064 -0.019134172 -0.096193977
v 0.339018064 -0.009613377 -0.097606253
v 0.339018064 -0.000000000 -0.098078528
v 0.339018064 0.009613377 -0.097606253
v 0.339018064 0.019134172 -0.096193977
v 0.339018064 0.028470694 -0.093855300
v 0.339018064 0.037533028 -0.090612745
v 0.339018064 0.046233898 -0.086497539
v 0.339018064 0.054489511 -0.081549316
v 0.339018064 0.062220360 -0.075815727
v 0.339018064 0.069351992 -0.069351992
v 0.339018064 0.075815727 -0.062220360
v 0.339018064 0.081549316 -0.054489511
v 0.339018064 0.086497539 -0.046233898
v 0.339018064 0.090612745 -0.037533028
v 0.339018064 0.093855300 -0.028470694
v 0.339018064 0.096193977 -0.019134172
v 0.339018064 0.097606253 -0.009613377
v 0.351763809 0.096592583 0.000000000
v 0.351763809 0.096127463 0.009467729
v 0.351763809 0.094736583 0.018844278
v 0.351763809 0.092433338 0.028039347
v 0.351763809 0.089239910 0.036964381
v 0.351763809 0.085187053 0.045533428
v 0.351763809 0.080313797 0.053663964
v 0.351763809 0.074667076 0.061277686
v 0.351763809 0.068301270 0.068301270
v 0.351763809 0.061277686 0.074667076
v 0.351763809 0.053663964 0.080313797
v 0.351763809 0.045533428 0.085187053
v 0.351763809 0.036964381 0.089239910
v 0.351763809 0.028039347 0.092433338
v 0.351763809 0.018844278 0.094736583
v 0.351763809 0.009467729 0.096127463
v 0.351763809 0.000000000 0.096592583
v 0.351763809 -0.009467729 0.096127463
v 0.351763809 -0.018844278 0.094736583
v 0.351763809 -0.028039347 0.092433338
v 0.351763809 -0.036964381 0.089239910
v 0.351763809 -0.045533428 0.085187053
v 0.351763809 -0.053663964 0.080313797
v 0.351763809 -0.061277686 0.074667076
v 0.351763809 -0.068301270 0.068301270
v 0.351763809 -0.074667076 0.061277686
v 0.351763809 -0.080313797 0.053663964
v 0.351763809 -0.085187053 0.045533428
v 0.351763809 -0.089239910 0.036964381
v 0.351763809 -0.092433338 0.028039347
v 0.351763809 -0.094736583 0.018844278
v 0.351763809 -0.096127463 0.009467729
v 0.351763809 -0.096592583 0.000000000
v 0.351763809 -0.096127463 -0.009467729
v 0.351763809 -0.094736583 -0.018844278
v 0.351763809 -0.092433338 -0.028039347
v 0.351763809 -0.089239910 -0.036964381
v 0.351763809 -0.085187053 -0.045533428
v 0.351763809 -0.080313797 -0.053663964
v 0.351763809 -0.074667076 -0.061277686
v 0.351763809 -0.068301270 -0.068301270
v 0.351763809 -0.061277686 -0.074667076
v 0.351763809 -0.053663964 -0.080313797
v 0.351763809 -0.045533428 -0.085187053
v 0.351763809 -0.036964381 -0.089239910
v 0.351763809 -0.028039347 -0.092433338
v 0.351763809 -0.018844278 -0.094736583
v 0.351763809 -0.009467729 -0.096127463
v 0.351763809 -0.000000000 -0.096592583
v 0.351763809 0.009467729 -0.096127463
v 0.351763809 0.018844278 -0.094736583
v 0.351763809 0.028039347 -0.092433338
v 0.351763809 0.036964381 -0.089239910
v 0.351763809 0.045533428 -0.085187053
v 0.351763809 0.053663964 -0.080313797
v 0.351763809 0.061277686 -0.074667076
v 0.351763809 0.068301270 -0.068301270
v 0.351763809 0.074667076 -0.061277686
v 0.351763809 0.080313797 -0.053663964
v 0.351763809 0.085187053 -0.045533428
v 0.351763809 0.089239910 -0.036964381
v 0.351763809 0.092433338 -0.028039347
v 0.351763809 0.094736583 -0.018844278
v 0.351763809 0.096127463 -0.009467729
v 0.364287893 0.094693013 0.000000000
v 0.364287893 0.094237040 0.009281538
v 0.364287893 0.092873513 0.018473690
v 0.364287893 0.090615564 0.027487931
v 0.364287893 0.087484937 0.036237447
v 0.364287893 0.083511782 0.044637977
v 0.364287893 0.078734363 0.052608619
v 0.364287893 0.073198689 0.060072611
v 0.364287893 0.066958072 0.066958072
v 0.364287893 0.060072611 0.073198689
v 0.364287893 0.052608619 0.078734363
v 0.364287893 0.044637977 0.083511782
v 0.364287893 0.036237447 0.087484937
v 0.364287893 0.027487931 0.090615564
v 0.364287893 0.018473690 0.092873513
v 0.364287893 0.009281538 0.094237040
v 0.364287893 0.000000000 0.094693013
v 0.364287893 -0.009281538 0.094237040
v 0.364287893 -0.018473690 0.092873513
v 0.364287893 -0.027487931 0.090615564
v 0.364287893 -0.036237447 0.087484937
v 0.364287893 -0.044637977 0.083511782
v 0.364287893 -0.052608619 0.078734363
v 0.364287893 -0.060072611 0.073198689
v 0.364287893 -0.066958072 0.066958072
v 0.364287893 -0.073198689 0.060072611
v 0.364287893 -0.078734363 0.052608619
v 0.364287893 -0.083511782 0.044637977
v 0.364287893 -0.087484937 0.036237447
v 0.364287893 -0.090615564 0.027487931
v 0.364287893 -0.092873513 0.018473690
v 0.364287893 -0.094237040 0.009281538
v 0.364287893 -0.094693013 0.000000000
v 0.364287893 -0.094237040 -0.009281538
v 0.364287893 -0.092873513 -0.018473690
v 0.364287893 -0.090615564 -0.027487931
v 0.364287893 -0.087484937 -0.036237447
v 0.364287893 -0.083511782 -0.044637977
v 0.364287893 -0.078734363 -0.052608619
v 0.364287893 -0.073198689 -0.060072611
v 0.364287893 -0.066958072 -0.066958072
v 0.364287893 -0.060072611 -0.073198689
v 0.364287893 -0.052608619 -0.078734363
v 0.364287893 -0.044637977 -0.083511782
v 0.364287893 -0.036237447 -0.087484937
v 0.364287893 -0.027487931 -0.090615564
v 0.364287893 -0.018473690 -0.092873513
v 0.364287893 -0.009281538 -0.094237040
v 0.364287893 -0.000000000 -0.094693013
v 0.364287893 0.009281538 -0.094237040
v 0.364287893 0.018473690 -0.092873513
v 0.364287893 0.027487931 -0.090615564
v 0.364287893 0.036237447 -0.087484937
v 0.364287893 0.044637977 -0.083511782
v 0.364287893 0.052608619 -0.078734363
v 0.364287893 0.060072611 -0.073198689
v 0.364287893 0.066958072 -0.066958072
v 0.364287893 0.073198689 -0.060072611
v 0.364287893 0.078734363 -0.052608619
v 0.364287893 0.083511782 -0.044637977
v 0.364287893 0.087484937 -0.036237447
v 0.364287893 0.090615564 -0.027487931
v 0.364287893 0.092873513 -0.018473690
v 0.364287893 0.094237040 -0.009281538
v 0.376536686 0.092387953 0.000000000
v 0.376536686 0.091943080 0.009055603
v 0.376536686 0.090612745 0.018023996
v 0.376536686 0.088409759 0.026818807
v 0.376536686 0.085355339 0.035355339
v 0.376536686 0.081478901 0.043551380
v 0.376536686 0.076817776 0.051327997
v 0.376536686 0.071416854 0.058610297
v 0.376536686 0.065328148 0.065328148
v 0.376536686 0.058610297 0.071416854
v 0.376536686 0.051327997 0.076817776
v 0.376536686 0.043551380 0.081478901
v 0.376536686 0.035355339 0.085355339
v 0.376536686 0.026818807 0.088409759
v 0.376536686 0.018023996 0.090612745
v 0.376536686 0.009055603 0.091943080
v 0.376536686 0.000000000 0.092387953
v 0.376536686 -0.009055603 0.091943080
v 0.376536686 -0.018023996 0.090612745
v 0.376536686 -0.026818807 0.088409759
v 0.376536686 -0.035355339 0.085355339
v 0.376536686 -0.043551380 0.081478901
v 0.376536686 -0.051327997 0.076817776
v 0.376536686 -0.058610297 0.071416854
v 0.376536686 -0.065328148 0.065328148
v 0.376536686 -0.071416854 0.058610297
v 0.376536686 -0.076817776 0.051327997
v 0.376536686 -0.081478901 0.043551380
v 0.376536686 -0.085355339 0.035355339
v 0.376536686 -0.088409759 0.026818807
v 0.376536686 -0.090612745 0.018023996
v 0.376536686 -0.091943080 0.009055603
v 0.376536686 -0.092387953 0.000000000
v 0.376536686 -0.091943080 -0.009055603
v 0.376536686 -0.090612745 -0.018023996
v 0.376536686 -0.088409759 -0.026818807
v 0.376536686 -0.085355339 -0.035355339
v 0.376536686 -0.081478901 -0.043551380
v 0.376536686 -0.076817776 -0.051327997
v 0.376536686 -0.071416854 -0.058610297
v 0.376536686 -0.065328148 -0.065328148
v 0.376536686 -0.058610297 -0.071416854
v 0.376536686 -0.051327997 -0.076817776
v 0.376536686 -0.043551380 -0.081478901
v 0.376536686 -0.035355339 -0.085355339
v 0.376536686 -0.026818807 -0.088409759
v 0.376536686 -0.018023996 -0.090612745
v 0.376536686 -0.009055603 -0.091943080
v 0.376536686 -0.000000000 -0.092387953
v 0.376536686 0.009055603 -0.091943080
v 0.376536686 0.018023996 -0.090612745
v 0.376536686 0.026818807 -0.088409759
v 0.376536686 0.035355339 -0.085355339
v 0.376536686 0.043551380 -0.081478901
v 0.376536686 0.051327997 -0.076817776
v 0.376536686 0.058610297 -0.071416854
v 0.376536686 0.065328148 -0.065328148
v 0.376536686 0.071416854 -0.058610297
v 0.376536686 0.076817776 -0.051327997
v 0.376536686 0.081478901 -0.043551380
v 0.376536686 0.085355339 -0.035355339
v 0.376536686 0.088409759 -0.026818807
v 0.376536686 0.090612745 -0.018023996
v 0.376536686 0.091943080 -0.009055603
v 0.388457738 0.089687274 0.000000000
v 0.388457738 0.089255405 0.008790890
v 0.388457738 0.087963958 0.017497119
v 0.388457738 0.085825370 0.026034841
v 0.388457738 0.082860237 0.034321834
v 0.388457738 0.079097114 0.042278288
v 0.388457738 0.074572243 0.049827580
v 0.388457738 0.069329200 0.056897004
v 0.388457738 0.063418480 0.063418480
v 0.388457738 0.056897004 0.069329200
v 0.388457738 0.049827580 0.074572243
v 0.388457738 0.042278288 0.079097114
v 0.388457738 0.034321834 0.082860237
v 0.388457738 0.026034841 0.085825370
v 0.388457738 0.017497119 0.087963958
v 0.388457738 0.008790890 0.089255405
v 0.388457738 0.000000000 0.089687274
v 0.388457738 -0.008790890 0.089255405
v 0.388457738 -0.017497119 0.087963958
v 0.388457738 -0.026034841 0.085825370
v 0.388457738 -0.034321834 0.082860237
v 0.388457738 -0.042278288 0.079097114
v 0.388457738 -0.049827580 0.074572243
v 0.388457738 -0.056897004 0.069329200
v 0.388457738 -0.063418480 0.063418480
v 0.388457738 -0.069329200 0.056897004
v 0.388457738 -0.074572243 0.049827580
v 0.388457738 -0.079097114 0.042278288
v 0.388457738 -0.082860237 0.034321834
v 0.388457738 -0.085825370 0.026034841
v 0.388457738 -0.087963958 0.017497119
v 0.388457738 -0.089255405 0.008790890
v 0.388457738 -0.089687274 0.000000000
v 0.388457738 -0.089255405 -0.008790890
v 0.388457738 -0.087963958 -0.017497119
v 0.388457738 -0.085825370 -0.026034841
v 0.388457738 -0.082860237 -0.034321834
v 0.388457738 -0.079097114 -0.042278288
v 0.388457738 -0.074572243 -0.049827580
v 0.388457738 -0.069329200 -0.056897004
v 0.388457738 -0.063418480 -0.063418480
v 0.388457738 -0.056897004 -0.069329200
v 0.388457738 -0.049827580 -0.074572243
v 0.388457738 -0.042278288 -0.079097114
v 0.388457738 -0.034321834 -0.082860237
v 0.388457738 -0.026034841 -0.085825370
v 0.388457738 -0.017497119 -0.087963958
v 0.388457738 -0.008790890 -0.089255405
v 0.388457738 -0.000000000 -0.089687274
v 0.388457738 0.008790890 -0.089255405
v 0.388457738 0.017497119 -0.087963958
v 0.388457738 0.026034841 -0.085825370
v 0.388457738 0.034321834 -0.082860237
v 0.388457738 0.042278288 -0.079097114
v 0.388457738 0.049827580 -0.074572243
v 0.388457738 0.056897004 -0.069329200
v 0.388457738 0.063418480 -0.063418480
v 0.388457738 0.069329200 -0.056897004
v 0.388457738 0.074572243 -0.049827580
v 0.388457738 0.079097114 -0.042278288
v 0.388457738 0.082860237 -0.034321834
v 0.388457738 0.085825370 -0.026034841
v 0.388457738 0.087963958 -0.017497119
v 0.388457738 0.089255405 -0.008790890
v 0.400000000 0.086602540 0.000000000
v 0.400000000 0.086185525 0.008488533
v 0.400000000 0.084938497 0.016895317
v 0.400000000 0.082873464 0.025139390
v 0.400000000 0.080010315 0.033141357
v 0.400000000 0.076376622 0.040824155
v 0.400000000 0.072007381 0.048113794
v 0.400000000 0.066944669 0.054940070
v 0.400000000 0.061237244 0.061237244
v 0.400000000 0.054940070 0.066944669
v 0.400000000 0.048113794 0.072007381
v 0.400000000 0.040824155 0.076376622
v 0.400000000 0.033141357 0.080010315
v 0.400000000 0.025139390 0.082873464
v 0.400000000 0.016895317 0.084938497
v 0.400000000 0.008488533 0.086185525
v 0.400000000 0.000000000 0.086602540
v 0.400000000 -0.008488533 0.086185525
v 0.400000000 -0.016895317 0.084938497
v 0.400000000 -0.025139390 0.082873464
v 0.400000000 -0.033141357 0.080010315
v 0.400000000 -0.040824155 0.076376622
v 0.400000000 -0.048113794 0.072007381
v 0.400000000 -0.054940070 0.066944669
v 0.400000000 -0.061237244 0.061237244
v 0.400000000 -0.066944669 0.054940070
v 0.400000000 -0.072007381 0.048113794
v 0.400000000 -0.076376622 0.040824155
v 0.400000000 -0.080010315 0.033141357
v 0.400000000 -0.082873464 0.025139390
v 0.400000000 -0.084938497 0.016895317
v 0.400000000 -0.086185525 0.008488533
v 0.400000000 -0.086602540 0.000000000
v 0.400000000 -0.086185525 -0.008488533
v 0.400000000 -0.084938497 -0.016895317
v 0.400000000 -0.082873464 -0.025139390
v 0.400000000 -0.080010315 -0.033141357
v 0.400000000 -0.076376622 -0.040824155
v 0.400000000 -0.072007381 -0.048113794
v 0.400000000 -0.066944669 -0.054940070
v 0.400000000 -0.061237244 -0.061237244
v 0.400000000 -0.054940070 -0.066944669
v 0.400000000 -0.048113794 -0.072007381
v 0.400000000 -0.040824155 -0.076376622
v 0.400000000 -0.033141357 -0.080010315
v 0.400000000 -0.025139390 -0.082873464
v 0.400000000 -0.016895317 -0.084938497
v 0.400000000 -0.008488533 -0.086185525
v 0.400000000 -0.000000000 -0.086602540
v 0.400000000 0.008488533 -0.086185525
v 0.400000000 0.016895317 -0.084938497
v 0.400000000 0.025139390 -0.082873464
v 0.400000000 0.033141357 -0.080010315
v 0.400000000 0.040824155 -0.076376622
v 0.400000000 0.048113794 -0.072007381
v 0.400000000 0.054940070 -0.066944669
v 0.400000000 0.061237244 -0.061237244
v 0.400000000 0.066944669 -0.054940070
v 0.400000000 0.072007381 -0.048113794
v 0.400000000 0.076376622 -0.040824155
v 0.400000000 0.080010315 -0.033141357
v 0.400000000 0.082873464 -0.025139390
v 0.400000000 0.084938497 -0.016895317
v 0.400000000 0.086185525 -0.008488533
v 0.411114047 0.083146961 0.000000000
v 0.411114047 0.082746586 0.008149827
v 0.411114047 0.081549316 0.016221167
v 0.411114047 0.079566681 0.024136289
v 0.411114047 0.076817776 0.031818965
v 0.411114047 0.073329073 0.039195206
v 0.411114047 0.069134172 0.046193977
v 0.411114047 0.064273470 0.052747874
v 0.411114047 0.058793780 0.058793780
v 0.411114047 0.052747874 0.064273470
v 0.411114047 0.046193977 0.069134172
v 0.411114047 0.039195206 0.073329073
v 0.411114047 0.031818965 0.076817776
v 0.411114047 0.024136289 0.079566681
v 0.411114047 0.016221167 0.081549316
v 0.411114047 0.008149827 0.082746586
v 0.411114047 0.000000000 0.083146961
v 0.411114047 -0.008149827 0.082746586
v 0.411114047 -0.016221167 0.081549316
v 0.411114047 -0.024136289 0.079566681
v 0.411114047 -0.031818965 0.076817776
v 0.411114047 -0.039195206 0.073329073
v 0.411114047 -0.046193977 0.069134172
v 0.411114047 -0.052747874 0.064273470
v 0.411114047 -0.058793780 0.058793780
v 0.411114047 -0.064273470 0.052747874
v 0.411114047 -0.069134172 0.046193977
v 0.411114047 -0.073329073 0.039195206
v 0.411114047 -0.076817776 0.031818965
v 0.411114047 -0.079566681 0.024136289
v 0.411114047 -0.081549316 0.016221167
v 0.411114047 -0.082746586 0.008149827
v 0.411114047 -0.083146961 0.000000000
v 0.411114047 -0.082746586 -0.008149827
v 0.411114047 -0.081549316 -0.016221167
v 0.411114047 -0.079566681 -0.024136289
v 0.411114047 -0.076817776 -0.031818965
v 0.411114047 -0.073329073 -0.039195206
v 0.411114047 -0.069134172 -0.046193977
v 0.411114047 -0.064273470 -0.052747874
v 0.411114047 -0.058793780 -0.058793780
v 0.411114047 -0.052747874 -0.064273470
v 0.411114047 -0.046193977 -0.069134172
v 0.411114047 -0.039195206 -0.073329073
v 0.411114047 -0.031818965 -0.076817776
v 0.411114047 -0.024136289 -0.079566681
v 0.411114047 -0.016221167 -0.081549316
v 0.411114047 -0.008149827 -0.082746586
v 0.411114047 -0.000000000 -0.083146961
v 0.411114047 0.008149827 -0.082746586
v 0.411114047 0.016221167 -0.081549316
v 0.411114047 0.024136289 -0.079566681
v 0.411114047 0.031818965 -0.076817776
v 0.411114047 0.039195206 -0.073329073
v 0.411114047 0.046193977 -0.069134172
v 0.411114047 0.052747874 -0.064273470
v 0.411114047 0.058793780 -0.058793780
v 0.411114047 0.064273470 -0.052747874
v 0.411114047 0.069134172 -0.046193977
v 0.411114047 0.073329073 -0.039195206
v 0.411114047 0.076817776 -0.031818965
v 0.411114047 0.079566681 -0.024136289
v 0.411114047 0.081549316 -0.016221167
v 0.411114047 0.082746586 -0.008149827
v 0.421752286 0.079335334 0.000000000
v 0.421752286 0.078953313 0.007776223
v 0.421752286 0.077810928 0.015477556
v 0.421752286 0.075919181 0.023029832
v 0.421752286 0.073296291 0.030360318
v 0.421752286 0.069967518 0.037398418
v 0.421752286 0.065964919 0.044076350
v 0.421752286 0.061327043 0.050329803
v 0.421752286 0.056098553 0.056098553
v 0.421752286 0.050329803 0.061327043
v 0.421752286 0.044076350 0.065964919
v 0.421752286 0.037398418 0.069967518
v 0.421752286 0.030360318 0.073296291
v 0.421752286 0.023029832 0.075919181
v 0.421752286 0.015477556 0.077810928
v 0.421752286 0.007776223 0.078953313
v 0.421752286 0.000000000 0.079335334
v 0.421752286 -0.007776223 0.078953313
v 0.421752286 -0.015477556 0.077810928
v 0.421752286 -0.023029832 0.075919181
v 0.421752286 -0.030360318 0.073296291
v 0.421752286 -0.037398418 0.069967518
v 0.421752286 -0.044076350 0.065964919
v 0.421752286 -0.050329803 0.061327043
v 0.421752286 -0.056098553 0.056098553
v 0.421752286 -0.061327043 0.050329803
v 0.421752286 -0.065964919 0.044076350
v 0.421752286 -0.069967518 0.037398418
v 0.421752286 -0.073296291 0.030360318
v 0.421752286 -0.075919181 0.023029832
v 0.421752286 -0.077810928 0.015477556
v 0.421752286 -0.078953313 0.007776223
v 0.421752286 -0.079335334 0.000000000
v 0.421752286 -0.078953313 -0.007776223
v 0.421752286 -0.077810928 -0.015477556
v 0.421752286 -0.075919181 -0.023029832
v 0.421752286 -0.073296291 -0.030360318
v 0.421752286 -0.069967518 -0.037398418
v 0.421752286 -0.065964919 -0.044076350
v 0.421752286 -0.061327043 -0.050329803
v 0.421752286 -0.056098553 -0.056098553
v 0.421752286 -0.050329803 -0.061327043
v 0.421752286 -0.044076350 -0.065964919
v 0.421752286 -0.037398418 -0.069967518
v 0.421752286 -0.030360318 -0.073296291
v 0.421752286 -0.023029832 -0.075919181
v 0.421752286 -0.015477556 -0.077810928
v 0.421752286 -0.007776223 -0.078953313
v 0.421752286 -0.000000000 -0.079335334
v 0.421752286 0.007776223 -0.078953313
v 0.421752286 0.015477556 -0.077810928
v 0.421752286 0.023029832 -0.075919181
v 0.421752286 0.030360318 -0.073296291
v 0.421752286 0.037398418 -0.069967518
v 0.421752286 0.044076350 -0.065964919
v 0.421752286 0.050329803 -0.061327043
v 0.421752286 0.056098553 -0.056098553
v 0.421752286 0.061327043 -0.050329803
v 0.421752286 0.065964919 -0.044076350
v 0.421752286 0.069967518 -0.037398418
v 0.421752286 0.073296291 -0.030360318
v 0.421752286 0.075919181 -0.023029832
v 0.421752286 0.077810928 -0.015477556
v 0.421752286 0.078953313 -0.007776223
v 0.431869163 0.075183981 0.000000000
v 0.431869163 0.074821949 0.007369319
v 0.431869163 0.073739342 0.014667667
v 0.431869163 0.071946584 0.021824758
v 0.431869163 0.069460941 0.028771664
v 0.431869163 0.066306351 0.035441483
v 0.431869163 0.062513195 0.041769982
v 0.431869163 0.058118003 0.047696212
v 0.431869163 0.053163103 0.053163103
v 0.431869163 0.047696212 0.058118003
v 0.431869163 0.041769982 0.062513195
v 0.431869163 0.035441483 0.066306351
v 0.431869163 0.028771664 0.069460941
v 0.431869163 0.021824758 0.071946584
v 0.431869163 0.014667667 0.073739342
v 0.431869163 0.007369319 0.074821949
v 0.431869163 0.000000000 0.075183981
v 0.431869163 -0.007369319 0.074821949
v 0.431869163 -0.014667667 0.073739342
v 0.431869163 -0.021824758 0.071946584
v 0.431869163 -0.028771664 0.069460941
v 0.431869163 -0.035441483 0.066306351
v 0.431869163 -0.041769982 0.062513195
v 0.431869163 -0.047696212 0.058118003
v 0.431869163 -0.053163103 0.053163103
v 0.431869163 -0.058118003 0.047696212
v 0.431869163 -0.062513195 0.041769982
v 0.431869163 -0.066306351 0.035441483
v 0.431869163 -0.069460941 0.028771664
v 0.431869163 -0.071946584 0.021824758
v 0.431869163 -0.073739342 0.014667667
v 0.431869163 -0.074821949 0.007369319
v 0.431869163 -0.075183981 0.000000000
v 0.431869163 -0.074821949 -0.007369319
v 0.431869163 -0.073739342 -0.014667667
v 0.431869163 -0.071946584 -0.021824758
v 0.431869163 -0.069460941 -0.028771664
v 0.431869163 -0.066306351 -0.035441483
v 0.431869163 -0.062513195 -0.041769982
v 0.431869163 -0.058118003 -0.047696212
v 0.431869163 -0.053163103 -0.053163103
v 0.431869163 -0.047696212 -0.058118003
v 0.431869163 -0.041769982 -0.062513195
v 0.431869163 -0.035441483 -0.066306351
v 0.431869163 -0.028771664 -0.069460941
v 0.431869163 -0.021824758 -0.071946584
v 0.431869163 -0.014667667 -0.073739342
v 0.431869163 -0.007369319 -0.074821949
v 0.431869163 -0.000000000 -0.075183981
v 0.431869163 0.007369319 -0.074821949
v 0.431869163 0.014667667 -0.073739342
v 0.431869163 0.021824758 -0.071946584
v 0.431869163 0.028771664 -0.069460941
v 0.431869163 0.035441483 -0.066306351
v 0.431869163 0.041769982 -0.062513195
v 0.431869163 0.047696212 -0.058118003
v 0.431869163 0.053163103 -0.053163103
v 0.431869163 0.058118003 -0.047696212
v 0.431869163 0.062513195 -0.041769982
v 0.431869163 0.066306351 -0.035441483
v 0.431869163 0.069460941 -0.028771664
v 0.431869163 0.071946584 -0.021824758
v 0.431869163 0.073739342 -0.014667667
v 0.431869163 0.074821949 -0.007369319
v 0.441421356 0.070710678 0.000000000
v 0.441421356 0.070370187 0.006930858
v 0.441421356 0.069351992 0.013794969
v 0.441421356 0.067665900 0.020526226
v 0.441421356 0.065328148 0.027059805
v 0.441421356 0.062361251 0.033332783
v 0.441421356 0.058793780 0.039284748
v 0.441421356 0.054660093 0.044858379
v 0.441421356 0.050000000 0.050000000
v 0.441421356 0.044858379 0.054660093
v 0.441421356 0.039284748 0.058793780
v 0.441421356 0.033332783 0.062361251
v 0.441421356 0.027059805 0.065328148
v 0.441421356 0.020526226 0.067665900
v 0.441421356 0.013794969 0.069351992
v 0.441421356 0.006930858 0.070370187
v 0.441421356 0.000000000 0.070710678
v 0.441421356 -0.006930858 0.070370187
v 0.441421356 -0.013794969 0.069351992
v 0.441421356 -0.020526226 0.067665900
v 0.441421356 -0.027059805 0.065328148
v 0.441421356 -0.033332783 0.062361251
v 0.441421356 -0.039284748 0.058793780
v 0.441421356 -0.044858379 0.054660093
v 0.441421356 -0.050000000 0.050000000
v 0.441421356 -0.054660093 0.044858379
v 0.441421356 -0.058793780 0.039284748
v 0.441421356 -0.062361251 0.033332783
v 0.441421356 -0.065328148 0.027059805
v 0.441421356 -0.067665900 0.020526226
v 0.441421356 -0.069351992 0.013794969
v 0.441421356 -0.070370187 0.006930858
v 0.441421356 -0.070710678 0.000000000
v 0.441421356 -0.070370187 -0.006930858
v 0.441421356 -0.069351992 -0.013794969
v 0.441421356 -0.067665900 -0.020526226
v 0.441421356 -0.065328148 -0.027059805
v 0.441421356 -0.062361251 -0.033332783
v 0.441421356 -0.058793780 -0.039284748
v 0.441421356 -0.054660093 -0.044858379
v 0.441421356 -0.050000000 -0.050000000
v 0.441421356 -0.044858379 -0.054660093
v 0.441421356 -0.039284748 -0.058793780
v 0.441421356 -0.033332783 -0.062361251
v 0.441421356 -0.027059805 -0.065328148
v 0.441421356 -0.020526226 -0.067665900
v 0.441421356 -0.013794969 -0.069351992
v 0.441421356 -0.006930858 -0.070370187
v 0.441421356 -0.000000000 -0.070710678
v 0.441421356 0.006930858 -0.070370187
v 0.441421356 0.013794969 -0.069351992
v 0.441421356 0.020526226 -0.067665900
v 0.441421356 0.027059805 -0.065328148
v 0.441421356 0.033332783 -0.062361251
v 0.441421356 0.039284748 -0.058793780
v 0.441421356 0.044858379 -0.054660093
v 0.441421356 0.050000000 -0.050000000
v 0.441421356 0.054660093 -0.044858379
v 0.441421356 0.058793780 -0.039284748
v 0.441421356 0.062361251 -0.033332783
v 0.441421356 0.065328148 -0.027059805
v 0.441421356 0.067665900 -0.020526226
v 0.441421356 0.069351992 -0.013794969
v 0.441421356 0.070370187 -0.006930858
v 0.450367961 0.065934582 0.000000000
v 0.450367961 0.065617088 0.006462719
v 0.450367961 0.064667667 0.012863199
v 0.450367961 0.063095461 0.019139799
v 0.450367961 0.060915610 0.025232072
v 0.450367961 0.058149109 0.031081347
v 0.450367961 0.054822601 0.036631291
v 0.450367961 0.050968121 0.041828456
v 0.450367961 0.046622790 0.046622790
v 0.450367961 0.041828456 0.050968121
v 0.450367961 0.036631291 0.054822601
v 0.450367961 0.031081347 0.058149109
v 0.450367961 0.025232072 0.060915610
v 0.450367961 0.019139799 0.063095461
v 0.450367961 0.012863199 0.064667667
v 0.450367961 0.006462719 0.065617088
v 0.450367961 0.000000000 0.065934582
v 0.450367961 -0.006462719 0.065617088
v 0.450367961 -0.012863199 0.064667667
v 0.450367961 -0.019139799 0.063095461
v 0.450367961 -0.025232072 0.060915610
v 0.450367961 -0.031081347 0.058149109
v 0.450367961 -0.036631291 0.054822601
v 0.450367961 -0.041828456 0.050968121
v 0.450367961 -0.046622790 0.046622790
v 0.450367961 -0.050968121 0.041828456
v 0.450367961 -0.054822601 0.036631291
v 0.450367961 -0.058149109 0.031081347
v 0.450367961 -0.060915610 0.025232072
v 0.450367961 -0.063095461 0.019139799
v 0.450367961 -0.064667667 0.012863199
v 0.450367961 -0.065617088 0.006462719
v 0.450367961 -0.065934582 0.000000000
v 0.450367961 -0.065617088 -0.006462719
v 0.450367961 -0.064667667 -0.012863199
v 0.450367961 -0.063095461 -0.019139799
v 0.450367961 -0.060915610 -0.025232072
v 0.450367961 -0.058149109 -0.031081347
v 0.450367961 -0.054822601 -0.036631291
v 0.450367961 -0.050968121 -0.041828456
v 0.450367961 -0.046622790 -0.046622790
v 0.450367961 -0.041828456 -0.050968121
v 0.450367961 -0.036631291 -0.054822601
v 0.450367961 -0.031081347 -0.058149109
v 0.450367961 -0.025232072 -0.060915610
v 0.450367961 -0.019139799 -0.063095461
v 0.450367961 -0.012863199 -0.064667667
v 0.450367961 -0.006462719 -0.065617088
v 0.450367961 -0.000000000 -0.065934582
v 0.450367961 0.006462719 -0.065617088
v 0.450367961 0.012863199 -0.064667667
v 0.450367961 0.019139799 -0.063095461
v 0.450367961 0.025232072 -0.060915610
v 0.450367961 0.031081347 -0.058149109
v 0.450367961 0.036631291 -0.054822601
v 0.450367961 0.041828456 -0.050968121
v 0.450367961 0.046622790 -0.046622790
v 0.450367961 0.050968121 -0.041828456
v 0.450367961 0.054822601 -0.036631291
v 0.450367961 0.058149109 -0.031081347
v 0.450367961 0.060915610 -0.025232072
v 0.450367961 0.063095461 -0.019139799
v 0.450367961 0.064667667 -0.012863199
v 0.450367961 0.065617088 -0.006462719
v 0.458670668 0.060876143 0.000000000
v 0.458670668 0.060583008 0.005966905
v 0.458670668 0.059706425 0.011876346
v 0.458670668 0.058254837 0.017671411
v 0.458670668 0.056242222 0.023296291
v 0.458670668 0.053687965 0.028696815
v 0.458670668 0.050616663 0.033820973
v 0.458670668 0.047057895 0.038619416
v 0.458670668 0.043045933 0.043045933
v 0.458670668 0.038619416 0.047057895
v 0.458670668 0.033820973 0.050616663
v 0.458670668 0.028696815 0.053687965
v 0.458670668 0.023296291 0.056242222
v 0.458670668 0.017671411 0.058254837
v 0.458670668 0.011876346 0.059706425
v 0.458670668 0.005966905 0.060583008
v 0.458670668 0.000000000 0.060876143
v 0.458670668 -0.005966905 0.060583008
v 0.458670668 -0.011876346 0.059706425
v 0.458670668 -0.017671411 0.058254837
v 0.458670668 -0.023296291 0.056242222
v 0.458670668 -0.028696815 0.053687965
v 0.458670668 -0.033820973 0.050616663
v 0.458670668 -0.038619416 0.047057895
v 0.458670668 -0.043045933 0.043045933
v 0.458670668 -0.047057895 0.038619416
v 0.458670668 -0.050616663 0.033820973
v 0.458670668 -0.053687965 0.028696815
v 0.458670668 -0.056242222 0.023296291
v 0.458670668 -0.058254837 0.017671411
v 0.458670668 -0.059706425 0.011876346
v 0.458670668 -0.060583008 0.005966905
v 0.458670668 -0.060876143 0.000000000
v 0.458670668 -0.060583008 -0.005966905
v 0.458670668 -0.059706425 -0.011876346
v 0.458670668 -0.058254837 -0.017671411
v 0.458670668 -0.056242222 -0.023296291
v 0.458670668 -0.053687965 -0.028696815
v 0.458670668 -0.050616663 -0.033820973
v 0.458670668 -0.047057895 -0.038619416
v 0.458670668 -0.043045933 -0.043045933
v 0.458670668 -0.038619416 -0.047057895
v 0.458670668 -0.033820973 -0.050616663
v 0.458670668 -0.028696815 -0.053687965
v 0.458670668 -0.023296291 -0.056242222
v 0.458670668 -0.017671411 -0.058254837
v 0.458670668 -0.011876346 -0.059706425
v 0.458670668 -0.005966905 -0.060583008
v 0.458670668 -0.000000000 -0.060876143
v 0.458670668 0.005966905 -0.060583008
v 0.458670668 0.011876346 -0.059706425
v 0.458670668 0.017671411 -0.058254837
v 0.458670668 0.023296291 -0.056242222
v 0.458670668 0.028696815 -0.053687965
v 0.458670668 0.033820973 -0.050616663
v 0.458670668 0.038619416 -0.047057895
v 0.458670668 0.043045933 -0.043045933
v 0.458670668 0.047057895 -0.038619416
v 0.458670668 0.050616663 -0.033820973
v 0.458670668 0.053687965 -0.028696815
v 0.458670668 0.056242222 -0.023296291
v 0.458670668 0.058254837 -0.017671411
v 0.458670668 0.059706425 -0.011876346
v 0.458670668 0.060583008 -0.005966905
v 0.466293922 0.055557023 0.000000000
v 0.466293922 0.055289501 0.005445541
v 0.466293922 0.054489511 0.010838638
v 0.466293922 0.053164757 0.016127353
v 0.466293922 0.051327997 0.021260752
v 0.466293922 0.048996920 0.026189399
v 0.466293922 0.046193977 0.030865828
v 0.466293922 0.042946160 0.035245002
v 0.466293922 0.039284748 0.039284748
v 0.466293922 0.035245002 0.042946160
v 0.466293922 0.030865828 0.046193977
v 0.466293922 0.026189399 0.048996920
v 0.466293922 0.021260752 0.051327997
v 0.466293922 0.016127353 0.053164757
v 0.466293922 0.010838638 0.054489511
v 0.466293922 0.005445541 0.055289501
v 0.466293922 0.000000000 0.055557023
v 0.466293922 -0.005445541 0.055289501
v 0.466293922 -0.010838638 0.054489511
v 0.466293922 -0.016127353 0.053164757
v 0.466293922 -0.021260752 0.051327997
v 0.466293922 -0.026189399 0.048996920
v 0.466293922 -0.030865828 0.046193977
v 0.466293922 -0.035245002 0.042946160
v 0.466293922 -0.039284748 0.039284748
v 0.466293922 -0.042946160 0.035245002
v 0.466293922 -0.046193977 0.030865828
v 0.466293922 -0.048996920 0.026189399
v 0.466293922 -0.051327997 0.021260752
v 0.466293922 -0.053164757 0.016127353
v 0.466293922 -0.054489511 0.010838638
v 0.466293922 -0.055289501 0.005445541
v 0.466293922 -0.055557023 0.000000000
v 0.466293922 -0.055289501 -0.005445541
v 0.466293922 -0.054489511 -0.010838638
v 0.466293922 -0.053164757 -0.016127353
v 0.466293922 -0.051327997 -0.021260752
v 0.466293922 -0.048996920 -0.026189399
v 0.466293922 -0.046193977 -0.030865828
v 0.466293922 -0.042946160 -0.035245002
v 0.466293922 -0.039284748 -0.039284748
v 0.466293922 -0.035245002 -0.042946160
v 0.466293922 -0.030865828 -0.046193977
v 0.466293922 -0.026189399 -0.048996920
v 0.466293922 -0.021260752 -0.051327997
v 0.466293922 -0.016127353 -0.053164757
v 0.466293922 -0.010838638 -0.054489511
v 0.466293922 -0.005445541 -0.055289501
v 0.466293922 -0.000000000 -0.055557023
v 0.466293922 0.005445541 -0.055289501
v 0.466293922 0.010838638 -0.054489511
v 0.466293922 0.016127353 -0.053164757
v 0.466293922 0.021260752 -0.051327997
v 0.466293922 0.026189399 -0.048996920
v 0.466293922 0.030865828 -0.046193977
v 0.466293922 0.035245002 -0.042946160
v 0.466293922 0.039284748 -0.039284748
v 0.466293922 0.042946160 -0.035245002
v 0.466293922 0.046193977 -0.030865828
v 0.466293922 0.048996920 -0.026189399
v 0.466293922 0.051327997 -0.021260752
v 0.466293922 0.053164757 -0.016127353
v 0.466293922 0.054489511 -0.010838638
v 0.466293922 0.055289501 -0.005445541
v 0.473205081 0.050000000 0.000000000
v 0.473205081 0.049759236 0.004900857
v 0.473205081 0.049039264 0.009754516
v 0.473205081 0.047847017 0.014514234
v 0.473205081 0.046193977 0.019134172
v 0.473205081 0.044096063 0.023569837
v 0.473205081 0.041573481 0.027778512
v 0.473205081 0.038650523 0.031719664
v 0.473205081 0.035355339 0.035355339
v 0.473205081 0.031719664 0.038650523
v 0.473205081 0.027778512 0.041573481
v 0.473205081 0.023569837 0.044096063
v 0.473205081 0.019134172 0.046193977
v 0.473205081 0.014514234 0.047847017
v 0.473205081 0.009754516 0.049039264
v 0.473205081 0.004900857 0.049759236
v 0.473205081 0.000000000 0.050000000
v 0.473205081 -0.004900857 0.049759236
v 0.473205081 -0.009754516 0.049039264
v 0.473205081 -0.014514234 0.047847017
v 0.473205081 -0.019134172 0.046193977
v 0.473205081 -0.023569837 0.044096063
v 0.473205081 -0.027778512 0.041573481
v 0.473205081 -0.031719664 0.038650523
v 0.473205081 -0.035355339 0.035355339
v 0.473205081 -0.038650523 0.031719664
v 0.473205081 -0.041573481 0.027778512
v 0.473205081 -0.044096063 0.023569837
v 0.473205081 -0.046193977 0.019134172
v 0.473205081 -0.047847017 0.014514234
v 0.473205081 -0.049039264 0.009754516
v 0.473205081 -0.049759236 0.004900857
v 0.473205081 -0.050000000 0.000000000
v 0.473205081 -0.049759236 -0.004900857
v 0.473205081 -0.049039264 -0.009754516
v 0.473205081 -0.047847017 -0.014514234
v 0.473205081 -0.046193977 -0.019134172
v 0.473205081 -0.044096063 -0.023569837
v 0.473205081 -0.041573481 -0.027778512
v 0.473205081 -0.038650523 -0.031719664
v 0.473205081 -0.035355339 -0.035355339
v 0.473205081 -0.031719664 -0.038650523
v 0.473205081 -0.027778512 -0.041573481
v 0.473205081 -0.023569837 -0.044096063
v 0.473205081 -0.019134172 -0.046193977
v 0.473205081 -0.014514234 -0.047847017
v 0.473205081 -0.009754516 -0.049039264
v 0.473205081 -0.004900857 -0.049759236
v 0.473205081 -0.000000000 -0.050000000
v 0.473205081 0.004900857 -0.049759236
v 0.473205081 0.009754516 -0.049039264
v 0.473205081 0.014514234 -0.047847017
v 0.473205081 0.019134172 -0.046193977
v 0.473205081 0.023569837 -0.044096063
v 0.473205081 0.027778512 -0.041573481
v 0.473205081 0.031719664 -0.038650523
v 0.473205081 0.035355339 -0.035355339
v 0.473205081 0.038650523 -0.031719664
v 0.473205081 0.041573481 -0.027778512
v 0.473205081 0.044096063 -0.023569837
v 0.473205081 0.046193977 -0.019134172
v 0.473205081 0.047847017 -0.014514234
v 0.473205081 0.049039264 -0.009754516
v 0.473205081 0.049759236 -0.004900857
v 0.479374548 0.044228869 0.000000000
v 0.479374548 0.044015895 0.004335187
v 0.479374548 0.043379024 0.008628624
v 0.479374548 0.042324389 0.012838963
v 0.479374548 0.040862147 0.016925655
v 0.479374548 0.039006380 0.020849345
v 0.479374548 0.036774961 0.024572243
v 0.479374548 0.034189378 0.028058497
v 0.479374548 0.031274533 0.031274533
v 0.479374548 0.028058497 0.034189378
v 0.479374548 0.024572243 0.036774961
v 0.479374548 0.020849345 0.039006380
v 0.479374548 0.016925655 0.040862147
v 0.479374548 0.012838963 0.042324389
v 0.479374548 0.008628624 0.043379024
v 0.479374548 0.004335187 0.044015895
v 0.479374548 0.000000000 0.044228869
v 0.479374548 -0.004335187 0.044015895
v 0.479374548 -0.008628624 0.043379024
v 0.479374548 -0.012838963 0.042324389
v 0.479374548 -0.016925655 0.040862147
v 0.479374548 -0.020849345 0.039006380
v 0.479374548 -0.024572243 0.036774961
v 0.479374548 -0.028058497 0.034189378
v 0.479374548 -0.031274533 0.031274533
v 0.479374548 -0.034189378 0.028058497
v 0.479374548 -0.036774961 0.024572243
v 0.479374548 -0.039006380 0.020849345
v 0.479374548 -0.040862147 0.016925655
v 0.479374548 -0.042324389 0.012838963
v 0.479374548 -0.043379024 0.008628624
v 0.479374548 -0.044015895 0.004335187
v 0.479374548 -0.044228869 0.000000000
v 0.479374548 -0.044015895 -0.004335187
v 0.479374548 -0.043379024 -0.008628624
v 0.479374548 -0.042324389 -0.012838963
v 0.479374548 -0.040862147 -0.016925655
v 0.479374548 -0.039006380 -0.020849345
v 0.479374548 -0.036774961 -0.024572243
v 0.479374548 -0.034189378 -0.028058497
v 0.479374548 -0.031274533 -0.031274533
v 0.479374548 -0.028058497 -0.034189378
v 0.479374548 -0.024572243 -0.036774961
v 0.479374548 -0.020849345 -0.039006380
v 0.479374548 -0.016925655 -0.040862147
v 0.479374548 -0.012838963 -0.042324389
v 0.479374548 -0.008628624 -0.043379024
v 0.479374548 -0.004335187 -0.044015895
v 0.479374548 -0.000000000 -0.044228869
v 0.479374548 0.004335187 -0.044015895
v 0.479374548 0.008628624 -0.043379024
v 0.479374548 0.012838963 -0.042324389
v 0.479374548 0.016925655 -0.040862147
v 0.479374548 0.020849345 -0.039006380
v 0.479374548 0.024572243 -0.036774961
v 0.479374548 0.028058497 -0.034189378
v 0.479374548 0.031274533 -0.031274533
v 0.479374548 0.034189378 -0.028058497
v 0.479374548 0.036774961 -0.024572243
v 0.479374548 0.039006380 -0.020849345
v 0.479374548 0.040862147 -0.016925655
v 0.479374548 0.042324389 -0.012838963
v 0.479374548 0.043379024 -0.008628624
v 0.479374548 0.044015895 -0.004335187
v 0.484775907 0.038268343 0.000000000
v 0.484775907 0.038084071 0.003750954
v 0.484775907 0.037533028 0.007465783
v 0.484775907 0.036620521 0.011108714
v 0.484775907 0.035355339 0.014644661
v 0.484775907 0.033749666 0.018039572
v 0.484775907 0.031818965 0.021260752
v 0.484775907 0.029581829 0.024277180
v 0.484775907 0.027059805 0.027059805
v 0.484775907 0.024277180 0.029581829
v 0.484775907 0.021260752 0.031818965
v 0.484775907 0.018039572 0.033749666
v 0.484775907 0.014644661 0.035355339
v 0.484775907 0.011108714 0.036620521
v 0.484775907 0.007465783 0.037533028
v 0.484775907 0.003750954 0.038084071
v 0.484775907 0.000000000 0.038268343
v 0.484775907 -0.003750954 0.038084071
v 0.484775907 -0.007465783 0.037533028
v 0.484775907 -0.011108714 0.036620521
v 0.484775907 -0.014644661 0.035355339
v 0.484775907 -0.018039572 0.033749666
v 0.484775907 -0.021260752 0.031818965
v 0.484775907 -0.024277180 0.029581829
v 0.484775907 -0.027059805 0.027059805
v 0.484775907 -0.029581829 0.024277180
v 0.484775907 -0.031818965 0.021260752
v 0.484775907 -0.033749666 0.018039572
v 0.484775907 -0.035355339 0.014644661
v 0.484775907 -0.036620521 0.011108714
v 0.484775907 -0.037533028 0.007465783
v 0.484775907 -0.038084071 0.003750954
v 0.484775907 -0.038268343 0.000000000
v 0.484775907 -0.038084071 -0.003750954
v 0.484775907 -0.037533028 -0.007465783
v 0.484775907 -0.036620521 -0.011108714
v 0.484775907 -0.035355339 -0.014644661
v 0.484775907 -0.033749666 -0.018039572
v 0.484775907 -0.031818965 -0.021260752
v 0.484775907 -0.029581829 -0.024277180
v 0.484775907 -0.027059805 -0.027059805
v 0.484775907 -0.024277180 -0.029581829
v 0.484775907 -0.021260752 -0.031818965
v 0.484775907 -0.018039572 -0.033749666
v 0.484775907 -0.014644661 -0.035355339
v 0.484775907 -0.011108714 -0.036620521
v 0.484775907 -0.007465783 -0.037533028
v 0.484775907 -0.003750954 -0.038084071
v 0.484775907 -0.000000000 -0.038268343
v 0.484775907 0.003750954 -0.038084071
v 0.484775907 0.007465783 -0.037533028
v 0.484775907 0.011108714 -0.036620521
v 0.484775907 0.014644661 -0.035355339
v 0.484775907 0.018039572 -0.033749666
v 0.484775907 0.021260752 -0.031818965
v 0.484775907 0.024277180 -0.029581829
v 0.484775907 0.027059805 -0.027059805
v 0.484775907 0.029581829 -0.024277180
v 0.484775907 0.031818965 -0.021260752
v 0.484775907 0.033749666 -0.018039572
v 0.484775907 0.035355339 -0.014644661
v 0.484775907 0.036620521 -0.011108714
v 0.484775907 0.037533028 -0.007465783
v 0.484775907 0.038084071 -0.003750954
v 0.489386026 0.032143947 0.000000000
v 0.489386026 0.031989165 0.003150658
v 0.489386026 0.031526310 0.006270973
v 0.489386026 0.030759839 0.009330895
v 0.489386026 0.029697134 0.012300956
v 0.489386026 0.028348430 0.015152552
v 0.489386026 0.026726715 0.017858220
v 0.489386026 0.024847607 0.020391904
v 0.489386026 0.022729203 0.022729203
v 0.489386026 0.020391904 0.024847607
v 0.489386026 0.017858220 0.026726715
v 0.489386026 0.015152552 0.028348430
v 0.489386026 0.012300956 0.029697134
v 0.489386026 0.009330895 0.030759839
v 0.489386026 0.006270973 0.031526310
v 0.489386026 0.003150658 0.031989165
v 0.489386026 0.000000000 0.032143947
v 0.489386026 -0.003150658 0.031989165
v 0.489386026 -0.006270973 0.031526310
v 0.489386026 -0.009330895 0.030759839
v 0.489386026 -0.012300956 0.029697134
v 0.489386026 -0.015152552 0.028348430
v 0.489386026 -0.017858220 0.026726715
v 0.489386026 -0.020391904 0.024847607
v 0.489386026 -0.022729203 0.022729203
v 0.489386026 -0.024847607 0.020391904
v 0.489386026 -0.026726715 0.017858220
v 0.489386026 -0.028348430 0.015152552
v 0.489386026 -0.029697134 0.012300956
v 0.489386026 -0.030759839 0.009330895
v 0.489386026 -0.031526310 0.006270973
v 0.489386026 -0.031989165 0.003150658
v 0.489386026 -0.032143947 0.000000000
v 0.489386026 -0.031989165 -0.003150658
v 0.489386026 -0.031526310 -0.006270973
v 0.489386026 -0.030759839 -0.009330895
v 0.489386026 -0.029697134 -0.012300956
v 0.489386026 -0.028348430 -0.015152552
v 0.489386026 -0.026726715 -0.017858220
v 0.489386026 -0.024847607 -0.020391904
v 0.489386026 -0.022729203 -0.022729203
v 0.489386026 -0.020391904 -0.024847607
v 0.489386026 -0.017858220 -0.026726715
v 0.489386026 -0.015152552 -0.028348430
v 0.489386026 -0.012300956 -0.029697134
v 0.489386026 -0.009330895 -0.030759839
v 0.489386026 -0.006270973 -0.031526310
v 0.489386026 -0.003150658 -0.031989165
v 0.489386026 -0.000000000 -0.032143947
v 0.489386026 0.003150658 -0.031989165
v 0.489386026 0.006270973 -0.031526310
v 0.489386026 0.009330895 -0.030759839
v 0.489386026 0.012300956 -0.029697134
v 0.489386026 0.015152552 -0.028348430
v 0.489386026 0.017858220 -0.026726715
v 0.489386026 0.020391904 -0.024847607
v 0.489386026 0.022729203 -0.022729203
v 0.489386026 0.024847607 -0.020391904
v 0.489386026 0.026726715 -0.017858220
v 0.489386026 0.028348430 -0.015152552
v 0.489386026 0.029697134 -0.012300956
v 0.489386026 0.030759839 -0.009330895
v 0.489386026 0.031526310 -0.006270973
v 0.489386026 0.031989165 -0.003150658
v 0.493185165 0.025881905 0.000000000
v 0.493185165 0.025757276 0.002536870
v 0.493185165 0.025384591 0.005049309
v 0.493185165 0.024767438 0.007513120
v 0.493185165 0.023911762 0.009904576
v 0.493185165 0.022825802 0.012200645
v 0.493185165 0.021520017 0.014379216
v 0.493185165 0.020006983 0.016419306
v 0.493185165 0.018301270 0.018301270
v 0.493185165 0.016419306 0.020006983
v 0.493185165 0.014379216 0.021520017
v 0.493185165 0.012200645 0.022825802
v 0.493185165 0.009904576 0.023911762
v 0.493185165 0.007513120 0.024767438
v 0.493185165 0.005049309 0.025384591
v 0.493185165 0.002536870 0.025757276
v 0.493185165 0.000000000 0.025881905
v 0.493185165 -0.002536870 0.025757276
v 0.493185165 -0.005049309 0.025384591
v 0.493185165 -0.007513120 0.024767438
v 0.493185165 -0.009904576 0.023911762
v 0.493185165 -0.012200645 0.022825802
v 0.493185165 -0.014379216 0.021520017
v 0.493185165 -0.016419306 0.020006983
v 0.493185165 -0.018301270 0.018301270
v 0.493185165 -0.020006983 0.016419306
v 0.493185165 -0.021520017 0.014379216
v 0.493185165 -0.022825802 0.012200645
v 0.493185165 -0.023911762 0.009904576
v 0.493185165 -0.024767438 0.007513120
v 0.493185165 -0.025384591 0.005049309
v 0.493185165 -0.025757276 0.002536870
v 0.493185165 -0.025881905 0.000000000
v 0.493185165 -0.025757276 -0.002536870
v 0.493185165 -0.025384591 -0.005049309
v 0.493185165 -0.024767438 -0.007513120
v 0.493185165 -0.023911762 -0.009904576
v 0.493185165 -0.022825802 -0.012200645
v 0.493185165 -0.021520017 -0.014379216
v 0.493185165 -0.020006983 -0.016419306
v 0.493185165 -0.018301270 -0.018301270
v 0.493185165 -0.016419306 -0.020006983
v 0.493185165 -0.014379216 -0.021520017
v 0.493185165 -0.012200645 -0.022825802
v 0.493185165 -0.009904576 -0.023911762
v 0.493185165 -0.007513120 -0.024767438
v 0.493185165 -0.005049309 -0.025384591
v 0.493185165 -0.002536870 -0.025757276
v 0.493185165 -0.000000000 -0.025881905
v 0.493185165 0.002536870 -0.025757276
v 0.493185165 0.005049309 -0.025384591
v 0.493185165 0.007513120 -0.024767438
v 0.493185165 0.009904576 -0.023911762
v 0.493185165 0.012200645 -0.022825802
v 0.493185165 0.014379216 -0.021520017
v 0.493185165 0.016419306 -0.020006983
v 0.493185165 0.018301270 -0.018301270
v 0.493185165 0.020006983 -0.016419306
v 0.493185165 0.021520017 -0.014379216
v 0.493185165 0.022825802 -0.012200645
v 0.493185165 0.023911762 -0.009904576
v 0.493185165 0.024767438 -0.007513120
v 0.493185165 0.025384591 -0.005049309
v 0.493185165 0.025757276 -0.002536870
v 0.496157056 0.019509032 0.000000000
v 0.496157056 0.019415091 0.001912220
v 0.496157056 0.019134172 0.003806023
v 0.496157056 0.018668980 0.005663173
v 0.496157056 0.018023996 0.007465783
v 0.496157056 0.017205430 0.009196494
v 0.496157056 0.016221167 0.010838638
v 0.496157056 0.015080686 0.012376399
v 0.496157056 0.013794969 0.013794969
v 0.496157056 0.012376399 0.015080686
v 0.496157056 0.010838638 0.016221167
v 0.496157056 0.009196494 0.017205430
v 0.496157056 0.007465783 0.018023996
v 0.496157056 0.005663173 0.018668980
v 0.496157056 0.003806023 0.019134172
v 0.496157056 0.001912220 0.019415091
v 0.496157056 0.000000000 0.019509032
v 0.496157056 -0.001912220 0.019415091
v 0.496157056 -0.003806023 0.019134172
v 0.496157056 -0.005663173 0.018668980
v 0.496157056 -0.007465783 0.018023996
v 0.496157056 -0.009196494 0.017205430
v 0.496157056 -0.010838638 0.016221167
v 0.496157056 -0.012376399 0.015080686
v 0.496157056 -0.013794969 0.013794969
v 0.496157056 -0.015080686 0.012376399
v 0.496157056 -0.016221167 0.010838638
v 0.496157056 -0.017205430 0.009196494
v 0.496157056 -0.018023996 0.007465783
v 0.496157056 -0.018668980 0.005663173
v 0.496157056 -0.019134172 0.003806023
v 0.496157056 -0.019415091 0.001912220
v 0.496157056 -0.019509032 0.000000000
v 0.496157056 -0.019415091 -0.001912220
v 0.496157056 -0.019134172 -0.003806023
v 0.496157056 -0.018668980 -0.005663173
v 0.496157056 -0.018023996 -0.007465783
v 0.496157056 -0.017205430 -0.009196494
v 0.496157056 -0.016221167 -0.010838638
v 0.496157056 -0.015080686 -0.012376399
v 0.496157056 -0.013794969 -0.013794969
v 0.496157056 -0.012376399 -0.015080686
v 0.496157056 -0.010838638 -0.016221167
v 0.496157056 -0.009196494 -0.017205430
v 0.496157056 -0.007465783 -0.018023996
v 0.496157056 -0.005663173 -0.018668980
v 0.496157056 -0.003806023 -0.019134172
v 0.496157056 -0.001912220 -0.019415091
v 0.496157056 -0.000000000 -0.019509032
v 0.496157056 0.001912220 -0.019415091
v 0.496157056 0.003806023 -0.019134172
v 0.496157056 0.005663173 -0.018668980
v 0.496157056 0.007465783 -0.018023996
v 0.496157056 0.009196494 -0.017205430
v 0.496157056 0.010838638 -0.016221167
v 0.496157056 0.012376399 -0.015080686
v 0.496157056 0.013794969 -0.013794969
v 0.496157056 0.015080686 -0.012376399
v 0.496157056 0.016221167 -0.010838638
v 0.496157056 0.017205430 -0.009196494
v 0.496157056 0.018023996 -0.007465783
v 0.496157056 0.018668980 -0.005663173
v 0.496157056 0.019134172 -0.003806023
v 0.496157056 0.019415091 -0.001912220
v 0.498288972 0.013052619 0.000000000
v 0.498288972 0.012989767 0.001279380
v 0.498288972 0.012801817 0.002546440
v 0.498288972 0.012490578 0.003788975
v 0.498288972 0.012059048 0.004995021
v 0.498288972 0.011511382 0.006152962
v 0.498288972 0.010852856 0.007251647
v 0.498288972 0.010089811 0.008280494
v 0.498288972 0.009229596 0.009229596
v 0.498288972 0.008280494 0.010089811
v 0.498288972 0.007251647 0.010852856
v 0.498288972 0.006152962 0.011511382
v 0.498288972 0.004995021 0.012059048
v 0.498288972 0.003788975 0.012490578
v 0.498288972 0.002546440 0.012801817
v 0.498288972 0.001279380 0.012989767
v 0.498288972 0.000000000 0.013052619
v 0.498288972 -0.001279380 0.012989767
v 0.498288972 -0.002546440 0.012801817
v 0.498288972 -0.003788975 0.012490578
v 0.498288972 -0.004995021 0.012059048
v 0.498288972 -0.006152962 0.011511382
v 0.498288972 -0.007251647 0.010852856
v 0.498288972 -0.008280494 0.010089811
v 0.498288972 -0.009229596 0.009229596
v 0.498288972 -0.010089811 0.008280494
v 0.498288972 -0.010852856 0.007251647
v 0.498288972 -0.011511382 0.006152962
v 0.498288972 -0.012059048 0.004995021
v 0.498288972 -0.012490578 0.003788975
v 0.498288972 -0.012801817 0.002546440
v 0.498288972 -0.012989767 0.001279380
v 0.498288972 -0.013052619 0.000000000
v 0.498288972 -0.012989767 -0.001279380
v 0.498288972 -0.012801817 -0.002546440
v 0.498288972 -0.012490578 -0.003788975
v 0.498288972 -0.012059048 -0.004995021
v 0.498288972 -0.011511382 -0.006152962
v 0.498288972 -0.010852856 -0.007251647
v 0.498288972 -0.010089811 -0.008280494
v 0.498288972 -0.009229596 -0.009229596
v 0.498288972 -0.008280494 -0.010089811
v 0.498288972 -0.007251647 -0.010852856
v 0.498288972 -0.006152962 -0.011511382
v 0.498288972 -0.004995021 -0.012059048
v 0.498288972 -0.003788975 -0.012490578
v 0.498288972 -0.002546440 -0.012801817
v 0.498288972 -0.001279380 -0.012989767
v 0.498288972 -0.000000000 -0.013052619
v 0.498288972 0.001279380 -0.012989767
v 0.498288972 0.002546440 -0.012801817
v 0.498288972 0.003788975 -0.012490578
v 0.498288972 0.004995021 -0.012059048
v 0.498288972 0.006152962 -0.011511382
v 0.498288972 0.007251647 -0.010852856
v 0.498288972 0.008280494 -0.010089811
v 0.498288972 0.009229596 -0.009229596
v 0.498288972 0.010089811 -0.008280494
v 0.498288972 0.010852856 -0.007251647
v 0.498288972 0.011511382 -0.006152962
v 0.498288972 0.012059048 -0.004995021
v 0.498288972 0.012490578 -0.003788975
v 0.498288972 0.012801817 -0.002546440
v 0.498288972 0.012989767 -0.001279380
v 0.499571785 0.006540313 0.000000000
v 0.499571785 0.006508820 0.000641063
v 0.499571785 0.006414643 0.001275952
v 0.499571785 0.006258689 0.001898553
v 0.499571785 0.006042461 0.002502869
v 0.499571785 0.005768041 0.003083082
v 0.499571785 0.005438071 0.003633603
v 0.499571785 0.005055730 0.004149131
v 0.499571785 0.004624700 0.004624700
v 0.499571785 0.004149131 0.005055730
v 0.499571785 0.003633603 0.005438071
v 0.499571785 0.003083082 0.005768041
v 0.499571785 0.002502869 0.006042461
v 0.499571785 0.001898553 0.006258689
v 0.499571785 0.001275952 0.006414643
v 0.499571785 0.000641063 0.006508820
v 0.499571785 0.000000000 0.006540313
v 0.499571785 -0.000641063 0.006508820
v 0.499571785 -0.001275952 0.006414643
v 0.499571785 -0.001898553 0.006258689
v 0.499571785 -0.002502869 0.006042461
v 0.499571785 -0.003083082 0.005768041
v 0.499571785 -0.003633603 0.005438071
v 0.499571785 -0.004149131 0.005055730
v 0.499571785 -0.004624700 0.004624700
v 0.499571785 -0.005055730 0.004149131
v 0.499571785 -0.005438071 0.003633603
v 0.499571785 -0.005768041 0.003083082
v 0.499571785 -0.006042461 0.002502869
v 0.499571785 -0.006258689 0.001898553
v 0.499571785 -0.006414643 0.001275952
v 0.499571785 -0.006508820 0.000641063
v 0.499571785 -0.006540313 0.000000000
v 0.499571785 -0.006508820 -0.000641063
v 0.499571785 -0.006414643 -0.001275952
v 0.499571785 -0.006258689 -0.001898553
v 0.499571785 -0.006042461 -0.002502869
v 0.499571785 -0.005768041 -0.003083082
v 0.499571785 -0.005438071 -0.003633603
v 0.499571785 -0.005055730 -0.004149131
v 0.499571785 -0.004624700 -0.004624700
v 0.499571785 -0.004149131 -0.005055730
v 0.499571785 -0.003633603 -0.005438071
v 0.499571785 -0.003083082 -0.005768041
v 0.499571785 -0.002502869 -0.006042461
v 0.499571785 -0.001898553 -0.006258689
v 0.499571785 -0.001275952 -0.006414643
v 0.499571785 -0.000641063 -0.006508820
v 0.499571785 -0.000000000 -0.006540313
v 0.499571785 0.000641063 -0.006508820
v 0.499571785 0.001275952 -0.006414643
v 0.499571785 0.001898553 -0.006258689
v 0.499571785 0.002502869 -0.006042461
v 0.499571785 0.003083082 -0.005768041
v 0.499571785 0.003633603 -0.005438071
v 0.499571785 0.004149131 -0.005055730
v 0.499571785 0.004624700 -0.004624700
v 0.499571785 0.005055730 -0.004149131
v 0.499571785 0.005438071 -0.003633603
v 0.499571785 0.005768041 -0.003083082
v 0.499571785 0.006042461 -0.002502869
v 0.499571785 0.006258689 -0.001898553
v 0.499571785 0.006414643 -0.001275952
v 0.499571785 0.006508820 -0.000641063
v 0.500000000 0.000000000 0.000000000
vn -0.995200550 0.097738478 0.004801584
vn -0.995200550 0.096797203 0.014358509
vn -0.995200550 0.094923718 0.023777154
vn -0.995200550 0.092136066 0.032966812
vn -0.995200550 0.088461093 0.041838981
vn -0.995200550 0.083934191 0.050308218
vn -0.995200550 0.078598958 0.058292960
vn -0.995200550 0.072506773 0.065716308
vn -0.995200550 0.065716308 0.072506773
vn -0.995200550 0.058292960 0.078598958
vn -0.995200550 0.050308218 0.083934191
vn -0.995200550 0.041838981 0.088461093
vn -0.995200550 0.032966812 0.092136066
vn -0.995200550 0.023777154 0.094923718
vn -0.995200550 0.014358509 0.096797203
vn -0.995200550 0.004801584 0.097738478
vn -0.995200550 -0.004801584 0.097738478
vn -0.995200550 -0.014358509 0.096797203
vn -0.995200550 -0.023777154 0.094923718
vn -0.995200550 -0.032966812 0.092136066
vn -0.995200550 -0.041838981 0.088461093
vn -0.995200550 -0.050308218 0.083934191
vn -0.995200550 -0.058292960 0.078598958
vn -0.995200550 -0.065716308 0.072506773
vn -0.995200550 -0.072506773 0.065716308
vn -0.995200550 -0.078598958 0.058292960
vn -0.995200550 -0.083934191 0.050308218
vn -0.995200550 -0.088461093 0.041838981
vn -0.995200550 -0.092136066 0.032966812
vn -0.995200550 -0.094923718 0.023777154
vn -0.995200550 -0.096797203 0.014358509
vn -0.995200550 -0.097738478 0.004801584
vn -0.995200550 -0.097738478 -0.004801584
vn -0.995200550 -0.096797203 -0.014358509
vn -0.995200550 -0.094923718 -0.023777154
vn -0.995200550 -0.092136066 -0.032966812
vn -0.995200550 -0.088461093 -0.041838981
vn -0.995200550 -0.083934191 -0.050308218
vn -0.995200550 -0.078598958 -0.058292960
vn -0.995200550 -0.072506773 -0.065716308
vn -0.995200550 -0.065716308 -0.072506773
vn -0.995200550 -0.058292960 -0.078598958
vn -0.995200550 -0.050308218 -0.083934191
vn -0.995200550 -0.041838981 -0.088461093
vn -0.995200550 -0.032966812 -0.092136066
vn -0.995200550 -0.023777154 -0.094923718
vn -0.995200550 -0.014358509 -0.096797203
vn -0.995200550 -0.004801584 -0.097738478
vn -0.995200550 0.004801584 -0.097738478
vn -0.995200550 0.014358509 -0.096797203
vn -0.995200550 0.023777154 -0.094923718
vn -0.995200550 0.032966812 -0.092136066
vn -0.995200550 0.041838981 -0.088461093
vn -0.995200550 0.050308218 -0.083934191
vn -0.995200550 0.058292960 -0.078598958
vn -0.995200550 0.065716308 -0.072506773
vn -0.995200550 0.072506773 -0.065716308
vn -0.995200550 0.078598958 -0.058292960
vn -0.995200550 0.083934191 -0.050308218
vn -0.995200550 0.088461093 -0.041838981
vn -0.995200550 0.092136066 -0.032966812
vn -0.995200550 0.094923718 -0.023777154
vn -0.995200550 0.096797203 -0.014358509
vn -0.995200550 0.097738478 -0.004801584
vn -0.958919675 0.283336033 0.013919407
vn -0.958919675 0.283336033 0.013919407
vn -0.958919675 0.280607352 0.041624169
vn -0.958919675 0.280607352 0.041624169
vn -0.958919675 0.275176269 0.068928067
vn -0.958919675 0.275176269 0.068928067
vn -0.958919675 0.267095088 0.095568151
vn -0.958919675 0.267095088 0.095568151
vn -0.958919675 0.256441636 0.121287861
vn -0.958919675 0.256441636 0.121287861
vn -0.958919675 0.243318510 0.145839502
vn -0.958919675 0.243318510 0.145839502
vn -0.958919675 0.227852094 0.168986630
vn -0.958919675 0.227852094 0.168986630
vn -0.958919675 0.210191337 0.190506324
vn -0.958919675 0.210191337 0.190506324
vn -0.958919675 0.190506324 0.210191337
vn -0.958919675 0.190506324 0.210191337
vn -0.958919675 0.168986630 0.227852094
vn -0.958919675 0.168986630 0.227852094
vn -0.958919675 0.145839502 0.243318510
vn -0.958919675 0.145839502 0.243318510
vn -0.958919675 0.121287861 0.256441636
vn -0.958919675 0.121287861 0.256441636
vn -0.958919675 0.095568151 0.267095088
vn -0.958919675 0.095568151 0.267095088
vn -0.958919675 0.068928067 0.275176269
vn -0.958919675 0.068928067 0.275176269
vn -0.958919675 0.041624169 0.280607352
vn -0.958919675 0.041624169 0.280607352
vn -0.958919675 0.013919407 0.283336033
vn -0.958919675 0.013919407 0.283336033
vn -0.958919675 -0.013919407 0.283336033
vn -0.958919675 -0.013919407 0.283336033
vn -0.958919675 -0.041624169 0.280607352
vn -0.958919675 -0.041624169 0.280607352
vn -0.958919675 -0.068928067 0.275176269
vn -0.958919675 -0.068928067 0.275176269
vn -0.958919675 -0.095568151 0.267095088
vn -0.958919675 -0.095568151 0.267095088
vn -0.958919675 -0.121287861 0.256441636
vn -0.958919675 -0.121287861 0.256441636
vn -0.958919675 -0.145839502 0.243318510
vn -0.958919675 -0.145839502 0.243318510
vn -0.958919675 -0.168986630 0.227852094
vn -0.958919675 -0.168986630 0.227852094
vn -0.958919675 -0.190506324 0.210191337
vn -0.958919675 -0.190506324 0.210191337
vn -0.958919675 -0.210191337 0.190506324
vn -0.958919675 -0.210191337 0.190506324
vn -0.958919675 -0.227852094 0.168986630
vn -0.958919675 -0.227852094 0.168986630
vn -0.958919675 -0.243318510 0.145839502
vn -0.958919675 -0.243318510 0.145839502
vn -0.958919675 -0.256441636 0.121287861
vn -0.958919675 -0.256441636 0.121287861
vn -0.958919675 -0.267095088 0.095568151
vn -0.958919675 -0.267095088 0.095568151
vn -0.958919675 -0.275176269 0.068928067
vn -0.958919675 -0.275176269 0.068928067
vn -0.958919675 -0.280607352 0.041624169
vn -0.958919675 -0.280607352 0.041624169
vn -0.958919675 -0.283336033 0.013919407
vn -0.958919675 -0.283336033 0.013919407
vn -0.958919675 -0.283336033 -0.013919407
vn -0.958919675 -0.283336033 -0.013919407
vn -0.958919675 -0.280607352 -0.041624169
vn -0.958919675 -0.280607352 -0.041624169
vn -0.958919675 -0.275176269 -0.068928067
vn -0.958919675 -0.275176269 -0.068928067
vn -0.958919675 -0.267095088 -0.095568151
vn -0.958919675 -0.267095088 -0.095568151
vn -0.958919675 -0.256441636 -0.121287861
vn -0.958919675 -0.256441636 -0.121287861
vn -0.958919675 -0.243318510 -0.145839502
vn -0.958919675 -0.243318510 -0.145839502
vn -0.958919675 -0.227852094 -0.168986630
vn -0.958919675 -0.227852094 -0.168986630
vn -0.958919675 -0.210191337 -0.190506324
vn -0.958919675 -0.210191337 -0.190506324
vn -0.958919675 -0.190506324 -0.210191337
vn -0.958919675 -0.190506324 -0.210191337
vn -0.958919675 -0.168986630 -0.227852094
vn -0.958919675 -0.168986630 -0.227852094
vn -0.958919675 -0.145839502 -0.243318510
vn -0.958919675 -0.145839502 -0.243318510
vn -0.958919675 -0.121287861 -0.256441636
vn -0.958919675 -0.121287861 -0.256441636
vn -0.958919675 -0.095568151 -0.267095088
vn -0.958919675 -0.095568151 -0.267095088
vn -0.958919675 -0.068928067 -0.275176269
vn -0.958919675 -0.068928067 -0.275176269
vn -0.958919675 -0.041624169 -0.280607352
vn -0.958919675 -0.041624169 -0.280607352
vn -0.958919675 -0.013919407 -0.283336033
vn -0.958919675 -0.013919407 -0.283336033
vn -0.958919675 0.013919407 -0.283336033
vn -0.958919675 0.013919407 -0.283336033
vn -0.958919675 0.041624169 -0.280607352
vn -0.958919675 0.041624169 -0.280607352
vn -0.958919675 0.068928067 -0.275176269
vn -0.958919675 0.068928067 -0.275176269
vn -0.958919675 0.095568151 -0.267095088
vn -0.958919675 0.095568151 -0.267095088
vn -0.958919675 0.121287861 -0.256441636
vn -0.958919675 0.121287861 -0.256441636
vn -0.958919675 0.145839502 -0.243318510
vn -0.958919675 0.145839502 -0.243318510
vn -0.958919675 0.168986630 -0.227852094
vn -0.958919675 0.168986630 -0.227852094
vn -0.958919675 0.190506324 -0.210191337
vn -0.958919675 0.190506324 -0.210191337
vn -0.958919675 0.210191337 -0.190506324
vn -0.958919675 0.210191337 -0.190506324
vn -0.958919675 0.227852094 -0.168986630
vn -0.958919675 0.227852094 -0.168986630
vn -0.958919675 0.243318510 -0.145839502
vn -0.958919675 0.243318510 -0.145839502
vn -0.958919675 0.256441636 -0.121287861
vn -0.958919675 0.256441636 -0.121287861
vn -0.958919675 0.267095088 -0.095568151
vn -0.958919675 0.267095088 -0.095568151
vn -0.958919675 0.275176269 -0.068928067
vn -0.958919675 0.275176269 -0.068928067
vn -0.958919675 0.280607352 -0.041624169
vn -0.958919675 0.280607352 -0.041624169
vn -0.958919675 0.283336033 -0.013919407
vn -0.958919675 0.283336033 -0.013919407
vn -0.895891863 0.443737035 0.021799403
vn -0.895891863 0.443737035 0.021799403
vn -0.895891863 0.439463605 0.065188268
vn -0.895891863 0.439463605 0.065188268
vn -0.895891863 0.430957900 0.107949334
vn -0.895891863 0.430957900 0.107949334
vn -0.895891863 0.418301835 0.149670790
vn -0.895891863 0.418301835 0.149670790
vn -0.895891863 0.401617295 0.189950834
vn -0.895891863 0.401617295 0.189950834
vn -0.895891863 0.381064960 0.228401547
vn -0.895891863 0.381064960 0.228401547
vn -0.895891863 0.356842762 0.264652629
vn -0.895891863 0.356842762 0.264652629
vn -0.895891863 0.329183972 0.298354961
vn -0.895891863 0.329183972 0.298354961
vn -0.895891863 0.298354961 0.329183972
vn -0.895891863 0.298354961 0.329183972
vn -0.895891863 0.264652629 0.356842762
vn -0.895891863 0.264652629 0.356842762
vn -0.895891863 0.228401547 0.381064960
vn -0.895891863 0.228401547 0.381064960
vn -0.895891863 0.189950834 0.401617295
vn -0.895891863 0.189950834 0.401617295
vn -0.895891863 0.149670790 0.418301835
vn -0.895891863 0.149670790 0.418301835
vn -0.895891863 0.107949334 0.430957900
vn -0.895891863 0.107949334 0.430957900
vn -0.895891863 0.065188268 0.439463605
vn -0.895891863 0.065188268 0.439463605
vn -0.895891863 0.021799403 0.443737035
vn -0.895891863 0.021799403 0.443737035
vn -0.895891863 -0.021799403 0.443737035
vn -0.895891863 -0.021799403 0.443737035
vn -0.895891863 -0.065188268 0.439463605
vn -0.895891863 -0.065188268 0.439463605
vn -0.895891863 -0.107949334 0.430957900
vn -0.895891863 -0.107949334 0.430957900
vn -0.895891863 -0.149670790 0.418301835
vn -0.895891863 -0.149670790 0.418301835
vn -0.895891863 -0.189950834 0.401617295
vn -0.895891863 -0.189950834 0.401617295
vn -0.895891863 -0.228401547 0.381064960
vn -0.895891863 -0.228401547 0.381064960
vn -0.895891863 -0.264652629 0.356842762
vn -0.895891863 -0.264652629 0.356842762
vn -0.895891863 -0.298354961 0.329183972
vn -0.895891863 -0.298354961 0.329183972
vn -0.895891863 -0.329183972 0.298354961
vn -0.895891863 -0.329183972 0.298354961
vn -0.895891863 -0.356842762 0.264652629
vn -0.895891863 -0.356842762 0.264652629
vn -0.895891863 -0.381064960 0.228401547
vn -0.895891863 -0.381064960 0.228401547
vn -0.895891863 -0.401617295 0.189950834
vn -0.895891863 -0.401617295 0.189950834
vn -0.895891863 -0.418301835 0.149670790
vn -0.895891863 -0.418301835 0.149670790
vn -0.895891863 -0.430957900 0.107949334
vn -0.895891863 -0.430957900 0.107949334
vn -0.895891863 -0.439463605 0.065188268
vn -0.895891863 -0.439463605 0.065188268
vn -0.895891863 -0.443737035 0.021799403
vn -0.895891863 -0.443737035 0.021799403
vn -0.895891863 -0.443737035 -0.021799403
vn -0.895891863 -0.443737035 -0.021799403
vn -0.895891863 -0.439463605 -0.065188268
vn -0.895891863 -0.439463605 -0.065188268
vn -0.895891863 -0.430957900 -0.107949334
vn -0.895891863 -0.430957900 -0.107949334
vn -0.895891863 -0.418301835 -0.149670790
vn -0.895891863 -0.418301835 -0.149670790
vn -0.895891863 -0.401617295 -0.189950834
vn -0.895891863 -0.401617295 -0.189950834
vn -0.895891863 -0.381064960 -0.228401547
vn -0.895891863 -0.381064960 -0.228401547
vn -0.895891863 -0.356842762 -0.264652629
vn -0.895891863 -0.356842762 -0.264652629
vn -0.895891863 -0.329183972 -0.298354961
vn -0.895891863 -0.329183972 -0.298354961
vn -0.895891863 -0.298354961 -0.329183972
vn -0.895891863 -0.298354961 -0.329183972
vn -0.895891863 -0.264652629 -0.356842762
vn -0.895891863 -0.264652629 -0.356842762
vn -0.895891863 -0.228401547 -0.381064960
vn -0.895891863 -0.228401547 -0.381064960
vn -0.895891863 -0.189950834 -0.401617295
vn -0.895891863 -0.189950834 -0.401617295
vn -0.895891863 -0.149670790 -0.418301835
vn -0.895891863 -0.149670790 -0.418301835
vn -0.895891863 -0.107949334 -0.430957900
vn -0.895891863 -0.107949334 -0.430957900
vn -0.895891863 -0.065188268 -0.439463605
vn -0.895891863 -0.065188268 -0.439463605
vn -0.895891863 -0.021799403 -0.443737035
vn -0.895891863 -0.021799403 -0.443737035
vn -0.895891863 0.021799403 -0.443737035
vn -0.895891863 0.021799403 -0.443737035
vn -0.895891863 0.065188268 -0.439463605
vn -0.895891863 0.065188268 -0.439463605
vn -0.895891863 0.107949334 -0.430957900
vn -0.895891863 0.107949334 -0.430957900
vn -0.895891863 0.149670790 -0.418301835
vn -0.895891863 0.149670790 -0.418301835
vn -0.895891863 0.189950834 -0.401617295
vn -0.895891863 0.189950834 -0.401617295
vn -0.895891863 0.228401547 -0.381064960
vn -0.895891863 0.228401547 -0.381064960
vn -0.895891863 0.264652629 -0.356842762
vn -0.895891863 0.264652629 -0.356842762
vn -0.895891863 0.298354961 -0.329183972
vn -0.895891863 0.298354961 -0.329183972
vn -0.895891863 0.329183972 -0.298354961
vn -0.895891863 0.329183972 -0.298354961
vn -0.895891863 0.356842762 -0.264652629
vn -0.895891863 0.356842762 -0.264652629
vn -0.895891863 0.381064960 -0.228401547
vn -0.895891863 0.381064960 -0.228401547
vn -0.895891863 0.401617295 -0.189950834
vn -0.895891863 0.401617295 -0.189950834
vn -0.895891863 0.418301835 -0.149670790
vn -0.895891863 0.418301835 -0.149670790
vn -0.895891863 0.430957900 -0.107949334
vn -0.895891863 0.430957900 -0.107949334
vn -0.895891863 0.439463605 -0.065188268
vn -0.895891863 0.439463605 -0.065188268
vn -0.895891863 0.443737035 -0.021799403
vn -0.895891863 0.443737035 -0.021799403
vn -0.819098951 0.572961265 0.028147782
vn -0.819098951 0.572961265 0.028147782
vn -0.819098951 0.567443335 0.084172267
vn -0.819098951 0.567443335 0.084172267
vn -0.819098951 0.556460615 0.139386128
vn -0.819098951 0.556460615 0.139386128
vn -0.819098951 0.540118876 0.193257624
vn -0.819098951 0.540118876 0.193257624
vn -0.819098951 0.518575496 0.245267943
vn -0.819098951 0.518575496 0.245267943
vn -0.819098951 0.492037951 0.294916198
vn -0.819098951 0.492037951 0.294916198
vn -0.819098951 0.460761811 0.341724249
vn -0.819098951 0.460761811 0.341724249
vn -0.819098951 0.425048284 0.385241309
vn -0.819098951 0.425048284 0.385241309
vn -0.819098951 0.385241309 0.425048284
vn -0.819098951 0.385241309 0.425048284
vn -0.819098951 0.341724249 0.460761811
vn -0.819098951 0.341724249 0.460761811
vn -0.819098951 0.294916198 0.492037951
vn -0.819098951 0.294916198 0.492037951
vn -0.819098951 0.245267943 0.518575496
vn -0.819098951 0.245267943 0.518575496
vn -0.819098951 0.193257624 0.540118876
vn -0.819098951 0.193257624 0.540118876
vn -0.819098951 0.139386128 0.556460615
vn -0.819098951 0.139386128 0.556460615
vn -0.819098951 0.084172267 0.567443335
vn -0.819098951 0.084172267 0.567443335
vn -0.819098951 0.028147782 0.572961265
vn -0.819098951 0.028147782 0.572961265
vn -0.819098951 -0.028147782 0.572961265
vn -0.819098951 -0.028147782 0.572961265
vn -0.819098951 -0.084172267 0.567443335
vn -0.819098951 -0.084172267 0.567443335
vn -0.819098951 -0.139386128 0.556460615
vn -0.819098951 -0.139386128 0.556460615
vn -0.819098951 -0.193257624 0.540118876
vn -0.819098951 -0.193257624 0.540118876
vn -0.819098951 -0.245267943 0.518575496
vn -0.819098951 -0.245267943 0.518575496
vn -0.819098951 -0.294916198 0.492037951
vn -0.819098951 -0.294916198 0.492037951
vn -0.819098951 -0.341724249 0.460761811
vn -0.819098951 -0.341724249 0.460761811
vn -0.819098951 -0.385241309 0.425048284
vn -0.819098951 -0.385241309 0.425048284
vn -0.819098951 -0.425048284 0.385241309
vn -0.819098951 -0.425048284 0.385241309
vn -0.819098951 -0.460761811 0.341724249
vn -0.819098951 -0.460761811 0.341724249
vn -0.819098951 -0.492037951 0.294916198
vn -0.819098951 -0.492037951 0.294916198
vn -0.819098951 -0.518575496 0.245267943
vn -0.819098951 -0.518575496 0.245267943
vn -0.819098951 -0.540118876 0.193257624
vn -0.819098951 -0.540118876 0.193257624
vn -0.819098951 -0.556460615 0.139386128
vn -0.819098951 -0.556460615 0.139386128
vn -0.819098951 -0.567443335 0.084172267
vn -0.819098951 -0.567443335 0.084172267
vn -0.819098951 -0.572961265 0.028147782
vn -0.819098951 -0.572961265 0.028147782
vn -0.819098951 -0.572961265 -0.028147782
vn -0.819098951 -0.572961265 -0.028147782
vn -0.819098951 -0.567443335 -0.084172267
vn -0.819098951 -0.567443335 -0.084172267
vn -0.819098951 -0.556460615 -0.139386128
vn -0.819098951 -0.556460615 -0.139386128
vn -0.819098951 -0.540118876 -0.193257624
vn -0.819098951 -0.540118876 -0.193257624
vn -0.819098951 -0.518575496 -0.245267943
vn -0.819098951 -0.518575496 -0.245267943
vn -0.819098951 -0.492037951 -0.294916198
vn -0.819098951 -0.492037951 -0.294916198
vn -0.819098951 -0.460761811 -0.341724249
vn -0.819098951 -0.460761811 -0.341724249
vn -0.819098951 -0.425048284 -0.385241309
vn -0.819098951 -0.425048284 -0.385241309
vn -0.819098951 -0.385241309 -0.425048284
vn -0.819098951 -0.385241309 -0.425048284
vn -0.819098951 -0.341724249 -0.460761811
vn -0.819098951 -0.341724249 -0.460761811
vn -0.819098951 -0.294916198 -0.492037951
vn -0.819098951 -0.294916198 -0.492037951
vn -0.819098951 -0.245267943 -0.518575496
vn -0.819098951 -0.245267943 -0.518575496
vn -0.819098951 -0.193257624 -0.540118876
vn -0.819098951 -0.193257624 -0.540118876
vn -0.819098951 -0.139386128 -0.556460615
vn -0.819098951 -0.139386128 -0.556460615
vn -0.819098951 -0.084172267 -0.567443335
vn -0.819098951 -0.084172267 -0.567443335
vn -0.819098951 -0.028147782 -0.572961265
vn -0.819098951 -0.028147782 -0.572961265
vn -0.819098951 0.028147782 -0.572961265
vn -0.819098951 0.028147782 -0.572961265
vn -0.819098951 0.084172267 -0.567443335
vn -0.819098951 0.084172267 -0.567443335
vn -0.819098951 0.139386128 -0.556460615
vn -0.819098951 0.139386128 -0.556460615
vn -0.819098951 0.193257624 -0.540118876
vn -0.819098951 0.193257624 -0.540118876
vn -0.819098951 0.245267943 -0.518575496
vn -0.819098951 0.245267943 -0.518575496
vn -0.819098951 0.294916198 -0.492037951
vn -0.819098951 0.294916198 -0.492037951
vn -0.819098951 0.341724249 -0.460761811
vn -0.819098951 0.341724249 -0.460761811
vn -0.819098951 0.385241309 -0.425048284
vn -0.819098951 0.385241309 -0.425048284
vn -0.819098951 0.425048284 -0.385241309
vn -0.819098951 0.425048284 -0.385241309
vn -0.819098951 0.460761811 -0.341724249
vn -0.819098951 0.460761811 -0.341724249
vn -0.819098951 0.492037951 -0.294916198
vn -0.819098951 0.492037951 -0.294916198
vn -0.819098951 0.518575496 -0.245267943
vn -0.819098951 0.518575496 -0.245267943
vn -0.819098951 0.540118876 -0.193257624
vn -0.819098951 0.540118876 -0.193257624
vn -0.819098951 0.556460615 -0.139386128
vn -0.819098951 0.556460615 -0.139386128
vn -0.819098951 0.567443335 -0.084172267
vn -0.819098951 0.567443335 -0.084172267
vn -0.819098951 0.572961265 -0.028147782
vn -0.819098951 0.572961265 -0.028147782
vn -0.739186606 0.672689416 0.033047112
vn -0.739186606 0.672689416 0.033047112
vn -0.739186606 0.666211049 0.098823074
vn -0.739186606 0.666211049 0.098823074
vn -0.739186606 0.653316706 0.163647316
vn -0.739186606 0.653316706 0.163647316
vn -0.739186606 0.634130565 0.226895544
vn -0.739186606 0.634130565 0.226895544
vn -0.739186606 0.608837401 0.287958645
vn -0.739186606 0.608837401 0.287958645
vn -0.739186606 0.577680800 0.346248546
vn -0.739186606 0.577680800 0.346248546
vn -0.739186606 0.540960816 0.401203885
vn -0.739186606 0.540960816 0.401203885
vn -0.739186606 0.499031085 0.452295411
vn -0.739186606 0.499031085 0.452295411
vn -0.739186606 0.452295411 0.499031085
vn -0.739186606 0.452295411 0.499031085
vn -0.739186606 0.401203885 0.540960816
vn -0.739186606 0.401203885 0.540960816
vn -0.739186606 0.346248546 0.577680800
vn -0.739186606 0.346248546 0.577680800
vn -0.739186606 0.287958645 0.608837401
vn -0.739186606 0.287958645 0.608837401
vn -0.739186606 0.226895544 0.634130565
vn -0.739186606 0.226895544 0.634130565
vn -0.739186606 0.163647316 0.653316706
vn -0.739186606 0.163647316 0.653316706
vn -0.739186606 0.098823074 0.666211049
vn -0.739186606 0.098823074 0.666211049
vn -0.739186606 0.033047112 0.672689416
vn -0.739186606 0.033047112 0.672689416
vn -0.739186606 -0.033047112 0.672689416
vn -0.739186606 -0.033047112 0.672689416
vn -0.739186606 -0.098823074 0.666211049
vn -0.739186606 -0.098823074 0.666211049
vn -0.739186606 -0.163647316 0.653316706
vn -0.739186606 -0.163647316 0.653316706
vn -0.739186606 -0.226895544 0.634130565
vn -0.739186606 -0.226895544 0.634130565
vn -0.739186606 -0.287958645 0.608837401
vn -0.739186606 -0.287958645 0.608837401
vn -0.739186606 -0.346248546 0.577680800
vn -0.739186606 -0.346248546 0.577680800
vn -0.739186606 -0.401203885 0.540960816
vn -0.739186606 -0.401203885 0.540960816
vn -0.739186606 -0.452295411 0.499031085
vn -0.739186606 -0.452295411 0.499031085
vn -0.739186606 -0.499031085 0.452295411
vn -0.739186606 -0.499031085 0.452295411
vn -0.739186606 -0.540960816 0.401203885
vn -0.739186606 -0.540960816 0.401203885
vn -0.739186606 -0.577680800 0.346248546
vn -0.739186606 -0.577680800 0.346248546
vn -0.739186606 -0.608837401 0.287958645
vn -0.739186606 -0.608837401 0.287958645
vn -0.739186606 -0.634130565 0.226895544
vn -0.739186606 -0.634130565 0.226895544
vn -0.739186606 -0.653316706 0.163647316
vn -0.739186606 -0.653316706 0.163647316
vn -0.739186606 -0.666211049 0.098823074
vn -0.739186606 -0.666211049 0.098823074
vn -0.739186606 -0.672689416 0.033047112
vn -0.739186606 -0.672689416 0.033047112
vn -0.739186606 -0.672689416 -0.033047112
vn -0.739186606 -0.672689416 -0.033047112
vn -0.739186606 -0.666211049 -0.098823074
vn -0.739186606 -0.666211049 -0.098823074
vn -0.739186606 -0.653316706 -0.163647316
vn -0.739186606 -0.653316706 -0.163647316
vn -0.739186606 -0.634130565 -0.226895544
vn -0.739186606 -0.634130565 -0.226895544
vn -0.739186606 -0.608837401 -0.287958645
vn -0.739186606 -0.608837401 -0.287958645
vn -0.739186606 -0.577680800 -0.346248546
vn -0.739186606 -0.577680800 -0.346248546
vn -0.739186606 -0.540960816 -0.401203885
vn -0.739186606 -0.540960816 -0.401203885
vn -0.739186606 -0.499031085 -0.452295411
vn -0.739186606 -0.499031085 -0.452295411
vn -0.739186606 -0.452295411 -0.499031085
vn -0.739186606 -0.452295411 -0.499031085
vn -0.739186606 -0.401203885 -0.540960816
vn -0.739186606 -0.401203885 -0.540960816
vn -0.739186606 -0.346248546 -0.577680800
vn -0.739186606 -0.346248546 -0.577680800
vn -0.739186606 -0.287958645 -0.608837401
vn -0.739186606 -0.287958645 -0.608837401
vn -0.739186606 -0.226895544 -0.634130565
vn -0.739186606 -0.226895544 -0.634130565
vn -0.739186606 -0.163647316 -0.653316706
vn -0.739186606 -0.163647316 -0.653316706
vn -0.739186606 -0.098823074 -0.666211049
vn -0.739186606 -0.098823074 -0.666211049
vn -0.739186606 -0.033047112 -0.672689416
vn -0.739186606 -0.033047112 -0.672689416
vn -0.739186606 0.033047112 -0.672689416
vn -0.739186606 0.033047112 -0.672689416
vn -0.739186606 0.098823074 -0.666211049
vn -0.739186606 0.098823074 -0.666211049
vn -0.739186606 0.163647316 -0.653316706
vn -0.739186606 0.163647316 -0.653316706
vn -0.739186606 0.226895544 -0.634130565
vn -0.739186606 0.226895544 -0.634130565
vn -0.739186606 0.287958645 -0.608837401
vn -0.739186606 0.287958645 -0.608837401
vn -0.739186606 0.346248546 -0.577680800
vn -0.739186606 0.346248546 -0.577680800
vn -0.739186606 0.401203885 -0.540960816
vn -0.739186606 0.401203885 -0.540960816
vn -0.739186606 0.452295411 -0.499031085
vn -0.739186606 0.452295411 -0.499031085
vn -0.739186606 0.499031085 -0.452295411
vn -0.739186606 0.499031085 -0.452295411
vn -0.739186606 0.540960816 -0.401203885
vn -0.739186606 0.540960816 -0.401203885
vn -0.739186606 0.577680800 -0.346248546
vn -0.739186606 0.577680800 -0.346248546
vn -0.739186606 0.608837401 -0.287958645
vn -0.739186606 0.608837401 -0.287958645
vn -0.739186606 0.634130565 -0.226895544
vn -0.739186606 0.634130565 -0.226895544
vn -0.739186606 0.653316706 -0.163647316
vn -0.739186606 0.653316706 -0.163647316
vn -0.739186606 0.666211049 -0.098823074
vn -0.739186606 0.666211049 -0.098823074
vn -0.739186606 0.672689416 -0.033047112
vn -0.739186606 0.672689416 -0.033047112
vn -0.662558435 0.748108011 0.036752190
vn -0.662558435 0.748108011 0.036752190
vn -0.662558435 0.740903322 0.109902626
vn -0.662558435 0.740903322 0.109902626
vn -0.662558435 0.726563329 0.181994640
vn -0.662558435 0.726563329 0.181994640
vn -0.662558435 0.705226134 0.252333946
vn -0.662558435 0.705226134 0.252333946
vn -0.662558435 0.677097226 0.320243138
vn -0.662558435 0.677097226 0.320243138
vn -0.662558435 0.642447501 0.385068213
vn -0.662558435 0.642447501 0.385068213
vn -0.662558435 0.601610655 0.446184871
vn -0.662558435 0.601610655 0.446184871
vn -0.662558435 0.554979971 0.503004525
vn -0.662558435 0.554979971 0.503004525
vn -0.662558435 0.503004525 0.554979971
vn -0.662558435 0.503004525 0.554979971
vn -0.662558435 0.446184871 0.601610655
vn -0.662558435 0.446184871 0.601610655
vn -0.662558435 0.385068213 0.642447501
vn -0.662558435 0.385068213 0.642447501
vn -0.662558435 0.320243138 0.677097226
vn -0.662558435 0.320243138 0.677097226
vn -0.662558435 0.252333946 0.705226134
vn -0.662558435 0.252333946 0.705226134
vn -0.662558435 0.181994640 0.726563329
vn -0.662558435 0.181994640 0.726563329
vn -0.662558435 0.109902626 0.740903322
vn -0.662558435 0.109902626 0.740903322
vn -0.662558435 0.036752190 0.748108011
vn -0.662558435 0.036752190 0.748108011
vn -0.662558435 -0.036752190 0.748108011
vn -0.662558435 -0.036752190 0.748108011
vn -0.662558435 -0.109902626 0.740903322
vn -0.662558435 -0.109902626 0.740903322
vn -0.662558435 -0.181994640 0.726563329
vn -0.662558435 -0.181994640 0.726563329
vn -0.662558435 -0.252333946 0.705226134
vn -0.662558435 -0.252333946 0.705226134
vn -0.662558435 -0.320243138 0.677097226
vn -0.662558435 -0.320243138 0.677097226
vn -0.662558435 -0.385068213 0.642447501
vn -0.662558435 -0.385068213 0.642447501
vn -0.662558435 -0.446184871 0.601610655
vn -0.662558435 -0.446184871 0.601610655
vn -0.662558435 -0.503004525 0.554979971
vn -0.662558435 -0.503004525 0.554979971
vn -0.662558435 -0.554979971 0.503004525
vn -0.662558435 -0.554979971 0.503004525
vn -0.662558435 -0.601610655 0.446184871
vn -0.662558435 -0.601610655 0.446184871
vn -0.662558435 -0.642447501 0.385068213
vn -0.662558435 -0.642447501 0.385068213
vn -0.662558435 -0.677097226 0.320243138
vn -0.662558435 -0.677097226 0.320243138
vn -0.662558435 -0.705226134 0.252333946
vn -0.662558435 -0.705226134 0.252333946
vn -0.662558435 -0.726563329 0.181994640
vn -0.662558435 -0.726563329 0.181994640
vn -0.662558435 -0.740903322 0.109902626
vn -0.662558435 -0.740903322 0.109902626
vn -0.662558435 -0.748108011 0.036752190
vn -0.662558435 -0.748108011 0.036752190
vn -0.662558435 -0.748108011 -0.036752190
vn -0.662558435 -0.748108011 -0.036752190
vn -0.662558435 -0.740903322 -0.109902626
vn -0.662558435 -0.740903322 -0.109902626
vn -0.662558435 -0.726563329 -0.181994640
vn -0.662558435 -0.726563329 -0.181994640
vn -0.662558435 -0.705226134 -0.252333946
vn -0.662558435 -0.705226134 -0.252333946
vn -0.662558435 -0.677097226 -0.320243138
vn -0.662558435 -0.677097226 -0.320243138
vn -0.662558435 -0.642447501 -0.385068213
vn -0.662558435 -0.642447501 -0.385068213
vn -0.662558435 -0.601610655 -0.446184871
vn -0.662558435 -0.601610655 -0.446184871
vn -0.662558435 -0.554979971 -0.503004525
vn -0.662558435 -0.554979971 -0.503004525
vn -0.662558435 -0.503004525 -0.554979971
vn -0.662558435 -0.503004525 -0.554979971
vn -0.662558435 -0.446184871 -0.601610655
vn -0.662558435 -0.446184871 -0.601610655
vn -0.662558435 -0.385068213 -0.642447501
vn -0.662558435 -0.385068213 -0.642447501
vn -0.662558435 -0.320243138 -0.677097226
vn -0.662558435 -0.320243138 -0.677097226
vn -0.662558435 -0.252333946 -0.705226134
vn -0.662558435 -0.252333946 -0.705226134
vn -0.662558435 -0.181994640 -0.726563329
vn -0.662558435 -0.181994640 -0.726563329
vn -0.662558435 -0.109902626 -0.740903322
vn -0.662558435 -0.109902626 -0.740903322
vn -0.662558435 -0.036752190 -0.748108011
vn -0.662558435 -0.036752190 -0.748108011
vn -0.662558435 0.036752190 -0.748108011
vn -0.662558435 0.036752190 -0.748108011
vn -0.662558435 0.109902626 -0.740903322
vn -0.662558435 0.109902626 -0.740903322
vn -0.662558435 0.181994640 -0.726563329
vn -0.662558435 0.181994640 -0.726563329
vn -0.662558435 0.252333946 -0.705226134
vn -0.662558435 0.252333946 -0.705226134
vn -0.662558435 0.320243138 -0.677097226
vn -0.662558435 0.320243138 -0.677097226
vn -0.662558435 0.385068213 -0.642447501
vn -0.662558435 0.385068213 -0.642447501
vn -0.662558435 0.446184871 -0.601610655
vn -0.662558435 0.446184871 -0.601610655
vn -0.662558435 0.503004525 -0.554979971
vn -0.662558435 0.503004525 -0.554979971
vn -0.662558435 0.554979971 -0.503004525
vn -0.662558435 0.554979971 -0.503004525
vn -0.662558435 0.601610655 -0.446184871
vn -0.662558435 0.601610655 -0.446184871
vn -0.662558435 0.642447501 -0.385068213
vn -0.662558435 0.642447501 -0.385068213
vn -0.662558435 0.677097226 -0.320243138
vn -0.662558435 0.677097226 -0.320243138
vn -0.662558435 0.705226134 -0.252333946
vn -0.662558435 0.705226134 -0.252333946
vn -0.662558435 0.726563329 -0.181994640
vn -0.662558435 0.726563329 -0.181994640
vn -0.662558435 0.740903322 -0.109902626
vn -0.662558435 0.740903322 -0.109902626
vn -0.662558435 0.748108011 -0.036752190
vn -0.662558435 0.748108011 -0.036752190
vn -0.592129974 0.804871802 0.039540816
vn -0.592129974 0.804871802 0.039540816
vn -0.592129974 0.797120447 0.118241649
vn -0.592129974 0.797120447 0.118241649
vn -0.592129974 0.781692386 0.195803749
vn -0.592129974 0.781692386 0.195803749
vn -0.592129974 0.758736200 0.271480153
vn -0.592129974 0.758736200 0.271480153
vn -0.592129974 0.728472969 0.344542055
vn -0.592129974 0.728472969 0.344542055
vn -0.592129974 0.691194146 0.414285828
vn -0.592129974 0.691194146 0.414285828
vn -0.592129974 0.647258745 0.480039802
vn -0.592129974 0.647258745 0.480039802
vn -0.592129974 0.597089889 0.541170730
vn -0.592129974 0.597089889 0.541170730
vn -0.592129974 0.541170730 0.597089889
vn -0.592129974 0.541170730 0.597089889
vn -0.592129974 0.480039802 0.647258745
vn -0.592129974 0.480039802 0.647258745
vn -0.592129974 0.414285828 0.691194146
vn -0.592129974 0.414285828 0.691194146
vn -0.592129974 0.344542055 0.728472969
vn -0.592129974 0.344542055 0.728472969
vn -0.592129974 0.271480153 0.758736200
vn -0.592129974 0.271480153 0.758736200
vn -0.592129974 0.195803749 0.781692386
vn -0.592129974 0.195803749 0.781692386
vn -0.592129974 0.118241649 0.797120447
vn -0.592129974 0.118241649 0.797120447
vn -0.592129974 0.039540816 0.804871802
vn -0.592129974 0.039540816 0.804871802
vn -0.592129974 -0.039540816 0.804871802
vn -0.592129974 -0.039540816 0.804871802
vn -0.592129974 -0.118241649 0.797120447
vn -0.592129974 -0.118241649 0.797120447
vn -0.592129974 -0.195803749 0.781692386
vn -0.592129974 -0.195803749 0.781692386
vn -0.592129974 -0.271480153 0.758736200
vn -0.592129974 -0.271480153 0.758736200
vn -0.592129974 -0.344542055 0.728472969
vn -0.592129974 -0.344542055 0.728472969
vn -0.592129974 -0.414285828 0.691194146
vn -0.592129974 -0.414285828 0.691194146
vn -0.592129974 -0.480039802 0.647258745
vn -0.592129974 -0.480039802 0.647258745
vn -0.592129974 -0.541170730 0.597089889
vn -0.592129974 -0.541170730 0.597089889
vn -0.592129974 -0.597089889 0.541170730
vn -0.592129974 -0.597089889 0.541170730
vn -0.592129974 -0.647258745 0.480039802
vn -0.592129974 -0.647258745 0.480039802
vn -0.592129974 -0.691194146 0.414285828
vn -0.592129974 -0.691194146 0.414285828
vn -0.592129974 -0.728472969 0.344542055
vn -0.592129974 -0.728472969 0.344542055
vn -0.592129974 -0.758736200 0.271480153
vn -0.592129974 -0.758736200 0.271480153
vn -0.592129974 -0.781692386 0.195803749
vn -0.592129974 -0.781692386 0.195803749
vn -0.592129974 -0.797120447 0.118241649
vn -0.592129974 -0.797120447 0.118241649
vn -0.592129974 -0.804871802 0.039540816
vn -0.592129974 -0.804871802 0.039540816
vn -0.592129974 -0.804871802 -0.039540816
vn -0.592129974 -0.804871802 -0.039540816
vn -0.592129974 -0.797120447 -0.118241649
vn -0.592129974 -0.797120447 -0.118241649
vn -0.592129974 -0.781692386 -0.195803749
vn -0.592129974 -0.781692386 -0.195803749
vn -0.592129974 -0.758736200 -0.271480153
vn -0.592129974 -0.758736200 -0.271480153
vn -0.592129974 -0.728472969 -0.344542055
vn -0.592129974 -0.728472969 -0.344542055
vn -0.592129974 -0.691194146 -0.414285828
vn -0.592129974 -0.691194146 -0.414285828
vn -0.592129974 -0.647258745 -0.480039802
vn -0.592129974 -0.647258745 -0.480039802
vn -0.592129974 -0.597089889 -0.541170730
vn -0.592129974 -0.597089889 -0.541170730
vn -0.592129974 -0.541170730 -0.597089889
vn -0.592129974 -0.541170730 -0.597089889
vn -0.592129974 -0.480039802 -0.647258745
vn -0.592129974 -0.480039802 -0.647258745
vn -0.592129974 -0.414285828 -0.691194146
vn -0.592129974 -0.414285828 -0.691194146
vn -0.592129974 -0.344542055 -0.728472969
vn -0.592129974 -0.344542055 -0.728472969
vn -0.592129974 -0.271480153 -0.758736200
vn -0.592129974 -0.271480153 -0.758736200
vn -0.592129974 -0.195803749 -0.781692386
vn -0.592129974 -0.195803749 -0.781692386
vn -0.592129974 -0.118241649 -0.797120447
vn -0.592129974 -0.118241649 -0.797120447
vn -0.592129974 -0.039540816 -0.804871802
vn -0.592129974 -0.039540816 -0.804871802
vn -0.592129974 0.039540816 -0.804871802
vn -0.592129974 0.039540816 -0.804871802
vn -0.592129974 0.118241649 -0.797120447
vn -0.592129974 0.118241649 -0.797120447
vn -0.592129974 0.195803749 -0.781692386
vn -0.592129974 0.195803749 -0.781692386
vn -0.592129974 0.271480153 -0.758736200
vn -0.592129974 0.271480153 -0.758736200
vn -0.592129974 0.344542055 -0.728472969
vn -0.592129974 0.344542055 -0.728472969
vn -0.592129974 0.414285828 -0.691194146
vn -0.592129974 0.414285828 -0.691194146
vn -0.592129974 0.480039802 -0.647258745
vn -0.592129974 0.480039802 -0.647258745
vn -0.592129974 0.541170730 -0.597089889
vn -0.592129974 0.541170730 -0.597089889
vn -0.592129974 0.597089889 -0.541170730
vn -0.592129974 0.597089889 -0.541170730
vn -0.592129974 0.647258745 -0.480039802
vn -0.592129974 0.647258745 -0.480039802
vn -0.592129974 0.691194146 -0.414285828
vn -0.592129974 0.691194146 -0.414285828
vn -0.592129974 0.728472969 -0.344542055
vn -0.592129974 0.728472969 -0.344542055
vn -0.592129974 0.758736200 -0.271480153
vn -0.592129974 0.758736200 -0.271480153
vn -0.592129974 0.781692386 -0.195803749
vn -0.592129974 0.781692386 -0.195803749
vn -0.592129974 0.797120447 -0.118241649
vn -0.592129974 0.797120447 -0.118241649
vn -0.592129974 0.804871802 -0.039540816
vn -0.592129974 0.804871802 -0.039540816
vn -0.528699200 0.847786830 0.041649096
vn -0.528699200 0.847786830 0.041649096
vn -0.528699200 0.839622179 0.124546185
vn -0.528699200 0.839622179 0.124546185
vn -0.528699200 0.823371508 0.206243826
vn -0.528699200 0.823371508 0.206243826
vn -0.528699200 0.799191319 0.285955226
vn -0.528699200 0.799191319 0.285955226
vn -0.528699200 0.767314481 0.362912721
vn -0.528699200 0.767314481 0.362912721
vn -0.528699200 0.728047985 0.436375169
vn -0.528699200 0.728047985 0.436375169
vn -0.528699200 0.681769989 0.505635084
vn -0.528699200 0.681769989 0.505635084
vn -0.528699200 0.628926175 0.570025458
vn -0.528699200 0.628926175 0.570025458
vn -0.528699200 0.570025458 0.628926175
vn -0.528699200 0.570025458 0.628926175
vn -0.528699200 0.505635084 0.681769989
vn -0.528699200 0.505635084 0.681769989
vn -0.528699200 0.436375169 0.728047985
vn -0.528699200 0.436375169 0.728047985
vn -0.528699200 0.362912721 0.767314481
vn -0.528699200 0.362912721 0.767314481
vn -0.528699200 0.285955226 0.799191319
vn -0.528699200 0.285955226 0.799191319
vn -0.528699200 0.206243826 0.823371508
vn -0.528699200 0.206243826 0.823371508
vn -0.528699200 0.124546185 0.839622179
vn -0.528699200 0.124546185 0.839622179
vn -0.528699200 0.041649096 0.847786830
vn -0.528699200 0.041649096 0.847786830
vn -0.528699200 -0.041649096 0.847786830
vn -0.528699200 -0.041649096 0.847786830
vn -0.528699200 -0.124546185 0.839622179
vn -0.528699200 -0.124546185 0.839622179
vn -0.528699200 -0.206243826 0.823371508
vn -0.528699200 -0.206243826 0.823371508
vn -0.528699200 -0.285955226 0.799191319
vn -0.528699200 -0.285955226 0.799191319
vn -0.528699200 -0.362912721 0.767314481
vn -0.528699200 -0.362912721 0.767314481
vn -0.528699200 -0.436375169 0.728047985
vn -0.528699200 -0.436375169 0.728047985
vn -0.528699200 -0.505635084 0.681769989
vn -0.528699200 -0.505635084 0.681769989
vn -0.528699200 -0.570025458 0.628926175
vn -0.528699200 -0.570025458 0.628926175
vn -0.528699200 -0.628926175 0.570025458
vn -0.528699200 -0.628926175 0.570025458
vn -0.528699200 -0.681769989 0.505635084
vn -0.528699200 -0.681769989 0.505635084
vn -0.528699200 -0.728047985 0.436375169
vn -0.528699200 -0.728047985 0.436375169
vn -0.528699200 -0.767314481 0.362912721
vn -0.528699200 -0.767314481 0.362912721
vn -0.528699200 -0.799191319 0.285955226
vn -0.528699200 -0.799191319 0.285955226
vn -0.528699200 -0.823371508 0.206243826
vn -0.528699200 -0.823371508 0.206243826
vn -0.528699200 -0.839622179 0.124546185
vn -0.528699200 -0.839622179 0.124546185
vn -0.528699200 -0.847786830 0.041649096
vn -0.528699200 -0.847786830 0.041649096
vn -0.528699200 -0.847786830 -0.041649096
vn -0.528699200 -0.847786830 -0.041649096
vn -0.528699200 -0.839622179 -0.124546185
vn -0.528699200 -0.839622179 -0.124546185
vn -0.528699200 -0.823371508 -0.206243826
vn -0.528699200 -0.823371508 -0.206243826
vn -0.528699200 -0.799191319 -0.285955226
vn -0.528699200 -0.799191319 -0.285955226
vn -0.528699200 -0.767314481 -0.362912721
vn -0.528699200 -0.767314481 -0.362912721
vn -0.528699200 -0.728047985 -0.436375169
vn -0.528699200 -0.728047985 -0.436375169
vn -0.528699200 -0.681769989 -0.505635084
vn -0.528699200 -0.681769989 -0.505635084
vn -0.528699200 -0.628926175 -0.570025458
vn -0.528699200 -0.628926175 -0.570025458
vn -0.528699200 -0.570025458 -0.628926175
vn -0.528699200 -0.570025458 -0.628926175
vn -0.528699200 -0.505635084 -0.681769989
vn -0.528699200 -0.505635084 -0.681769989
vn -0.528699200 -0.436375169 -0.728047985
vn -0.528699200 -0.436375169 -0.728047985
vn -0.528699200 -0.362912721 -0.767314481
vn -0.528699200 -0.362912721 -0.767314481
vn -0.528699200 -0.285955226 -0.799191319
vn -0.528699200 -0.285955226 -0.799191319
vn -0.528699200 -0.206243826 -0.823371508
vn -0.528699200 -0.206243826 -0.823371508
vn -0.528699200 -0.124546185 -0.839622179
vn -0.528699200 -0.124546185 -0.839622179
vn -0.528699200 -0.041649096 -0.847786830
vn -0.528699200 -0.041649096 -0.847786830
vn -0.528699200 0.041649096 -0.847786830
vn -0.528699200 0.041649096 -0.847786830
vn -0.528699200 0.124546185 -0.839622179
vn -0.528699200 0.124546185 -0.839622179
vn -0.528699200 0.206243826 -0.823371508
vn -0.528699200 0.206243826 -0.823371508
vn -0.528699200 0.285955226 -0.799191319
vn -0.528699200 0.285955226 -0.799191319
vn -0.528699200 0.362912721 -0.767314481
vn -0.528699200 0.362912721 -0.767314481
vn -0.528699200 0.436375169 -0.728047985
vn -0.528699200 0.436375169 -0.728047985
vn -0.528699200 0.505635084 -0.681769989
vn -0.528699200 0.505635084 -0.681769989
vn -0.528699200 0.570025458 -0.628926175
vn -0.528699200 0.570025458 -0.628926175
vn -0.528699200 0.628926175 -0.570025458
vn -0.528699200 0.628926175 -0.570025458
vn -0.528699200 0.681769989 -0.505635084
vn -0.528699200 0.681769989 -0.505635084
vn -0.528699200 0.728047985 -0.436375169
vn -0.528699200 0.728047985 -0.436375169
vn -0.528699200 0.767314481 -0.362912721
vn -0.528699200 0.767314481 -0.362912721
vn -0.528699200 0.799191319 -0.285955226
vn -0.528699200 0.799191319 -0.285955226
vn -0.528699200 0.823371508 -0.206243826
vn -0.528699200 0.823371508 -0.206243826
vn -0.528699200 0.839622179 -0.124546185
vn -0.528699200 0.839622179 -0.124546185
vn -0.528699200 0.847786830 -0.041649096
vn -0.528699200 0.847786830 -0.041649096
vn -0.472004683 0.880534120 0.043257867
vn -0.472004683 0.880534120 0.043257867
vn -0.472004683 0.872054095 0.129357005
vn -0.472004683 0.872054095 0.129357005
vn -0.472004683 0.855175712 0.214210365
vn -0.472004683 0.855175712 0.214210365
vn -0.472004683 0.830061520 0.297000761
vn -0.472004683 0.830061520 0.297000761
vn -0.472004683 0.796953382 0.376930878
vn -0.472004683 0.796953382 0.376930878
vn -0.472004683 0.756170147 0.453230944
vn -0.472004683 0.756170147 0.453230944
vn -0.472004683 0.708104580 0.525166148
vn -0.472004683 0.708104580 0.525166148
vn -0.472004683 0.653219579 0.592043716
vn -0.472004683 0.653219579 0.592043716
vn -0.472004683 0.592043716 0.653219579
vn -0.472004683 0.592043716 0.653219579
vn -0.472004683 0.525166148 0.708104580
vn -0.472004683 0.525166148 0.708104580
vn -0.472004683 0.453230944 0.756170147
vn -0.472004683 0.453230944 0.756170147
vn -0.472004683 0.376930878 0.796953382
vn -0.472004683 0.376930878 0.796953382
vn -0.472004683 0.297000761 0.830061520
vn -0.472004683 0.297000761 0.830061520
vn -0.472004683 0.214210365 0.855175712
vn -0.472004683 0.214210365 0.855175712
vn -0.472004683 0.129357005 0.872054095
vn -0.472004683 0.129357005 0.872054095
vn -0.472004683 0.043257867 0.880534120
vn -0.472004683 0.043257867 0.880534120
vn -0.472004683 -0.043257867 0.880534120
vn -0.472004683 -0.043257867 0.880534120
vn -0.472004683 -0.129357005 0.872054095
vn -0.472004683 -0.129357005 0.872054095
vn -0.472004683 -0.214210365 0.855175712
vn -0.472004683 -0.214210365 0.855175712
vn -0.472004683 -0.297000761 0.830061520
vn -0.472004683 -0.297000761 0.830061520
vn -0.472004683 -0.376930878 0.796953382
vn -0.472004683 -0.376930878 0.796953382
vn -0.472004683 -0.453230944 0.756170147
vn -0.472004683 -0.453230944 0.756170147
vn -0.472004683 -0.525166148 0.708104580
vn -0.472004683 -0.525166148 0.708104580
vn -0.472004683 -0.592043716 0.653219579
vn -0.472004683 -0.592043716 0.653219579
vn -0.472004683 -0.653219579 0.592043716
vn -0.472004683 -0.653219579 0.592043716
vn -0.472004683 -0.708104580 0.525166148
vn -0.472004683 -0.708104580 0.525166148
vn -0.472004683 -0.756170147 0.453230944
vn -0.472004683 -0.756170147 0.453230944
vn -0.472004683 -0.796953382 0.376930878
vn -0.472004683 -0.796953382 0.376930878
vn -0.472004683 -0.830061520 0.297000761
vn -0.472004683 -0.830061520 0.297000761
vn -0.472004683 -0.855175712 0.214210365
vn -0.472004683 -0.855175712 0.214210365
vn -0.472004683 -0.872054095 0.129357005
vn -0.472004683 -0.872054095 0.129357005
vn -0.472004683 -0.880534120 0.043257867
vn -0.472004683 -0.880534120 0.043257867
vn -0.472004683 -0.880534120 -0.043257867
vn -0.472004683 -0.880534120 -0.043257867
vn -0.472004683 -0.872054095 -0.129357005
vn -0.472004683 -0.872054095 -0.129357005
vn -0.472004683 -0.855175712 -0.214210365
vn -0.472004683 -0.855175712 -0.214210365
vn -0.472004683 -0.830061520 -0.297000761
vn -0.472004683 -0.830061520 -0.297000761
vn -0.472004683 -0.796953382 -0.376930878
vn -0.472004683 -0.796953382 -0.376930878
vn -0.472004683 -0.756170147 -0.453230944
vn -0.472004683 -0.756170147 -0.453230944
vn -0.472004683 -0.708104580 -0.525166148
vn -0.472004683 -0.708104580 -0.525166148
vn -0.472004683 -0.653219579 -0.592043716
vn -0.472004683 -0.653219579 -0.592043716
vn -0.472004683 -0.592043716 -0.653219579
vn -0.472004683 -0.592043716 -0.653219579
vn -0.472004683 -0.525166148 -0.708104580
vn -0.472004683 -0.525166148 -0.708104580
vn -0.472004683 -0.453230944 -0.756170147
vn -0.472004683 -0.453230944 -0.756170147
vn -0.472004683 -0.376930878 -0.796953382
vn -0.472004683 -0.376930878 -0.796953382
vn -0.472004683 -0.297000761 -0.830061520
vn -0.472004683 -0.297000761 -0.830061520
vn -0.472004683 -0.214210365 -0.855175712
vn -0.472004683 -0.214210365 -0.855175712
vn -0.472004683 -0.129357005 -0.872054095
vn -0.472004683 -0.129357005 -0.872054095
vn -0.472004683 -0.043257867 -0.880534120
vn -0.472004683 -0.043257867 -0.880534120
vn -0.472004683 0.043257867 -0.880534120
vn -0.472004683 0.043257867 -0.880534120
vn -0.472004683 0.129357005 -0.872054095
vn -0.472004683 0.129357005 -0.872054095
vn -0.472004683 0.214210365 -0.855175712
vn -0.472004683 0.214210365 -0.855175712
vn -0.472004683 0.297000761 -0.830061520
vn -0.472004683 0.297000761 -0.830061520
vn -0.472004683 0.376930878 -0.796953382
vn -0.472004683 0.376930878 -0.796953382
vn -0.472004683 0.453230944 -0.756170147
vn -0.472004683 0.453230944 -0.756170147
vn -0.472004683 0.525166148 -0.708104580
vn -0.472004683 0.525166148 -0.708104580
vn -0.472004683 0.592043716 -0.653219579
vn -0.472004683 0.592043716 -0.653219579
vn -0.472004683 0.653219579 -0.592043716
vn -0.472004683 0.653219579 -0.592043716
vn -0.472004683 0.708104580 -0.525166148
vn -0.472004683 0.708104580 -0.525166148
vn -0.472004683 0.756170147 -0.453230944
vn -0.472004683 0.756170147 -0.453230944
vn -0.472004683 0.796953382 -0.376930878
vn -0.472004683 0.796953382 -0.376930878
vn -0.472004683 0.830061520 -0.297000761
vn -0.472004683 0.830061520 -0.297000761
vn -0.472004683 0.855175712 -0.214210365
vn -0.472004683 0.855175712 -0.214210365
vn -0.472004683 0.872054095 -0.129357005
vn -0.472004683 0.872054095 -0.129357005
vn -0.472004683 0.880534120 -0.043257867
vn -0.472004683 0.880534120 -0.043257867
vn -0.421350111 0.905805658 0.044499378
vn -0.421350111 0.905805658 0.044499378
vn -0.421350111 0.897082254 0.133069582
vn -0.421350111 0.897082254 0.133069582
vn -0.421350111 0.879719458 0.220358253
vn -0.421350111 0.879719458 0.220358253
vn -0.421350111 0.853884483 0.305524753
vn -0.421350111 0.853884483 0.305524753
vn -0.421350111 0.819826133 0.387748883
vn -0.421350111 0.819826133 0.387748883
vn -0.421350111 0.777872409 0.466238779
vn -0.421350111 0.777872409 0.466238779
vn -0.421350111 0.728427349 0.540238541
vn -0.421350111 0.728427349 0.540238541
vn -0.421350111 0.671967135 0.609035511
vn -0.421350111 0.671967135 0.609035511
vn -0.421350111 0.609035511 0.671967135
vn -0.421350111 0.609035511 0.671967135
vn -0.421350111 0.540238541 0.728427349
vn -0.421350111 0.540238541 0.728427349
vn -0.421350111 0.466238779 0.777872409
vn -0.421350111 0.466238779 0.777872409
vn -0.421350111 0.387748883 0.819826133
vn -0.421350111 0.387748883 0.819826133
vn -0.421350111 0.305524753 0.853884483
vn -0.421350111 0.305524753 0.853884483
vn -0.421350111 0.220358253 0.879719458
vn -0.421350111 0.220358253 0.879719458
vn -0.421350111 0.133069582 0.897082254
vn -0.421350111 0.133069582 0.897082254
vn -0.421350111 0.044499378 0.905805658
vn -0.421350111 0.044499378 0.905805658
vn -0.421350111 -0.044499378 0.905805658
vn -0.421350111 -0.044499378 0.905805658
vn -0.421350111 -0.133069582 0.897082254
vn -0.421350111 -0.133069582 0.897082254
vn -0.421350111 -0.220358253 0.879719458
vn -0.421350111 -0.220358253 0.879719458
vn -0.421350111 -0.305524753 0.853884483
vn -0.421350111 -0.305524753 0.853884483
vn -0.421350111 -0.387748883 0.819826133
vn -0.421350111 -0.387748883 0.819826133
vn -0.421350111 -0.466238779 0.777872409
vn -0.421350111 -0.466238779 0.777872409
vn -0.421350111 -0.540238541 0.728427349
vn -0.421350111 -0.540238541 0.728427349
vn -0.421350111 -0.609035511 0.671967135
vn -0.421350111 -0.609035511 0.671967135
vn -0.421350111 -0.671967135 0.609035511
vn -0.421350111 -0.671967135 0.609035511
vn -0.421350111 -0.728427349 0.540238541
vn -0.421350111 -0.728427349 0.540238541
vn -0.421350111 -0.777872409 0.466238779
vn -0.421350111 -0.777872409 0.466238779
vn -0.421350111 -0.819826133 0.387748883
vn -0.421350111 -0.819826133 0.387748883
vn -0.421350111 -0.853884483 0.305524753
vn -0.421350111 -0.853884483 0.305524753
vn -0.421350111 -0.879719458 0.220358253
vn -0.421350111 -0.879719458 0.220358253
vn -0.421350111 -0.897082254 0.133069582
vn -0.421350111 -0.897082254 0.133069582
vn -0.421350111 -0.905805658 0.044499378
vn -0.421350111 -0.905805658 0.044499378
vn -0.421350111 -0.905805658 -0.044499378
vn -0.421350111 -0.905805658 -0.044499378
vn -0.421350111 -0.897082254 -0.133069582
vn -0.421350111 -0.897082254 -0.133069582
vn -0.421350111 -0.879719458 -0.220358253
vn -0.421350111 -0.879719458 -0.220358253
vn -0.421350111 -0.853884483 -0.305524753
vn -0.421350111 -0.853884483 -0.305524753
vn -0.421350111 -0.819826133 -0.387748883
vn -0.421350111 -0.819826133 -0.387748883
vn -0.421350111 -0.777872409 -0.466238779
vn -0.421350111 -0.777872409 -0.466238779
vn -0.421350111 -0.728427349 -0.540238541
vn -0.421350111 -0.728427349 -0.540238541
vn -0.421350111 -0.671967135 -0.609035511
vn -0.421350111 -0.671967135 -0.609035511
vn -0.421350111 -0.609035511 -0.671967135
vn -0.421350111 -0.609035511 -0.671967135
vn -0.421350111 -0.540238541 -0.728427349
vn -0.421350111 -0.540238541 -0.728427349
vn -0.421350111 -0.466238779 -0.777872409
vn -0.421350111 -0.466238779 -0.777872409
vn -0.421350111 -0.387748883 -0.819826133
vn -0.421350111 -0.387748883 -0.819826133
vn -0.421350111 -0.305524753 -0.853884483
vn -0.421350111 -0.305524753 -0.853884483
vn -0.421350111 -0.220358253 -0.879719458
vn -0.421350111 -0.220358253 -0.879719458
vn -0.421350111 -0.133069582 -0.897082254
vn -0.421350111 -0.133069582 -0.897082254
vn -0.421350111 -0.044499378 -0.905805658
vn -0.421350111 -0.044499378 -0.905805658
vn -0.421350111 0.044499378 -0.905805658
vn -0.421350111 0.044499378 -0.905805658
vn -0.421350111 0.133069582 -0.897082254
vn -0.421350111 0.133069582 -0.897082254
vn -0.421350111 0.220358253 -0.879719458
vn -0.421350111 0.220358253 -0.879719458
vn -0.421350111 0.305524753 -0.853884483
vn -0.421350111 0.305524753 -0.853884483
vn -0.421350111 0.387748883 -0.819826133
vn -0.421350111 0.387748883 -0.819826133
vn -0.421350111 0.466238779 -0.777872409
vn -0.421350111 0.466238779 -0.777872409
vn -0.421350111 0.540238541 -0.728427349
vn -0.421350111 0.540238541 -0.728427349
vn -0.421350111 0.609035511 -0.671967135
vn -0.421350111 0.609035511 -0.671967135
vn -0.421350111 0.671967135 -0.609035511
vn -0.421350111 0.671967135 -0.609035511
vn -0.421350111 0.728427349 -0.540238541
vn -0.421350111 0.728427349 -0.540238541
vn -0.421350111 0.777872409 -0.466238779
vn -0.421350111 0.777872409 -0.466238779
vn -0.421350111 0.819826133 -0.387748883
vn -0.421350111 0.819826133 -0.387748883
vn -0.421350111 0.853884483 -0.305524753
vn -0.421350111 0.853884483 -0.305524753
vn -0.421350111 0.879719458 -0.220358253
vn -0.421350111 0.879719458 -0.220358253
vn -0.421350111 0.897082254 -0.133069582
vn -0.421350111 0.897082254 -0.133069582
vn -0.421350111 0.905805658 -0.044499378
vn -0.421350111 0.905805658 -0.044499378
vn -0.375922516 0.925534908 0.045468614
vn -0.375922516 0.925534908 0.045468614
vn -0.375922516 0.916621501 0.135967956
vn -0.375922516 0.916621501 0.135967956
vn -0.375922516 0.898880528 0.225157851
vn -0.375922516 0.898880528 0.225157851
vn -0.375922516 0.872482844 0.312179353
vn -0.375922516 0.872482844 0.312179353
vn -0.375922516 0.837682673 0.396194398
vn -0.375922516 0.837682673 0.396194398
vn -0.375922516 0.794815160 0.476393874
vn -0.375922516 0.794815160 0.476393874
vn -0.375922516 0.744293143 0.552005416
vn -0.375922516 0.744293143 0.552005416
vn -0.375922516 0.686603176 0.622300844
vn -0.375922516 0.686603176 0.622300844
vn -0.375922516 0.622300844 0.686603176
vn -0.375922516 0.622300844 0.686603176
vn -0.375922516 0.552005416 0.744293143
vn -0.375922516 0.552005416 0.744293143
vn -0.375922516 0.476393874 0.794815160
vn -0.375922516 0.476393874 0.794815160
vn -0.375922516 0.396194398 0.837682673
vn -0.375922516 0.396194398 0.837682673
vn -0.375922516 0.312179353 0.872482844
vn -0.375922516 0.312179353 0.872482844
vn -0.375922516 0.225157851 0.898880528
vn -0.375922516 0.225157851 0.898880528
vn -0.375922516 0.135967956 0.916621501
vn -0.375922516 0.135967956 0.916621501
vn -0.375922516 0.045468614 0.925534908
vn -0.375922516 0.045468614 0.925534908
vn -0.375922516 -0.045468614 0.925534908
vn -0.375922516 -0.045468614 0.925534908
vn -0.375922516 -0.135967956 0.916621501
vn -0.375922516 -0.135967956 0.916621501
vn -0.375922516 -0.225157851 0.898880528
vn -0.375922516 -0.225157851 0.898880528
vn -0.375922516 -0.312179353 0.872482844
vn -0.375922516 -0.312179353 0.872482844
vn -0.375922516 -0.396194398 0.837682673
vn -0.375922516 -0.396194398 0.837682673
vn -0.375922516 -0.476393874 0.794815160
vn -0.375922516 -0.476393874 0.794815160
vn -0.375922516 -0.552005416 0.744293143
vn -0.375922516 -0.552005416 0.744293143
vn -0.375922516 -0.622300844 0.686603176
vn -0.375922516 -0.622300844 0.686603176
vn -0.375922516 -0.686603176 0.622300844
vn -0.375922516 -0.686603176 0.622300844
vn -0.375922516 -0.744293143 0.552005416
vn -0.375922516 -0.744293143 0.552005416
vn -0.375922516 -0.794815160 0.476393874
vn -0.375922516 -0.794815160 0.476393874
vn -0.375922516 -0.837682673 0.396194398
vn -0.375922516 -0.837682673 0.396194398
vn -0.375922516 -0.872482844 0.312179353
vn -0.375922516 -0.872482844 0.312179353
vn -0.375922516 -0.898880528 0.225157851
vn -0.375922516 -0.898880528 0.225157851
vn -0.375922516 -0.916621501 0.135967956
vn -0.375922516 -0.916621501 0.135967956
vn -0.375922516 -0.925534908 0.045468614
vn -0.375922516 -0.925534908 0.045468614
vn -0.375922516 -0.925534908 -0.045468614
vn -0.375922516 -0.925534908 -0.045468614
vn -0.375922516 -0.916621501 -0.135967956
vn -0.375922516 -0.916621501 -0.135967956
vn -0.375922516 -0.898880528 -0.225157851
vn -0.375922516 -0.898880528 -0.225157851
vn -0.375922516 -0.872482844 -0.312179353
vn -0.375922516 -0.872482844 -0.312179353
vn -0.375922516 -0.837682673 -0.396194398
vn -0.375922516 -0.837682673 -0.396194398
vn -0.375922516 -0.794815160 -0.476393874
vn -0.375922516 -0.794815160 -0.476393874
vn -0.375922516 -0.744293143 -0.552005416
vn -0.375922516 -0.744293143 -0.552005416
vn -0.375922516 -0.686603176 -0.622300844
vn -0.375922516 -0.686603176 -0.622300844
vn -0.375922516 -0.622300844 -0.686603176
vn -0.375922516 -0.622300844 -0.686603176
vn -0.375922516 -0.552005416 -0.744293143
vn -0.375922516 -0.552005416 -0.744293143
vn -0.375922516 -0.476393874 -0.794815160
vn -0.375922516 -0.476393874 -0.794815160
vn -0.375922516 -0.396194398 -0.837682673
vn -0.375922516 -0.396194398 -0.837682673
vn -0.375922516 -0.312179353 -0.872482844
vn -0.375922516 -0.312179353 -0.872482844
vn -0.375922516 -0.225157851 -0.898880528
vn -0.375922516 -0.225157851 -0.898880528
vn -0.375922516 -0.135967956 -0.916621501
vn -0.375922516 -0.135967956 -0.916621501
vn -0.375922516 -0.045468614 -0.925534908
vn -0.375922516 -0.045468614 -0.925534908
vn -0.375922516 0.045468614 -0.925534908
vn -0.375922516 0.045468614 -0.925534908
vn -0.375922516 0.135967956 -0.916621501
vn -0.375922516 0.135967956 -0.916621501
vn -0.375922516 0.225157851 -0.898880528
vn -0.375922516 0.225157851 -0.898880528
vn -0.375922516 0.312179353 -0.872482844
vn -0.375922516 0.312179353 -0.872482844
vn -0.375922516 0.396194398 -0.837682673
vn -0.375922516 0.396194398 -0.837682673
vn -0.375922516 0.476393874 -0.794815160
vn -0.375922516 0.476393874 -0.794815160
vn -0.375922516 0.552005416 -0.744293143
vn -0.375922516 0.552005416 -0.744293143
vn -0.375922516 0.622300844 -0.686603176
vn -0.375922516 0.622300844 -0.686603176
vn -0.375922516 0.686603176 -0.622300844
vn -0.375922516 0.686603176 -0.622300844
vn -0.375922516 0.744293143 -0.552005416
vn -0.375922516 0.744293143 -0.552005416
vn -0.375922516 0.794815160 -0.476393874
vn -0.375922516 0.794815160 -0.476393874
vn -0.375922516 0.837682673 -0.396194398
vn -0.375922516 0.837682673 -0.396194398
vn -0.375922516 0.872482844 -0.312179353
vn -0.375922516 0.872482844 -0.312179353
vn -0.375922516 0.898880528 -0.225157851
vn -0.375922516 0.898880528 -0.225157851
vn -0.375922516 0.916621501 -0.135967956
vn -0.375922516 0.916621501 -0.135967956
vn -0.375922516 0.925534908 -0.045468614
vn -0.375922516 0.925534908 -0.045468614
vn -0.334936164 0.941105851 0.046233566
vn -0.334936164 0.941105851 0.046233566
vn -0.334936164 0.932042488 0.138255443
vn -0.334936164 0.932042488 0.138255443
vn -0.334936164 0.914003045 0.228945844
vn -0.334936164 0.914003045 0.228945844
vn -0.334936164 0.887161254 0.317431372
vn -0.334936164 0.887161254 0.317431372
vn -0.334936164 0.851775614 0.402859863
vn -0.334936164 0.851775614 0.402859863
vn -0.334936164 0.808186910 0.484408592
vn -0.334936164 0.808186910 0.484408592
vn -0.334936164 0.756814925 0.561292202
vn -0.334936164 0.756814925 0.561292202
vn -0.334936164 0.698154397 0.632770261
vn -0.334936164 0.698154397 0.632770261
vn -0.334936164 0.632770261 0.698154397
vn -0.334936164 0.632770261 0.698154397
vn -0.334936164 0.561292202 0.756814925
vn -0.334936164 0.561292202 0.756814925
vn -0.334936164 0.484408592 0.808186910
vn -0.334936164 0.484408592 0.808186910
vn -0.334936164 0.402859863 0.851775614
vn -0.334936164 0.402859863 0.851775614
vn -0.334936164 0.317431372 0.887161254
vn -0.334936164 0.317431372 0.887161254
vn -0.334936164 0.228945844 0.914003045
vn -0.334936164 0.228945844 0.914003045
vn -0.334936164 0.138255443 0.932042488
vn -0.334936164 0.138255443 0.932042488
vn -0.334936164 0.046233566 0.941105851
vn -0.334936164 0.046233566 0.941105851
vn -0.334936164 -0.046233566 0.941105851
vn -0.334936164 -0.046233566 0.941105851
vn -0.334936164 -0.138255443 0.932042488
vn -0.334936164 -0.138255443 0.932042488
vn -0.334936164 -0.228945844 0.914003045
vn -0.334936164 -0.228945844 0.914003045
vn -0.334936164 -0.317431372 0.887161254
vn -0.334936164 -0.317431372 0.887161254
vn -0.334936164 -0.402859863 0.851775614
vn -0.334936164 -0.402859863 0.851775614
vn -0.334936164 -0.484408592 0.808186910
vn -0.334936164 -0.484408592 0.808186910
vn -0.334936164 -0.561292202 0.756814925
vn -0.334936164 -0.561292202 0.756814925
vn -0.334936164 -0.632770261 0.698154397
vn -0.334936164 -0.632770261 0.698154397
vn -0.334936164 -0.698154397 0.632770261
vn -0.334936164 -0.698154397 0.632770261
vn -0.334936164 -0.756814925 0.561292202
vn -0.334936164 -0.756814925 0.561292202
vn -0.334936164 -0.808186910 0.484408592
vn -0.334936164 -0.808186910 0.484408592
vn -0.334936164 -0.851775614 0.402859863
vn -0.334936164 -0.851775614 0.402859863
vn -0.334936164 -0.887161254 0.317431372
vn -0.334936164 -0.887161254 0.317431372
vn -0.334936164 -0.914003045 0.228945844
vn -0.334936164 -0.914003045 0.228945844
vn -0.334936164 -0.932042488 0.138255443
vn -0.334936164 -0.932042488 0.138255443
vn -0.334936164 -0.941105851 0.046233566
vn -0.334936164 -0.941105851 0.046233566
vn -0.334936164 -0.941105851 -0.046233566
vn -0.334936164 -0.941105851 -0.046233566
vn -0.334936164 -0.932042488 -0.138255443
vn -0.334936164 -0.932042488 -0.138255443
vn -0.334936164 -0.914003045 -0.228945844
vn -0.334936164 -0.914003045 -0.228945844
vn -0.334936164 -0.887161254 -0.317431372
vn -0.334936164 -0.887161254 -0.317431372
vn -0.334936164 -0.851775614 -0.402859863
vn -0.334936164 -0.851775614 -0.402859863
vn -0.334936164 -0.808186910 -0.484408592
vn -0.334936164 -0.808186910 -0.484408592
vn -0.334936164 -0.756814925 -0.561292202
vn -0.334936164 -0.756814925 -0.561292202
vn -0.334936164 -0.698154397 -0.632770261
vn -0.334936164 -0.698154397 -0.632770261
vn -0.334936164 -0.632770261 -0.698154397
vn -0.334936164 -0.632770261 -0.698154397
vn -0.334936164 -0.561292202 -0.756814925
vn -0.334936164 -0.561292202 -0.756814925
vn -0.334936164 -0.484408592 -0.808186910
vn -0.334936164 -0.484408592 -0.808186910
vn -0.334936164 -0.402859863 -0.851775614
vn -0.334936164 -0.402859863 -0.851775614
vn -0.334936164 -0.317431372 -0.887161254
vn -0.334936164 -0.317431372 -0.887161254
vn -0.334936164 -0.228945844 -0.914003045
vn -0.334936164 -0.228945844 -0.914003045
vn -0.334936164 -0.138255443 -0.932042488
vn -0.334936164 -0.138255443 -0.932042488
vn -0.334936164 -0.046233566 -0.941105851
vn -0.334936164 -0.046233566 -0.941105851
vn -0.334936164 0.046233566 -0.941105851
vn -0.334936164 0.046233566 -0.941105851
vn -0.334936164 0.138255443 -0.932042488
vn -0.334936164 0.138255443 -0.932042488
vn -0.334936164 0.228945844 -0.914003045
vn -0.334936164 0.228945844 -0.914003045
vn -0.334936164 0.317431372 -0.887161254
vn -0.334936164 0.317431372 -0.887161254
vn -0.334936164 0.402859863 -0.851775614
vn -0.334936164 0.402859863 -0.851775614
vn -0.334936164 0.484408592 -0.808186910
vn -0.334936164 0.484408592 -0.808186910
vn -0.334936164 0.561292202 -0.756814925
vn -0.334936164 0.561292202 -0.756814925
vn -0.334936164 0.632770261 -0.698154397
vn -0.334936164 0.632770261 -0.698154397
vn -0.334936164 0.698154397 -0.632770261
vn -0.334936164 0.698154397 -0.632770261
vn -0.334936164 0.756814925 -0.561292202
vn -0.334936164 0.756814925 -0.561292202
vn -0.334936164 0.808186910 -0.484408592
vn -0.334936164 0.808186910 -0.484408592
vn -0.334936164 0.851775614 -0.402859863
vn -0.334936164 0.851775614 -0.402859863
vn -0.334936164 0.887161254 -0.317431372
vn -0.334936164 0.887161254 -0.317431372
vn -0.334936164 0.914003045 -0.228945844
vn -0.334936164 0.914003045 -0.228945844
vn -0.334936164 0.932042488 -0.138255443
vn -0.334936164 0.932042488 -0.138255443
vn -0.334936164 0.941105851 -0.046233566
vn -0.334936164 0.941105851 -0.046233566
vn -0.297687588 0.953513410 0.046843110
vn -0.297687588 0.953513410 0.046843110
vn -0.297687588 0.944330554 0.140078205
vn -0.297687588 0.944330554 0.140078205
vn -0.297687588 0.926053280 0.231964271
vn -0.297687588 0.926053280 0.231964271
vn -0.297687588 0.898857605 0.321616394
vn -0.297687588 0.898857605 0.321616394
vn -0.297687588 0.863005441 0.408171175
vn -0.297687588 0.863005441 0.408171175
vn -0.297687588 0.818842063 0.490795045
vn -0.297687588 0.818842063 0.490795045
vn -0.297687588 0.766792788 0.568692290
vn -0.297687588 0.766792788 0.568692290
vn -0.297687588 0.707358879 0.641112717
vn -0.297687588 0.707358879 0.641112717
vn -0.297687588 0.641112717 0.707358879
vn -0.297687588 0.641112717 0.707358879
vn -0.297687588 0.568692290 0.766792788
vn -0.297687588 0.568692290 0.766792788
vn -0.297687588 0.490795045 0.818842063
vn -0.297687588 0.490795045 0.818842063
vn -0.297687588 0.408171175 0.863005441
vn -0.297687588 0.408171175 0.863005441
vn -0.297687588 0.321616394 0.898857605
vn -0.297687588 0.321616394 0.898857605
vn -0.297687588 0.231964271 0.926053280
vn -0.297687588 0.231964271 0.926053280
vn -0.297687588 0.140078205 0.944330554
vn -0.297687588 0.140078205 0.944330554
vn -0.297687588 0.046843110 0.953513410
vn -0.297687588 0.046843110 0.953513410
vn -0.297687588 -0.046843110 0.953513410
vn -0.297687588 -0.046843110 0.953513410
vn -0.297687588 -0.140078205 0.944330554
vn -0.297687588 -0.140078205 0.944330554
vn -0.297687588 -0.231964271 0.926053280
vn -0.297687588 -0.231964271 0.926053280
vn -0.297687588 -0.321616394 0.898857605
vn -0.297687588 -0.321616394 0.898857605
vn -0.297687588 -0.408171175 0.863005441
vn -0.297687588 -0.408171175 0.863005441
vn -0.297687588 -0.490795045 0.818842063
vn -0.297687588 -0.490795045 0.818842063
vn -0.297687588 -0.568692290 0.766792788
vn -0.297687588 -0.568692290 0.766792788
vn -0.297687588 -0.641112717 0.707358879
vn -0.297687588 -0.641112717 0.707358879
vn -0.297687588 -0.707358879 0.641112717
vn -0.297687588 -0.707358879 0.641112717
vn -0.297687588 -0.766792788 0.568692290
vn -0.297687588 -0.766792788 0.568692290
vn -0.297687588 -0.818842063 0.490795045
vn -0.297687588 -0.818842063 0.490795045
vn -0.297687588 -0.863005441 0.408171175
vn -0.297687588 -0.863005441 0.408171175
vn -0.297687588 -0.898857605 0.321616394
vn -0.297687588 -0.898857605 0.321616394
vn -0.297687588 -0.926053280 0.231964271
vn -0.297687588 -0.926053280 0.231964271
vn -0.297687588 -0.944330554 0.140078205
vn -0.297687588 -0.944330554 0.140078205
vn -0.297687588 -0.953513410 0.046843110
vn -0.297687588 -0.953513410 0.046843110
vn -0.297687588 -0.953513410 -0.046843110
vn -0.297687588 -0.953513410 -0.046843110
vn -0.297687588 -0.944330554 -0.140078205
vn -0.297687588 -0.944330554 -0.140078205
vn -0.297687588 -0.926053280 -0.231964271
vn -0.297687588 -0.926053280 -0.231964271
vn -0.297687588 -0.898857605 -0.321616394
vn -0.297687588 -0.898857605 -0.321616394
vn -0.297687588 -0.863005441 -0.408171175
vn -0.297687588 -0.863005441 -0.408171175
vn -0.297687588 -0.818842063 -0.490795045
vn -0.297687588 -0.818842063 -0.490795045
vn -0.297687588 -0.766792788 -0.568692290
vn -0.297687588 -0.766792788 -0.568692290
vn -0.297687588 -0.707358879 -0.641112717
vn -0.297687588 -0.707358879 -0.641112717
vn -0.297687588 -0.641112717 -0.707358879
vn -0.297687588 -0.641112717 -0.707358879
vn -0.297687588 -0.568692290 -0.766792788
vn -0.297687588 -0.568692290 -0.766792788
vn -0.297687588 -0.490795045 -0.818842063
vn -0.297687588 -0.490795045 -0.818842063
vn -0.297687588 -0.408171175 -0.863005441
vn -0.297687588 -0.408171175 -0.863005441
vn -0.297687588 -0.321616394 -0.898857605
vn -0.297687588 -0.321616394 -0.898857605
vn -0.297687588 -0.231964271 -0.926053280
vn -0.297687588 -0.231964271 -0.926053280
vn -0.297687588 -0.140078205 -0.944330554
vn -0.297687588 -0.140078205 -0.944330554
vn -0.297687588 -0.046843110 -0.953513410
vn -0.297687588 -0.046843110 -0.953513410
vn -0.297687588 0.046843110 -0.953513410
vn -0.297687588 0.046843110 -0.953513410
vn -0.297687588 0.140078205 -0.944330554
vn -0.297687588 0.140078205 -0.944330554
vn -0.297687588 0.231964271 -0.926053280
vn -0.297687588 0.231964271 -0.926053280
vn -0.297687588 0.321616394 -0.898857605
vn -0.297687588 0.321616394 -0.898857605
vn -0.297687588 0.408171175 -0.863005441
vn -0.297687588 0.408171175 -0.863005441
vn -0.297687588 0.490795045 -0.818842063
vn -0.297687588 0.490795045 -0.818842063
vn -0.297687588 0.568692290 -0.766792788
vn -0.297687588 0.568692290 -0.766792788
vn -0.297687588 0.641112717 -0.707358879
vn -0.297687588 0.641112717 -0.707358879
vn -0.297687588 0.707358879 -0.641112717
vn -0.297687588 0.707358879 -0.641112717
vn -0.297687588 0.766792788 -0.568692290
vn -0.297687588 0.766792788 -0.568692290
vn -0.297687588 0.818842063 -0.490795045
vn -0.297687588 0.818842063 -0.490795045
vn -0.297687588 0.863005441 -0.408171175
vn -0.297687588 0.863005441 -0.408171175
vn -0.297687588 0.898857605 -0.321616394
vn -0.297687588 0.898857605 -0.321616394
vn -0.297687588 0.926053280 -0.231964271
vn -0.297687588 0.926053280 -0.231964271
vn -0.297687588 0.944330554 -0.140078205
vn -0.297687588 0.944330554 -0.140078205
vn -0.297687588 0.953513410 -0.046843110
vn -0.297687588 0.953513410 -0.046843110
vn -0.263568829 0.963478641 0.047332670
vn -0.263568829 0.963478641 0.047332670
vn -0.263568829 0.954199815 0.141542172
vn -0.263568829 0.954199815 0.141542172
vn -0.263568829 0.935731523 0.234388545
vn -0.263568829 0.935731523 0.234388545
vn -0.263568829 0.908251625 0.324977628
vn -0.263568829 0.908251625 0.324977628
vn -0.263568829 0.872024767 0.412436999
vn -0.263568829 0.872024767 0.412436999
vn -0.263568829 0.827399835 0.495924376
vn -0.263568829 0.827399835 0.495924376
vn -0.263568829 0.774806589 0.574635730
vn -0.263568829 0.774806589 0.574635730
vn -0.263568829 0.714751533 0.647813028
vn -0.263568829 0.714751533 0.647813028
vn -0.263568829 0.647813028 0.714751533
vn -0.263568829 0.647813028 0.714751533
vn -0.263568829 0.574635730 0.774806589
vn -0.263568829 0.574635730 0.774806589
vn -0.263568829 0.495924376 0.827399835
vn -0.263568829 0.495924376 0.827399835
vn -0.263568829 0.412436999 0.872024767
vn -0.263568829 0.412436999 0.872024767
vn -0.263568829 0.324977628 0.908251625
vn -0.263568829 0.324977628 0.908251625
vn -0.263568829 0.234388545 0.935731523
vn -0.263568829 0.234388545 0.935731523
vn -0.263568829 0.141542172 0.954199815
vn -0.263568829 0.141542172 0.954199815
vn -0.263568829 0.047332670 0.963478641
vn -0.263568829 0.047332670 0.963478641
vn -0.263568829 -0.047332670 0.963478641
vn -0.263568829 -0.047332670 0.963478641
vn -0.263568829 -0.141542172 0.954199815
vn -0.263568829 -0.141542172 0.954199815
vn -0.263568829 -0.234388545 0.935731523
vn -0.263568829 -0.234388545 0.935731523
vn -0.263568829 -0.324977628 0.908251625
vn -0.263568829 -0.324977628 0.908251625
vn -0.263568829 -0.412436999 0.872024767
vn -0.263568829 -0.412436999 0.872024767
vn -0.263568829 -0.495924376 0.827399835
vn -0.263568829 -0.495924376 0.827399835
vn -0.263568829 -0.574635730 0.774806589
vn -0.263568829 -0.574635730 0.774806589
vn -0.263568829 -0.647813028 0.714751533
vn -0.263568829 -0.647813028 0.714751533
vn -0.263568829 -0.714751533 0.647813028
vn -0.263568829 -0.714751533 0.647813028
vn -0.263568829 -0.774806589 0.574635730
vn -0.263568829 -0.774806589 0.574635730
vn -0.263568829 -0.827399835 0.495924376
vn -0.263568829 -0.827399835 0.495924376
vn -0.263568829 -0.872024767 0.412436999
vn -0.263568829 -0.872024767 0.412436999
vn -0.263568829 -0.908251625 0.324977628
vn -0.263568829 -0.908251625 0.324977628
vn -0.263568829 -0.935731523 0.234388545
vn -0.263568829 -0.935731523 0.234388545
vn -0.263568829 -0.954199815 0.141542172
vn -0.263568829 -0.954199815 0.141542172
vn -0.263568829 -0.963478641 0.047332670
vn -0.263568829 -0.963478641 0.047332670
vn -0.263568829 -0.963478641 -0.047332670
vn -0.263568829 -0.963478641 -0.047332670
vn -0.263568829 -0.954199815 -0.141542172
vn -0.263568829 -0.954199815 -0.141542172
vn -0.263568829 -0.935731523 -0.234388545
vn -0.263568829 -0.935731523 -0.234388545
vn -0.263568829 -0.908251625 -0.324977628
vn -0.263568829 -0.908251625 -0.324977628
vn -0.263568829 -0.872024767 -0.412436999
vn -0.263568829 -0.872024767 -0.412436999
vn -0.263568829 -0.827399835 -0.495924376
vn -0.263568829 -0.827399835 -0.495924376
vn -0.263568829 -0.774806589 -0.574635730
vn -0.263568829 -0.774806589 -0.574635730
vn -0.263568829 -0.714751533 -0.647813028
vn -0.263568829 -0.714751533 -0.647813028
vn -0.263568829 -0.647813028 -0.714751533
vn -0.263568829 -0.647813028 -0.714751533
vn -0.263568829 -0.574635730 -0.774806589
vn -0.263568829 -0.574635730 -0.774806589
vn -0.263568829 -0.495924376 -0.827399835
vn -0.263568829 -0.495924376 -0.827399835
vn -0.263568829 -0.412436999 -0.872024767
vn -0.263568829 -0.412436999 -0.872024767
vn -0.263568829 -0.324977628 -0.908251625
vn -0.263568829 -0.324977628 -0.908251625
vn -0.263568829 -0.234388545 -0.935731523
vn -0.263568829 -0.234388545 -0.935731523
vn -0.263568829 -0.141542172 -0.954199815
vn -0.263568829 -0.141542172 -0.954199815
vn -0.263568829 -0.047332670 -0.963478641
vn -0.263568829 -0.047332670 -0.963478641
vn -0.263568829 0.047332670 -0.963478641
vn -0.263568829 0.047332670 -0.963478641
vn -0.263568829 0.141542172 -0.954199815
vn -0.263568829 0.141542172 -0.954199815
vn -0.263568829 0.234388545 -0.935731523
vn -0.263568829 0.234388545 -0.935731523
vn -0.263568829 0.324977628 -0.908251625
vn -0.263568829 0.324977628 -0.908251625
vn -0.263568829 0.412436999 -0.872024767
vn -0.263568829 0.412436999 -0.872024767
vn -0.263568829 0.495924376 -0.827399835
vn -0.263568829 0.495924376 -0.827399835
vn -0.263568829 0.574635730 -0.774806589
vn -0.263568829 0.574635730 -0.774806589
vn -0.263568829 0.647813028 -0.714751533
vn -0.263568829 0.647813028 -0.714751533
vn -0.263568829 0.714751533 -0.647813028
vn -0.263568829 0.714751533 -0.647813028
vn -0.263568829 0.774806589 -0.574635730
vn -0.263568829 0.774806589 -0.574635730
vn -0.263568829 0.827399835 -0.495924376
vn -0.263568829 0.827399835 -0.495924376
vn -0.263568829 0.872024767 -0.412436999
vn -0.263568829 0.872024767 -0.412436999
vn -0.263568829 0.908251625 -0.324977628
vn -0.263568829 0.908251625 -0.324977628
vn -0.263568829 0.935731523 -0.234388545
vn -0.263568829 0.935731523 -0.234388545
vn -0.263568829 0.954199815 -0.141542172
vn -0.263568829 0.954199815 -0.141542172
vn -0.263568829 0.963478641 -0.047332670
vn -0.263568829 0.963478641 -0.047332670
vn -0.232062655 0.971529179 0.047728168
vn -0.232062655 0.971529179 0.047728168
vn -0.232062655 0.962172822 0.142724856
vn -0.232062655 0.962172822 0.142724856
vn -0.232062655 0.943550215 0.236347025
vn -0.232062655 0.943550215 0.236347025
vn -0.232062655 0.915840703 0.327693043
vn -0.232062655 0.915840703 0.327693043
vn -0.232062655 0.879311145 0.415883199
vn -0.232062655 0.879311145 0.415883199
vn -0.232062655 0.834313339 0.500068171
vn -0.232062655 0.834313339 0.500068171
vn -0.232062655 0.781280641 0.579437214
vn -0.232062655 0.781280641 0.579437214
vn -0.232062655 0.720723782 0.653225960
vn -0.232062655 0.720723782 0.653225960
vn -0.232062655 0.653225960 0.720723782
vn -0.232062655 0.653225960 0.720723782
vn -0.232062655 0.579437214 0.781280641
vn -0.232062655 0.579437214 0.781280641
vn -0.232062655 0.500068171 0.834313339
vn -0.232062655 0.500068171 0.834313339
vn -0.232062655 0.415883199 0.879311145
vn -0.232062655 0.415883199 0.879311145
vn -0.232062655 0.327693043 0.915840703
vn -0.232062655 0.327693043 0.915840703
vn -0.232062655 0.236347025 0.943550215
vn -0.232062655 0.236347025 0.943550215
vn -0.232062655 0.142724856 0.962172822
vn -0.232062655 0.142724856 0.962172822
vn -0.232062655 0.047728168 0.971529179
vn -0.232062655 0.047728168 0.971529179
vn -0.232062655 -0.047728168 0.971529179
vn -0.232062655 -0.047728168 0.971529179
vn -0.232062655 -0.142724856 0.962172822
vn -0.232062655 -0.142724856 0.962172822
vn -0.232062655 -0.236347025 0.943550215
vn -0.232062655 -0.236347025 0.943550215
vn -0.232062655 -0.327693043 0.915840703
vn -0.232062655 -0.327693043 0.915840703
vn -0.232062655 -0.415883199 0.879311145
vn -0.232062655 -0.415883199 0.879311145
vn -0.232062655 -0.500068171 0.834313339
vn -0.232062655 -0.500068171 0.834313339
vn -0.232062655 -0.579437214 0.781280641
vn -0.232062655 -0.579437214 0.781280641
vn -0.232062655 -0.653225960 0.720723782
vn -0.232062655 -0.653225960 0.720723782
vn -0.232062655 -0.720723782 0.653225960
vn -0.232062655 -0.720723782 0.653225960
vn -0.232062655 -0.781280641 0.579437214
vn -0.232062655 -0.781280641 0.579437214
vn -0.232062655 -0.834313339 0.500068171
vn -0.232062655 -0.834313339 0.500068171
vn -0.232062655 -0.879311145 0.415883199
vn -0.232062655 -0.879311145 0.415883199
vn -0.232062655 -0.915840703 0.327693043
vn -0.232062655 -0.915840703 0.327693043
vn -0.232062655 -0.943550215 0.236347025
vn -0.232062655 -0.943550215 0.236347025
vn -0.232062655 -0.962172822 0.142724856
vn -0.232062655 -0.962172822 0.142724856
vn -0.232062655 -0.971529179 0.047728168
vn -0.232062655 -0.971529179 0.047728168
vn -0.232062655 -0.971529179 -0.047728168
vn -0.232062655 -0.971529179 -0.047728168
vn -0.232062655 -0.962172822 -0.142724856
vn -0.232062655 -0.962172822 -0.142724856
vn -0.232062655 -0.943550215 -0.236347025
vn -0.232062655 -0.943550215 -0.236347025
vn -0.232062655 -0.915840703 -0.327693043
vn -0.232062655 -0.915840703 -0.327693043
vn -0.232062655 -0.879311145 -0.415883199
vn -0.232062655 -0.879311145 -0.415883199
vn -0.232062655 -0.834313339 -0.500068171
vn -0.232062655 -0.834313339 -0.500068171
vn -0.232062655 -0.781280641 -0.579437214
vn -0.232062655 -0.781280641 -0.579437214
vn -0.232062655 -0.720723782 -0.653225960
vn -0.232062655 -0.720723782 -0.653225960
vn -0.232062655 -0.653225960 -0.720723782
vn -0.232062655 -0.653225960 -0.720723782
vn -0.232062655 -0.579437214 -0.781280641
vn -0.232062655 -0.579437214 -0.781280641
vn -0.232062655 -0.500068171 -0.834313339
vn -0.232062655 -0.500068171 -0.834313339
vn -0.232062655 -0.415883199 -0.879311145
vn -0.232062655 -0.415883199 -0.879311145
vn -0.232062655 -0.327693043 -0.915840703
vn -0.232062655 -0.327693043 -0.915840703
vn -0.232062655 -0.236347025 -0.943550215
vn -0.232062655 -0.236347025 -0.943550215
vn -0.232062655 -0.142724856 -0.962172822
vn -0.232062655 -0.142724856 -0.962172822
vn -0.232062655 -0.047728168 -0.971529179
vn -0.232062655 -0.047728168 -0.971529179
vn -0.232062655 0.047728168 -0.971529179
vn -0.232062655 0.047728168 -0.971529179
vn -0.232062655 0.142724856 -0.962172822
vn -0.232062655 0.142724856 -0.962172822
vn -0.232062655 0.236347025 -0.943550215
vn -0.232062655 0.236347025 -0.943550215
vn -0.232062655 0.327693043 -0.915840703
vn -0.232062655 0.327693043 -0.915840703
vn -0.232062655 0.415883199 -0.879311145
vn -0.232062655 0.415883199 -0.879311145
vn -0.232062655 0.500068171 -0.834313339
vn -0.232062655 0.500068171 -0.834313339
vn -0.232062655 0.579437214 -0.781280641
vn -0.232062655 0.579437214 -0.781280641
vn -0.232062655 0.653225960 -0.720723782
vn -0.232062655 0.653225960 -0.720723782
vn -0.232062655 0.720723782 -0.653225960
vn -0.232062655 0.720723782 -0.653225960
vn -0.232062655 0.781280641 -0.579437214
vn -0.232062655 0.781280641 -0.579437214
vn -0.232062655 0.834313339 -0.500068171
vn -0.232062655 0.834313339 -0.500068171
vn -0.232062655 0.879311145 -0.415883199
vn -0.232062655 0.879311145 -0.415883199
vn -0.232062655 0.915840703 -0.327693043
vn -0.232062655 0.915840703 -0.327693043
vn -0.232062655 0.943550215 -0.236347025
vn -0.232062655 0.943550215 -0.236347025
vn -0.232062655 0.962172822 -0.142724856
vn -0.232062655 0.962172822 -0.142724856
vn -0.232062655 0.971529179 -0.047728168
vn -0.232062655 0.971529179 -0.047728168
vn -0.202731205 0.978054894 0.048048756
vn -0.202731205 0.978054894 0.048048756
vn -0.202731205 0.968635691 0.143683532
vn -0.202731205 0.968635691 0.143683532
vn -0.202731205 0.949887996 0.237934557
vn -0.202731205 0.949887996 0.237934557
vn -0.202731205 0.921992361 0.329894142
vn -0.202731205 0.921992361 0.329894142
vn -0.202731205 0.885217435 0.418676666
vn -0.202731205 0.885217435 0.418676666
vn -0.202731205 0.839917382 0.503427105
vn -0.202731205 0.839917382 0.503427105
vn -0.202731205 0.786528465 0.583329266
vn -0.202731205 0.786528465 0.583329266
vn -0.202731205 0.725564849 0.657613647
vn -0.202731205 0.725564849 0.657613647
vn -0.202731205 0.657613647 0.725564849
vn -0.202731205 0.657613647 0.725564849
vn -0.202731205 0.583329266 0.786528465
vn -0.202731205 0.583329266 0.786528465
vn -0.202731205 0.503427105 0.839917382
vn -0.202731205 0.503427105 0.839917382
vn -0.202731205 0.418676666 0.885217435
vn -0.202731205 0.418676666 0.885217435
vn -0.202731205 0.329894142 0.921992361
vn -0.202731205 0.329894142 0.921992361
vn -0.202731205 0.237934557 0.949887996
vn -0.202731205 0.237934557 0.949887996
vn -0.202731205 0.143683532 0.968635691
vn -0.202731205 0.143683532 0.968635691
vn -0.202731205 0.048048756 0.978054894
vn -0.202731205 0.048048756 0.978054894
vn -0.202731205 -0.048048756 0.978054894
vn -0.202731205 -0.048048756 0.978054894
vn -0.202731205 -0.143683532 0.968635691
vn -0.202731205 -0.143683532 0.968635691
vn -0.202731205 -0.237934557 0.949887996
vn -0.202731205 -0.237934557 0.949887996
vn -0.202731205 -0.329894142 0.921992361
vn -0.202731205 -0.329894142 0.921992361
vn -0.202731205 -0.418676666 0.885217435
vn -0.202731205 -0.418676666 0.885217435
vn -0.202731205 -0.503427105 0.839917382
vn -0.202731205 -0.503427105 0.839917382
vn -0.202731205 -0.583329266 0.786528465
vn -0.202731205 -0.583329266 0.786528465
vn -0.202731205 -0.657613647 0.725564849
vn -0.202731205 -0.657613647 0.725564849
vn -0.202731205 -0.725564849 0.657613647
vn -0.202731205 -0.725564849 0.657613647
vn -0.202731205 -0.786528465 0.583329266
vn -0.202731205 -0.786528465 0.583329266
vn -0.202731205 -0.839917382 0.503427105
vn -0.202731205 -0.839917382 0.503427105
vn -0.202731205 -0.885217435 0.418676666
vn -0.202731205 -0.885217435 0.418676666
vn -0.202731205 -0.921992361 0.329894142
vn -0.202731205 -0.921992361 0.329894142
vn -0.202731205 -0.949887996 0.237934557
vn -0.202731205 -0.949887996 0.237934557
vn -0.202731205 -0.968635691 0.143683532
vn -0.202731205 -0.968635691 0.143683532
vn -0.202731205 -0.978054894 0.048048756
vn -0.202731205 -0.978054894 0.048048756
vn -0.202731205 -0.978054894 -0.048048756
vn -0.202731205 -0.978054894 -0.048048756
vn -0.202731205 -0.968635691 -0.143683532
vn -0.202731205 -0.968635691 -0.143683532
vn -0.202731205 -0.949887996 -0.237934557
vn -0.202731205 -0.949887996 -0.237934557
vn -0.202731205 -0.921992361 -0.329894142
vn -0.202731205 -0.921992361 -0.329894142
vn -0.202731205 -0.885217435 -0.418676666
vn -0.202731205 -0.885217435 -0.418676666
vn -0.202731205 -0.839917382 -0.503427105
vn -0.202731205 -0.839917382 -0.503427105
vn -0.202731205 -0.786528465 -0.583329266
vn -0.202731205 -0.786528465 -0.583329266
vn -0.202731205 -0.725564849 -0.657613647
vn -0.202731205 -0.725564849 -0.657613647
vn -0.202731205 -0.657613647 -0.725564849
vn -0.202731205 -0.657613647 -0.725564849
vn -0.202731205 -0.583329266 -0.786528465
vn -0.202731205 -0.583329266 -0.786528465
vn -0.202731205 -0.503427105 -0.839917382
vn -0.202731205 -0.503427105 -0.839917382
vn -0.202731205 -0.418676666 -0.885217435
vn -0.202731205 -0.418676666 -0.885217435
vn -0.202731205 -0.329894142 -0.921992361
vn -0.202731205 -0.329894142 -0.921992361
vn -0.202731205 -0.237934557 -0.949887996
vn -0.202731205 -0.237934557 -0.949887996
vn -0.202731205 -0.143683532 -0.968635691
vn -0.202731205 -0.143683532 -0.968635691
vn -0.202731205 -0.048048756 -0.978054894
vn -0.202731205 -0.048048756 -0.978054894
vn -0.202731205 0.048048756 -0.978054894
vn -0.202731205 0.048048756 -0.978054894
vn -0.202731205 0.143683532 -0.968635691
vn -0.202731205 0.143683532 -0.968635691
vn -0.202731205 0.237934557 -0.949887996
vn -0.202731205 0.237934557 -0.949887996
vn -0.202731205 0.329894142 -0.921992361
vn -0.202731205 0.329894142 -0.921992361
vn -0.202731205 0.418676666 -0.885217435
vn -0.202731205 0.418676666 -0.885217435
vn -0.202731205 0.503427105 -0.839917382
vn -0.202731205 0.503427105 -0.839917382
vn -0.202731205 0.583329266 -0.786528465
vn -0.202731205 0.583329266 -0.786528465
vn -0.202731205 0.657613647 -0.725564849
vn -0.202731205 0.657613647 -0.725564849
vn -0.202731205 0.725564849 -0.657613647
vn -0.202731205 0.725564849 -0.657613647
vn -0.202731205 0.786528465 -0.583329266
vn -0.202731205 0.786528465 -0.583329266
vn -0.202731205 0.839917382 -0.503427105
vn -0.202731205 0.839917382 -0.503427105
vn -0.202731205 0.885217435 -0.418676666
vn -0.202731205 0.885217435 -0.418676666
vn -0.202731205 0.921992361 -0.329894142
vn -0.202731205 0.921992361 -0.329894142
vn -0.202731205 0.949887996 -0.237934557
vn -0.202731205 0.949887996 -0.237934557
vn -0.202731205 0.968635691 -0.143683532
vn -0.202731205 0.968635691 -0.143683532
vn -0.202731205 0.978054894 -0.048048756
vn -0.202731205 0.978054894 -0.048048756
vn -0.175203197 0.983346383 0.048308710
vn -0.175203197 0.983346383 0.048308710
vn -0.175203197 0.973876219 0.144460891
vn -0.175203197 0.973876219 0.144460891
vn -0.175203197 0.955027096 0.239221834
vn -0.175203197 0.955027096 0.239221834
vn -0.175203197 0.926980539 0.331678940
vn -0.175203197 0.926980539 0.331678940
vn -0.175203197 0.890006653 0.420941797
vn -0.175203197 0.890006653 0.420941797
vn -0.175203197 0.844461517 0.506150755
vn -0.175203197 0.844461517 0.506150755
vn -0.175203197 0.790783754 0.586485203
vn -0.175203197 0.790783754 0.586485203
vn -0.175203197 0.729490312 0.661171479
vn -0.175203197 0.729490312 0.661171479
vn -0.175203197 0.661171479 0.729490312
vn -0.175203197 0.661171479 0.729490312
vn -0.175203197 0.586485203 0.790783754
vn -0.175203197 0.586485203 0.790783754
vn -0.175203197 0.506150755 0.844461517
vn -0.175203197 0.506150755 0.844461517
vn -0.175203197 0.420941797 0.890006653
vn -0.175203197 0.420941797 0.890006653
vn -0.175203197 0.331678940 0.926980539
vn -0.175203197 0.331678940 0.926980539
vn -0.175203197 0.239221834 0.955027096
vn -0.175203197 0.239221834 0.955027096
vn -0.175203197 0.144460891 0.973876219
vn -0.175203197 0.144460891 0.973876219
vn -0.175203197 0.048308710 0.983346383
vn -0.175203197 0.048308710 0.983346383
vn -0.175203197 -0.048308710 0.983346383
vn -0.175203197 -0.048308710 0.983346383
vn -0.175203197 -0.144460891 0.973876219
vn -0.175203197 -0.144460891 0.973876219
vn -0.175203197 -0.239221834 0.955027096
vn -0.175203197 -0.239221834 0.955027096
vn -0.175203197 -0.331678940 0.926980539
vn -0.175203197 -0.331678940 0.926980539
vn -0.175203197 -0.420941797 0.890006653
vn -0.175203197 -0.420941797 0.890006653
vn -0.175203197 -0.506150755 0.844461517
vn -0.175203197 -0.506150755 0.844461517
vn -0.175203197 -0.586485203 0.790783754
vn -0.175203197 -0.586485203 0.790783754
vn -0.175203197 -0.661171479 0.729490312
vn -0.175203197 -0.661171479 0.729490312
vn -0.175203197 -0.729490312 0.661171479
vn -0.175203197 -0.729490312 0.661171479
vn -0.175203197 -0.790783754 0.586485203
vn -0.175203197 -0.790783754 0.586485203
vn -0.175203197 -0.844461517 0.506150755
vn -0.175203197 -0.844461517 0.506150755
vn -0.175203197 -0.890006653 0.420941797
vn -0.175203197 -0.890006653 0.420941797
vn -0.175203197 -0.926980539 0.331678940
vn -0.175203197 -0.926980539 0.331678940
vn -0.175203197 -0.955027096 0.239221834
vn -0.175203197 -0.955027096 0.239221834
vn -0.175203197 -0.973876219 0.144460891
vn -0.175203197 -0.973876219 0.144460891
vn -0.175203197 -0.983346383 0.048308710
vn -0.175203197 -0.983346383 0.048308710
vn -0.175203197 -0.983346383 -0.048308710
vn -0.175203197 -0.983346383 -0.048308710
vn -0.175203197 -0.973876219 -0.144460891
vn -0.175203197 -0.973876219 -0.144460891
vn -0.175203197 -0.955027096 -0.239221834
vn -0.175203197 -0.955027096 -0.239221834
vn -0.175203197 -0.926980539 -0.331678940
vn -0.175203197 -0.926980539 -0.331678940
vn -0.175203197 -0.890006653 -0.420941797
vn -0.175203197 -0.890006653 -0.420941797
vn -0.175203197 -0.844461517 -0.506150755
vn -0.175203197 -0.844461517 -0.506150755
vn -0.175203197 -0.790783754 -0.586485203
vn -0.175203197 -0.790783754 -0.586485203
vn -0.175203197 -0.729490312 -0.661171479
vn -0.175203197 -0.729490312 -0.661171479
vn -0.175203197 -0.661171479 -0.729490312
vn -0.175203197 -0.661171479 -0.729490312
vn -0.175203197 -0.586485203 -0.790783754
vn -0.175203197 -0.586485203 -0.790783754
vn -0.175203197 -0.506150755 -0.844461517
vn -0.175203197 -0.506150755 -0.844461517
vn -0.175203197 -0.420941797 -0.890006653
vn -0.175203197 -0.420941797 -0.890006653
vn -0.175203197 -0.331678940 -0.926980539
vn -0.175203197 -0.331678940 -0.926980539
vn -0.175203197 -0.239221834 -0.955027096
vn -0.175203197 -0.239221834 -0.955027096
vn -0.175203197 -0.144460891 -0.973876219
vn -0.175203197 -0.144460891 -0.973876219
vn -0.175203197 -0.048308710 -0.983346383
vn -0.175203197 -0.048308710 -0.983346383
vn -0.175203197 0.048308710 -0.983346383
vn -0.175203197 0.048308710 -0.983346383
vn -0.175203197 0.144460891 -0.973876219
vn -0.175203197 0.144460891 -0.973876219
vn -0.175203197 0.239221834 -0.955027096
vn -0.175203197 0.239221834 -0.955027096
vn -0.175203197 0.331678940 -0.926980539
vn -0.175203197 0.331678940 -0.926980539
vn -0.175203197 0.420941797 -0.890006653
vn -0.175203197 0.420941797 -0.890006653
vn -0.175203197 0.506150755 -0.844461517
vn -0.175203197 0.506150755 -0.844461517
vn -0.175203197 0.586485203 -0.790783754
vn -0.175203197 0.586485203 -0.790783754
vn -0.175203197 0.661171479 -0.729490312
vn -0.175203197 0.661171479 -0.729490312
vn -0.175203197 0.729490312 -0.661171479
vn -0.175203197 0.729490312 -0.661171479
vn -0.175203197 0.790783754 -0.586485203
vn -0.175203197 0.790783754 -0.586485203
vn -0.175203197 0.844461517 -0.506150755
vn -0.175203197 0.844461517 -0.506150755
vn -0.175203197 0.890006653 -0.420941797
vn -0.175203197 0.890006653 -0.420941797
vn -0.175203197 0.926980539 -0.331678940
vn -0.175203197 0.926980539 -0.331678940
vn -0.175203197 0.955027096 -0.239221834
vn -0.175203197 0.955027096 -0.239221834
vn -0.175203197 0.973876219 -0.144460891
vn -0.175203197 0.973876219 -0.144460891
vn -0.175203197 0.983346383 -0.048308710
vn -0.175203197 0.983346383 -0.048308710
vn -0.149161861 0.987621725 0.048518744
vn -0.149161861 0.987621725 0.048518744
vn -0.149161861 0.978110387 0.145088970
vn -0.149161861 0.978110387 0.145088970
vn -0.149161861 0.959179313 0.240261910
vn -0.149161861 0.959179313 0.240261910
vn -0.149161861 0.931010817 0.333120997
vn -0.149161861 0.931010817 0.333120997
vn -0.149161861 0.893876178 0.422771946
vn -0.149161861 0.893876178 0.422771946
vn -0.149161861 0.848133022 0.508351370
vn -0.149161861 0.848133022 0.508351370
vn -0.149161861 0.794221882 0.589035093
vn -0.149161861 0.794221882 0.589035093
vn -0.149161861 0.732661952 0.664046086
vn -0.149161861 0.732661952 0.664046086
vn -0.149161861 0.664046086 0.732661952
vn -0.149161861 0.664046086 0.732661952
vn -0.149161861 0.589035093 0.794221882
vn -0.149161861 0.589035093 0.794221882
vn -0.149161861 0.508351370 0.848133022
vn -0.149161861 0.508351370 0.848133022
vn -0.149161861 0.422771946 0.893876178
vn -0.149161861 0.422771946 0.893876178
vn -0.149161861 0.333120997 0.931010817
vn -0.149161861 0.333120997 0.931010817
vn -0.149161861 0.240261910 0.959179313
vn -0.149161861 0.240261910 0.959179313
vn -0.149161861 0.145088970 0.978110387
vn -0.149161861 0.145088970 0.978110387
vn -0.149161861 0.048518744 0.987621725
vn -0.149161861 0.048518744 0.987621725
vn -0.149161861 -0.048518744 0.987621725
vn -0.149161861 -0.048518744 0.987621725
vn -0.149161861 -0.145088970 0.978110387
vn -0.149161861 -0.145088970 0.978110387
vn -0.149161861 -0.240261910 0.959179313
vn -0.149161861 -0.240261910 0.959179313
vn -0.149161861 -0.333120997 0.931010817
vn -0.149161861 -0.333120997 0.931010817
vn -0.149161861 -0.422771946 0.893876178
vn -0.149161861 -0.422771946 0.893876178
vn -0.149161861 -0.508351370 0.848133022
vn -0.149161861 -0.508351370 0.848133022
vn -0.149161861 -0.589035093 0.794221882
vn -0.149161861 -0.589035093 0.794221882
vn -0.149161861 -0.664046086 0.732661952
vn -0.149161861 -0.664046086 0.732661952
vn -0.149161861 -0.732661952 0.664046086
vn -0.149161861 -0.732661952 0.664046086
vn -0.149161861 -0.794221882 0.589035093
vn -0.149161861 -0.794221882 0.589035093
vn -0.149161861 -0.848133022 0.508351370
vn -0.149161861 -0.848133022 0.508351370
vn -0.149161861 -0.893876178 0.422771946
vn -0.149161861 -0.893876178 0.422771946
vn -0.149161861 -0.931010817 0.333120997
vn -0.149161861 -0.931010817 0.333120997
vn -0.149161861 -0.959179313 0.240261910
vn -0.149161861 -0.959179313 0.240261910
vn -0.149161861 -0.978110387 0.145088970
vn -0.149161861 -0.978110387 0.145088970
vn -0.149161861 -0.987621725 0.048518744
vn -0.149161861 -0.987621725 0.048518744
vn -0.149161861 -0.987621725 -0.048518744
vn -0.149161861 -0.987621725 -0.048518744
vn -0.149161861 -0.978110387 -0.145088970
vn -0.149161861 -0.978110387 -0.145088970
vn -0.149161861 -0.959179313 -0.240261910
vn -0.149161861 -0.959179313 -0.240261910
vn -0.149161861 -0.931010817 -0.333120997
vn -0.149161861 -0.931010817 -0.333120997
vn -0.149161861 -0.893876178 -0.422771946
vn -0.149161861 -0.893876178 -0.422771946
vn -0.149161861 -0.848133022 -0.508351370
vn -0.149161861 -0.848133022 -0.508351370
vn -0.149161861 -0.794221882 -0.589035093
vn -0.149161861 -0.794221882 -0.589035093
vn -0.149161861 -0.732661952 -0.664046086
vn -0.149161861 -0.732661952 -0.664046086
vn -0.149161861 -0.664046086 -0.732661952
vn -0.149161861 -0.664046086 -0.732661952
vn -0.149161861 -0.589035093 -0.794221882
vn -0.149161861 -0.589035093 -0.794221882
vn -0.149161861 -0.508351370 -0.848133022
vn -0.149161861 -0.508351370 -0.848133022
vn -0.149161861 -0.422771946 -0.893876178
vn -0.149161861 -0.422771946 -0.893876178
vn -0.149161861 -0.333120997 -0.931010817
vn -0.149161861 -0.333120997 -0.931010817
vn -0.149161861 -0.240261910 -0.959179313
vn -0.149161861 -0.240261910 -0.959179313
vn -0.149161861 -0.145088970 -0.978110387
vn -0.149161861 -0.145088970 -0.978110387
vn -0.149161861 -0.048518744 -0.987621725
vn -0.149161861 -0.048518744 -0.987621725
vn -0.149161861 0.048518744 -0.987621725
vn -0.149161861 0.048518744 -0.987621725
vn -0.149161861 0.145088970 -0.978110387
vn -0.149161861 0.145088970 -0.978110387
vn -0.149161861 0.240261910 -0.959179313
vn -0.149161861 0.240261910 -0.959179313
vn -0.149161861 0.333120997 -0.931010817
vn -0.149161861 0.333120997 -0.931010817
vn -0.149161861 0.422771946 -0.893876178
vn -0.149161861 0.422771946 -0.893876178
vn -0.149161861 0.508351370 -0.848133022
vn -0.149161861 0.508351370 -0.848133022
vn -0.149161861 0.589035093 -0.794221882
vn -0.149161861 0.589035093 -0.794221882
vn -0.149161861 0.664046086 -0.732661952
vn -0.149161861 0.664046086 -0.732661952
vn -0.149161861 0.732661952 -0.664046086
vn -0.149161861 0.732661952 -0.664046086
vn -0.149161861 0.794221882 -0.589035093
vn -0.149161861 0.794221882 -0.589035093
vn -0.149161861 0.848133022 -0.508351370
vn -0.149161861 0.848133022 -0.508351370
vn -0.149161861 0.893876178 -0.422771946
vn -0.149161861 0.893876178 -0.422771946
vn -0.149161861 0.931010817 -0.333120997
vn -0.149161861 0.931010817 -0.333120997
vn -0.149161861 0.959179313 -0.240261910
vn -0.149161861 0.959179313 -0.240261910
vn -0.149161861 0.978110387 -0.145088970
vn -0.149161861 0.978110387 -0.145088970
vn -0.149161861 0.987621725 -0.048518744
vn -0.149161861 0.987621725 -0.048518744
vn -0.124334332 0.991045184 0.048686928
vn -0.124334332 0.991045184 0.048686928
vn -0.124334332 0.981500877 0.145591902
vn -0.124334332 0.981500877 0.145591902
vn -0.124334332 0.962504180 0.241094746
vn -0.124334332 0.962504180 0.241094746
vn -0.124334332 0.934238042 0.334275717
vn -0.124334332 0.934238042 0.334275717
vn -0.124334332 0.896974681 0.424237429
vn -0.124334332 0.896974681 0.424237429
vn -0.124334332 0.851072963 0.510113503
vn -0.124334332 0.851072963 0.510113503
vn -0.124334332 0.796974947 0.591076905
vn -0.124334332 0.796974947 0.591076905
vn -0.124334332 0.735201627 0.666347913
vn -0.124334332 0.735201627 0.666347913
vn -0.124334332 0.666347913 0.735201627
vn -0.124334332 0.666347913 0.735201627
vn -0.124334332 0.591076905 0.796974947
vn -0.124334332 0.591076905 0.796974947
vn -0.124334332 0.510113503 0.851072963
vn -0.124334332 0.510113503 0.851072963
vn -0.124334332 0.424237429 0.896974681
vn -0.124334332 0.424237429 0.896974681
vn -0.124334332 0.334275717 0.934238042
vn -0.124334332 0.334275717 0.934238042
vn -0.124334332 0.241094746 0.962504180
vn -0.124334332 0.241094746 0.962504180
vn -0.124334332 0.145591902 0.981500877
vn -0.124334332 0.145591902 0.981500877
vn -0.124334332 0.048686928 0.991045184
vn -0.124334332 0.048686928 0.991045184
vn -0.124334332 -0.048686928 0.991045184
vn -0.124334332 -0.048686928 0.991045184
vn -0.124334332 -0.145591902 0.981500877
vn -0.124334332 -0.145591902 0.981500877
vn -0.124334332 -0.241094746 0.962504180
vn -0.124334332 -0.241094746 0.962504180
vn -0.124334332 -0.334275717 0.934238042
vn -0.124334332 -0.334275717 0.934238042
vn -0.124334332 -0.424237429 0.896974681
vn -0.124334332 -0.424237429 0.896974681
vn -0.124334332 -0.510113503 0.851072963
vn -0.124334332 -0.510113503 0.851072963
vn -0.124334332 -0.591076905 0.796974947
vn -0.124334332 -0.591076905 0.796974947
vn -0.124334332 -0.666347913 0.735201627
vn -0.124334332 -0.666347913 0.735201627
vn -0.124334332 -0.735201627 0.666347913
vn -0.124334332 -0.735201627 0.666347913
vn -0.124334332 -0.796974947 0.591076905
vn -0.124334332 -0.796974947 0.591076905
vn -0.124334332 -0.851072963 0.510113503
vn -0.124334332 -0.851072963 0.510113503
vn -0.124334332 -0.896974681 0.424237429
vn -0.124334332 -0.896974681 0.424237429
vn -0.124334332 -0.934238042 0.334275717
vn -0.124334332 -0.934238042 0.334275717
vn -0.124334332 -0.962504180 0.241094746
vn -0.124334332 -0.962504180 0.241094746
vn -0.124334332 -0.981500877 0.145591902
vn -0.124334332 -0.981500877 0.145591902
vn -0.124334332 -0.991045184 0.048686928
vn -0.124334332 -0.991045184 0.048686928
vn -0.124334332 -0.991045184 -0.048686928
vn -0.124334332 -0.991045184 -0.048686928
vn -0.124334332 -0.981500877 -0.145591902
vn -0.124334332 -0.981500877 -0.145591902
vn -0.124334332 -0.962504180 -0.241094746
vn -0.124334332 -0.962504180 -0.241094746
vn -0.124334332 -0.934238042 -0.334275717
vn -0.124334332 -0.934238042 -0.334275717
vn -0.124334332 -0.896974681 -0.424237429
vn -0.124334332 -0.896974681 -0.424237429
vn -0.124334332 -0.851072963 -0.510113503
vn -0.124334332 -0.851072963 -0.510113503
vn -0.124334332 -0.796974947 -0.591076905
vn -0.124334332 -0.796974947 -0.591076905
vn -0.124334332 -0.735201627 -0.666347913
vn -0.124334332 -0.735201627 -0.666347913
vn -0.124334332 -0.666347913 -0.735201627
vn -0.124334332 -0.666347913 -0.735201627
vn -0.124334332 -0.591076905 -0.796974947
vn -0.124334332 -0.591076905 -0.796974947
vn -0.124334332 -0.510113503 -0.851072963
vn -0.124334332 -0.510113503 -0.851072963
vn -0.124334332 -0.424237429 -0.896974681
vn -0.124334332 -0.424237429 -0.896974681
vn -0.124334332 -0.334275717 -0.934238042
vn -0.124334332 -0.334275717 -0.934238042
vn -0.124334332 -0.241094746 -0.962504180
vn -0.124334332 -0.241094746 -0.962504180
vn -0.124334332 -0.145591902 -0.981500877
vn -0.124334332 -0.145591902 -0.981500877
vn -0.124334332 -0.048686928 -0.991045184
vn -0.124334332 -0.048686928 -0.991045184
vn -0.124334332 0.048686928 -0.991045184
vn -0.124334332 0.048686928 -0.991045184
vn -0.124334332 0.145591902 -0.981500877
vn -0.124334332 0.145591902 -0.981500877
vn -0.124334332 0.241094746 -0.962504180
vn -0.124334332 0.241094746 -0.962504180
vn -0.124334332 0.334275717 -0.934238042
vn -0.124334332 0.334275717 -0.934238042
vn -0.124334332 0.424237429 -0.896974681
vn -0.124334332 0.424237429 -0.896974681
vn -0.124334332 0.510113503 -0.851072963
vn -0.124334332 0.510113503 -0.851072963
vn -0.124334332 0.591076905 -0.796974947
vn -0.124334332 0.591076905 -0.796974947
vn -0.124334332 0.666347913 -0.735201627
vn -0.124334332 0.666347913 -0.735201627
vn -0.124334332 0.735201627 -0.666347913
vn -0.124334332 0.735201627 -0.666347913
vn -0.124334332 0.796974947 -0.591076905
vn -0.124334332 0.796974947 -0.591076905
vn -0.124334332 0.851072963 -0.510113503
vn -0.124334332 0.851072963 -0.510113503
vn -0.124334332 0.896974681 -0.424237429
vn -0.124334332 0.896974681 -0.424237429
vn -0.124334332 0.934238042 -0.334275717
vn -0.124334332 0.934238042 -0.334275717
vn -0.124334332 0.962504180 -0.241094746
vn -0.124334332 0.962504180 -0.241094746
vn -0.124334332 0.981500877 -0.145591902
vn -0.124334332 0.981500877 -0.145591902
vn -0.124334332 0.991045184 -0.048686928
vn -0.124334332 0.991045184 -0.048686928
vn -0.100482615 0.993740367 0.048819334
vn -0.100482615 0.993740367 0.048819334
vn -0.100482615 0.984170104 0.145987844
vn -0.100482615 0.984170104 0.145987844
vn -0.100482615 0.965121745 0.241750412
vn -0.100482615 0.965121745 0.241750412
vn -0.100482615 0.936778736 0.335184791
vn -0.100482615 0.936778736 0.335184791
vn -0.100482615 0.899414035 0.425391158
vn -0.100482615 0.899414035 0.425391158
vn -0.100482615 0.853387486 0.511500775
vn -0.100482615 0.853387486 0.511500775
vn -0.100482615 0.799142349 0.592684360
vn -0.100482615 0.799142349 0.592684360
vn -0.100482615 0.737201034 0.668160070
vn -0.100482615 0.737201034 0.668160070
vn -0.100482615 0.668160070 0.737201034
vn -0.100482615 0.668160070 0.737201034
vn -0.100482615 0.592684360 0.799142349
vn -0.100482615 0.592684360 0.799142349
vn -0.100482615 0.511500775 0.853387486
vn -0.100482615 0.511500775 0.853387486
vn -0.100482615 0.425391158 0.899414035
vn -0.100482615 0.425391158 0.899414035
vn -0.100482615 0.335184791 0.936778736
vn -0.100482615 0.335184791 0.936778736
vn -0.100482615 0.241750412 0.965121745
vn -0.100482615 0.241750412 0.965121745
vn -0.100482615 0.145987844 0.984170104
vn -0.100482615 0.145987844 0.984170104
vn -0.100482615 0.048819334 0.993740367
vn -0.100482615 0.048819334 0.993740367
vn -0.100482615 -0.048819334 0.993740367
vn -0.100482615 -0.048819334 0.993740367
vn -0.100482615 -0.145987844 0.984170104
vn -0.100482615 -0.145987844 0.984170104
vn -0.100482615 -0.241750412 0.965121745
vn -0.100482615 -0.241750412 0.965121745
vn -0.100482615 -0.335184791 0.936778736
vn -0.100482615 -0.335184791 0.936778736
vn -0.100482615 -0.425391158 0.899414035
vn -0.100482615 -0.425391158 0.899414035
vn -0.100482615 -0.511500775 0.853387486
vn -0.100482615 -0.511500775 0.853387486
vn -0.100482615 -0.592684360 0.799142349
vn -0.100482615 -0.592684360 0.799142349
vn -0.100482615 -0.668160070 0.737201034
vn -0.100482615 -0.668160070 0.737201034
vn -0.100482615 -0.737201034 0.668160070
vn -0.100482615 -0.737201034 0.668160070
vn -0.100482615 -0.799142349 0.592684360
vn -0.100482615 -0.799142349 0.592684360
vn -0.100482615 -0.853387486 0.511500775
vn -0.100482615 -0.853387486 0.511500775
vn -0.100482615 -0.899414035 0.425391158
vn -0.100482615 -0.899414035 0.425391158
vn -0.100482615 -0.936778736 0.335184791
vn -0.100482615 -0.936778736 0.335184791
vn -0.100482615 -0.965121745 0.241750412
vn -0.100482615 -0.965121745 0.241750412
vn -0.100482615 -0.984170104 0.145987844
vn -0.100482615 -0.984170104 0.145987844
vn -0.100482615 -0.993740367 0.048819334
vn -0.100482615 -0.993740367 0.048819334
vn -0.100482615 -0.993740367 -0.048819334
vn -0.100482615 -0.993740367 -0.048819334
vn -0.100482615 -0.984170104 -0.145987844
vn -0.100482615 -0.984170104 -0.145987844
vn -0.100482615 -0.965121745 -0.241750412
vn -0.100482615 -0.965121745 -0.241750412
vn -0.100482615 -0.936778736 -0.335184791
vn -0.100482615 -0.936778736 -0.335184791
vn -0.100482615 -0.899414035 -0.425391158
vn -0.100482615 -0.899414035 -0.425391158
vn -0.100482615 -0.853387486 -0.511500775
vn -0.100482615 -0.853387486 -0.511500775
vn -0.100482615 -0.799142349 -0.592684360
vn -0.100482615 -0.799142349 -0.592684360
vn -0.100482615 -0.737201034 -0.668160070
vn -0.100482615 -0.737201034 -0.668160070
vn -0.100482615 -0.668160070 -0.737201034
vn -0.100482615 -0.668160070 -0.737201034
vn -0.100482615 -0.592684360 -0.799142349
vn -0.100482615 -0.592684360 -0.799142349
vn -0.100482615 -0.511500775 -0.853387486
vn -0.100482615 -0.511500775 -0.853387486
vn -0.100482615 -0.425391158 -0.899414035
vn -0.100482615 -0.425391158 -0.899414035
vn -0.100482615 -0.335184791 -0.936778736
vn -0.100482615 -0.335184791 -0.936778736
vn -0.100482615 -0.241750412 -0.965121745
vn -0.100482615 -0.241750412 -0.965121745
vn -0.100482615 -0.145987844 -0.984170104
vn -0.100482615 -0.145987844 -0.984170104
vn -0.100482615 -0.048819334 -0.993740367
vn -0.100482615 -0.048819334 -0.993740367
vn -0.100482615 0.048819334 -0.993740367
vn -0.100482615 0.048819334 -0.993740367
vn -0.100482615 0.145987844 -0.984170104
vn -0.100482615 0.145987844 -0.984170104
vn -0.100482615 0.241750412 -0.965121745
vn -0.100482615 0.241750412 -0.965121745
vn -0.100482615 0.335184791 -0.936778736
vn -0.100482615 0.335184791 -0.936778736
vn -0.100482615 0.425391158 -0.899414035
vn -0.100482615 0.425391158 -0.899414035
vn -0.100482615 0.511500775 -0.853387486
vn -0.100482615 0.511500775 -0.853387486
vn -0.100482615 0.592684360 -0.799142349
vn -0.100482615 0.592684360 -0.799142349
vn -0.100482615 0.668160070 -0.737201034
vn -0.100482615 0.668160070 -0.737201034
vn -0.100482615 0.737201034 -0.668160070
vn -0.100482615 0.737201034 -0.668160070
vn -0.100482615 0.799142349 -0.592684360
vn -0.100482615 0.799142349 -0.592684360
vn -0.100482615 0.853387486 -0.511500775
vn -0.100482615 0.853387486 -0.511500775
vn -0.100482615 0.899414035 -0.425391158
vn -0.100482615 0.899414035 -0.425391158
vn -0.100482615 0.936778736 -0.335184791
vn -0.100482615 0.936778736 -0.335184791
vn -0.100482615 0.965121745 -0.241750412
vn -0.100482615 0.965121745 -0.241750412
vn -0.100482615 0.984170104 -0.145987844
vn -0.100482615 0.984170104 -0.145987844
vn -0.100482615 0.993740367 -0.048819334
vn -0.100482615 0.993740367 -0.048819334
vn -0.077395960 0.995799503 0.048920493
vn -0.077395960 0.995799503 0.048920493
vn -0.077395960 0.986209410 0.146290347
vn -0.077395960 0.986209410 0.146290347
vn -0.077395960 0.967121580 0.242251345
vn -0.077395960 0.967121580 0.242251345
vn -0.077395960 0.938719842 0.335879330
vn -0.077395960 0.938719842 0.335879330
vn -0.077395960 0.901277718 0.426272614
vn -0.077395960 0.901277718 0.426272614
vn -0.077395960 0.855155796 0.512560659
vn -0.077395960 0.855155796 0.512560659
vn -0.077395960 0.800798257 0.593912465
vn -0.077395960 0.800798257 0.593912465
vn -0.077395960 0.738728594 0.669544569
vn -0.077395960 0.738728594 0.669544569
vn -0.077395960 0.669544569 0.738728594
vn -0.077395960 0.669544569 0.738728594
vn -0.077395960 0.593912465 0.800798257
vn -0.077395960 0.593912465 0.800798257
vn -0.077395960 0.512560659 0.855155796
vn -0.077395960 0.512560659 0.855155796
vn -0.077395960 0.426272614 0.901277718
vn -0.077395960 0.426272614 0.901277718
vn -0.077395960 0.335879330 0.938719842
vn -0.077395960 0.335879330 0.938719842
vn -0.077395960 0.242251345 0.967121580
vn -0.077395960 0.242251345 0.967121580
vn -0.077395960 0.146290347 0.986209410
vn -0.077395960 0.146290347 0.986209410
vn -0.077395960 0.048920493 0.995799503
vn -0.077395960 0.048920493 0.995799503
vn -0.077395960 -0.048920493 0.995799503
vn -0.077395960 -0.048920493 0.995799503
vn -0.077395960 -0.146290347 0.986209410
vn -0.077395960 -0.146290347 0.986209410
vn -0.077395960 -0.242251345 0.967121580
vn -0.077395960 -0.242251345 0.967121580
vn -0.077395960 -0.335879330 0.938719842
vn -0.077395960 -0.335879330 0.938719842
vn -0.077395960 -0.426272614 0.901277718
vn -0.077395960 -0.426272614 0.901277718
vn -0.077395960 -0.512560659 0.855155796
vn -0.077395960 -0.512560659 0.855155796
vn -0.077395960 -0.593912465 0.800798257
vn -0.077395960 -0.593912465 0.800798257
vn -0.077395960 -0.669544569 0.738728594
vn -0.077395960 -0.669544569 0.738728594
vn -0.077395960 -0.738728594 0.669544569
vn -0.077395960 -0.738728594 0.669544569
vn -0.077395960 -0.800798257 0.593912465
vn -0.077395960 -0.800798257 0.593912465
vn -0.077395960 -0.855155796 0.512560659
vn -0.077395960 -0.855155796 0.512560659
vn -0.077395960 -0.901277718 0.426272614
vn -0.077395960 -0.901277718 0.426272614
vn -0.077395960 -0.938719842 0.335879330
vn -0.077395960 -0.938719842 0.335879330
vn -0.077395960 -0.967121580 0.242251345
vn -0.077395960 -0.967121580 0.242251345
vn -0.077395960 -0.986209410 0.146290347
vn -0.077395960 -0.986209410 0.146290347
vn -0.077395960 -0.995799503 0.048920493
vn -0.077395960 -0.995799503 0.048920493
vn -0.077395960 -0.995799503 -0.048920493
vn -0.077395960 -0.995799503 -0.048920493
vn -0.077395960 -0.986209410 -0.146290347
vn -0.077395960 -0.986209410 -0.146290347
vn -0.077395960 -0.967121580 -0.242251345
vn -0.077395960 -0.967121580 -0.242251345
vn -0.077395960 -0.938719842 -0.335879330
vn -0.077395960 -0.938719842 -0.335879330
vn -0.077395960 -0.901277718 -0.426272614
vn -0.077395960 -0.901277718 -0.426272614
vn -0.077395960 -0.855155796 -0.512560659
vn -0.077395960 -0.855155796 -0.512560659
vn -0.077395960 -0.800798257 -0.593912465
vn -0.077395960 -0.800798257 -0.593912465
vn -0.077395960 -0.738728594 -0.669544569
vn -0.077395960 -0.738728594 -0.669544569
vn -0.077395960 -0.669544569 -0.738728594
vn -0.077395960 -0.669544569 -0.738728594
vn -0.077395960 -0.593912465 -0.800798257
vn -0.077395960 -0.593912465 -0.800798257
vn -0.077395960 -0.512560659 -0.855155796
vn -0.077395960 -0.512560659 -0.855155796
vn -0.077395960 -0.426272614 -0.901277718
vn -0.077395960 -0.426272614 -0.901277718
vn -0.077395960 -0.335879330 -0.938719842
vn -0.077395960 -0.335879330 -0.938719842
vn -0.077395960 -0.242251345 -0.967121580
vn -0.077395960 -0.242251345 -0.967121580
vn -0.077395960 -0.146290347 -0.986209410
vn -0.077395960 -0.146290347 -0.986209410
vn -0.077395960 -0.048920493 -0.995799503
vn -0.077395960 -0.048920493 -0.995799503
vn -0.077395960 0.048920493 -0.995799503
vn -0.077395960 0.048920493 -0.995799503
vn -0.077395960 0.146290347 -0.986209410
vn -0.077395960 0.146290347 -0.986209410
vn -0.077395960 0.242251345 -0.967121580
vn -0.077395960 0.242251345 -0.967121580
vn -0.077395960 0.335879330 -0.938719842
vn -0.077395960 0.335879330 -0.938719842
vn -0.077395960 0.426272614 -0.901277718
vn -0.077395960 0.426272614 -0.901277718
vn -0.077395960 0.512560659 -0.855155796
vn -0.077395960 0.512560659 -0.855155796
vn -0.077395960 0.593912465 -0.800798257
vn -0.077395960 0.593912465 -0.800798257
vn -0.077395960 0.669544569 -0.738728594
vn -0.077395960 0.669544569 -0.738728594
vn -0.077395960 0.738728594 -0.669544569
vn -0.077395960 0.738728594 -0.669544569
vn -0.077395960 0.800798257 -0.593912465
vn -0.077395960 0.800798257 -0.593912465
vn -0.077395960 0.855155796 -0.512560659
vn -0.077395960 0.855155796 -0.512560659
vn -0.077395960 0.901277718 -0.426272614
vn -0.077395960 0.901277718 -0.426272614
vn -0.077395960 0.938719842 -0.335879330
vn -0.077395960 0.938719842 -0.335879330
vn -0.077395960 0.967121580 -0.242251345
vn -0.077395960 0.967121580 -0.242251345
vn -0.077395960 0.986209410 -0.146290347
vn -0.077395960 0.986209410 -0.146290347
vn -0.077395960 0.995799503 -0.048920493
vn -0.077395960 0.995799503 -0.048920493
vn -0.054884414 0.997289986 0.048993715
vn -0.054884414 0.997289986 0.048993715
vn -0.054884414 0.987685539 0.146509310
vn -0.054884414 0.987685539 0.146509310
vn -0.054884414 0.968569139 0.242613939
vn -0.054884414 0.968569139 0.242613939
vn -0.054884414 0.940124890 0.336382064
vn -0.054884414 0.940124890 0.336382064
vn -0.054884414 0.902626723 0.426910646
vn -0.054884414 0.902626723 0.426910646
vn -0.054884414 0.856435768 0.513327845
vn -0.054884414 0.856435768 0.513327845
vn -0.054884414 0.801996868 0.594801416
vn -0.054884414 0.801996868 0.594801416
vn -0.054884414 0.739834301 0.670546724
vn -0.054884414 0.739834301 0.670546724
vn -0.054884414 0.670546724 0.739834301
vn -0.054884414 0.670546724 0.739834301
vn -0.054884414 0.594801416 0.801996868
vn -0.054884414 0.594801416 0.801996868
vn -0.054884414 0.513327845 0.856435768
vn -0.054884414 0.513327845 0.856435768
vn -0.054884414 0.426910646 0.902626723
vn -0.054884414 0.426910646 0.902626723
vn -0.054884414 0.336382064 0.940124890
vn -0.054884414 0.336382064 0.940124890
vn -0.054884414 0.242613939 0.968569139
vn -0.054884414 0.242613939 0.968569139
vn -0.054884414 0.146509310 0.987685539
vn -0.054884414 0.146509310 0.987685539
vn -0.054884414 0.048993715 0.997289986
vn -0.054884414 0.048993715 0.997289986
vn -0.054884414 -0.048993715 0.997289986
vn -0.054884414 -0.048993715 0.997289986
vn -0.054884414 -0.146509310 0.987685539
vn -0.054884414 -0.146509310 0.987685539
vn -0.054884414 -0.242613939 0.968569139
vn -0.054884414 -0.242613939 0.968569139
vn -0.054884414 -0.336382064 0.940124890
vn -0.054884414 -0.336382064 0.940124890
vn -0.054884414 -0.426910646 0.902626723
vn -0.054884414 -0.426910646 0.902626723
vn -0.054884414 -0.513327845 0.856435768
vn -0.054884414 -0.513327845 0.856435768
vn -0.054884414 -0.594801416 0.801996868
vn -0.054884414 -0.594801416 0.801996868
vn -0.054884414 -0.670546724 0.739834301
vn -0.054884414 -0.670546724 0.739834301
vn -0.054884414 -0.739834301 0.670546724
vn -0.054884414 -0.739834301 0.670546724
vn -0.054884414 -0.801996868 0.594801416
vn -0.054884414 -0.801996868 0.594801416
vn -0.054884414 -0.856435768 0.513327845
vn -0.054884414 -0.856435768 0.513327845
vn -0.054884414 -0.902626723 0.426910646
vn -0.054884414 -0.902626723 0.426910646
vn -0.054884414 -0.940124890 0.336382064
vn -0.054884414 -0.940124890 0.336382064
vn -0.054884414 -0.968569139 0.242613939
vn -0.054884414 -0.968569139 0.242613939
vn -0.054884414 -0.987685539 0.146509310
vn -0.054884414 -0.987685539 0.146509310
vn -0.054884414 -0.997289986 0.048993715
vn -0.054884414 -0.997289986 0.048993715
vn -0.054884414 -0.997289986 -0.048993715
vn -0.054884414 -0.997289986 -0.048993715
vn -0.054884414 -0.987685539 -0.146509310
vn -0.054884414 -0.987685539 -0.146509310
vn -0.054884414 -0.968569139 -0.242613939
vn -0.054884414 -0.968569139 -0.242613939
vn -0.054884414 -0.940124890 -0.336382064
vn -0.054884414 -0.940124890 -0.336382064
vn -0.054884414 -0.902626723 -0.426910646
vn -0.054884414 -0.902626723 -0.426910646
vn -0.054884414 -0.856435768 -0.513327845
vn -0.054884414 -0.856435768 -0.513327845
vn -0.054884414 -0.801996868 -0.594801416
vn -0.054884414 -0.801996868 -0.594801416
vn -0.054884414 -0.739834301 -0.670546724
vn -0.054884414 -0.739834301 -0.670546724
vn -0.054884414 -0.670546724 -0.739834301
vn -0.054884414 -0.670546724 -0.739834301
vn -0.054884414 -0.594801416 -0.801996868
vn -0.054884414 -0.594801416 -0.801996868
vn -0.054884414 -0.513327845 -0.856435768
vn -0.054884414 -0.513327845 -0.856435768
vn -0.054884414 -0.426910646 -0.902626723
vn -0.054884414 -0.426910646 -0.902626723
vn -0.054884414 -0.336382064 -0.940124890
vn -0.054884414 -0.336382064 -0.940124890
vn -0.054884414 -0.242613939 -0.968569139
vn -0.054884414 -0.242613939 -0.968569139
vn -0.054884414 -0.146509310 -0.987685539
vn -0.054884414 -0.146509310 -0.987685539
vn -0.054884414 -0.048993715 -0.997289986
vn -0.054884414 -0.048993715 -0.997289986
vn -0.054884414 0.048993715 -0.997289986
vn -0.054884414 0.048993715 -0.997289986
vn -0.054884414 0.146509310 -0.987685539
vn -0.054884414 0.146509310 -0.987685539
vn -0.054884414 0.242613939 -0.968569139
vn -0.054884414 0.242613939 -0.968569139
vn -0.054884414 0.336382064 -0.940124890
vn -0.054884414 0.336382064 -0.940124890
vn -0.054884414 0.426910646 -0.902626723
vn -0.054884414 0.426910646 -0.902626723
vn -0.054884414 0.513327845 -0.856435768
vn -0.054884414 0.513327845 -0.856435768
vn -0.054884414 0.594801416 -0.801996868
vn -0.054884414 0.594801416 -0.801996868
vn -0.054884414 0.670546724 -0.739834301
vn -0.054884414 0.670546724 -0.739834301
vn -0.054884414 0.739834301 -0.670546724
vn -0.054884414 0.739834301 -0.670546724
vn -0.054884414 0.801996868 -0.594801416
vn -0.054884414 0.801996868 -0.594801416
vn -0.054884414 0.856435768 -0.513327845
vn -0.054884414 0.856435768 -0.513327845
vn -0.054884414 0.902626723 -0.426910646
vn -0.054884414 0.902626723 -0.426910646
vn -0.054884414 0.940124890 -0.336382064
vn -0.054884414 0.940124890 -0.336382064
vn -0.054884414 0.968569139 -0.242613939
vn -0.054884414 0.968569139 -0.242613939
vn -0.054884414 0.987685539 -0.146509310
vn -0.054884414 0.987685539 -0.146509310
vn -0.054884414 0.997289986 -0.048993715
vn -0.054884414 0.997289986 -0.048993715
vn -0.032773307 0.998258914 0.049041316
vn -0.032773307 0.998258914 0.049041316
vn -0.032773307 0.988645135 0.146651652
vn -0.032773307 0.988645135 0.146651652
vn -0.032773307 0.969510163 0.242849654
vn -0.032773307 0.969510163 0.242849654
vn -0.032773307 0.941038278 0.336708880
vn -0.032773307 0.941038278 0.336708880
vn -0.032773307 0.903503680 0.427325415
vn -0.032773307 0.903503680 0.427325415
vn -0.032773307 0.857267848 0.513826574
vn -0.032773307 0.857267848 0.513826574
vn -0.032773307 0.802776057 0.595379301
vn -0.032773307 0.802776057 0.595379301
vn -0.032773307 0.740553094 0.671198201
vn -0.032773307 0.740553094 0.671198201
vn -0.032773307 0.671198201 0.740553094
vn -0.032773307 0.671198201 0.740553094
vn -0.032773307 0.595379301 0.802776057
vn -0.032773307 0.595379301 0.802776057
vn -0.032773307 0.513826574 0.857267848
vn -0.032773307 0.513826574 0.857267848
vn -0.032773307 0.427325415 0.903503680
vn -0.032773307 0.427325415 0.903503680
vn -0.032773307 0.336708880 0.941038278
vn -0.032773307 0.336708880 0.941038278
vn -0.032773307 0.242849654 0.969510163
vn -0.032773307 0.242849654 0.969510163
vn -0.032773307 0.146651652 0.988645135
vn -0.032773307 0.146651652 0.988645135
vn -0.032773307 0.049041316 0.998258914
vn -0.032773307 0.049041316 0.998258914
vn -0.032773307 -0.049041316 0.998258914
vn -0.032773307 -0.049041316 0.998258914
vn -0.032773307 -0.146651652 0.988645135
vn -0.032773307 -0.146651652 0.988645135
vn -0.032773307 -0.242849654 0.969510163
vn -0.032773307 -0.242849654 0.969510163
vn -0.032773307 -0.336708880 0.941038278
vn -0.032773307 -0.336708880 0.941038278
vn -0.032773307 -0.427325415 0.903503680
vn -0.032773307 -0.427325415 0.903503680
vn -0.032773307 -0.513826574 0.857267848
vn -0.032773307 -0.513826574 0.857267848
vn -0.032773307 -0.595379301 0.802776057
vn -0.032773307 -0.595379301 0.802776057
vn -0.032773307 -0.671198201 0.740553094
vn -0.032773307 -0.671198201 0.740553094
vn -0.032773307 -0.740553094 0.671198201
vn -0.032773307 -0.740553094 0.671198201
vn -0.032773307 -0.802776057 0.595379301
vn -0.032773307 -0.802776057 0.595379301
vn -0.032773307 -0.857267848 0.513826574
vn -0.032773307 -0.857267848 0.513826574
vn -0.032773307 -0.903503680 0.427325415
vn -0.032773307 -0.903503680 0.427325415
vn -0.032773307 -0.941038278 0.336708880
vn -0.032773307 -0.941038278 0.336708880
vn -0.032773307 -0.969510163 0.242849654
vn -0.032773307 -0.969510163 0.242849654
vn -0.032773307 -0.988645135 0.146651652
vn -0.032773307 -0.988645135 0.146651652
vn -0.032773307 -0.998258914 0.049041316
vn -0.032773307 -0.998258914 0.049041316
vn -0.032773307 -0.998258914 -0.049041316
vn -0.032773307 -0.998258914 -0.049041316
vn -0.032773307 -0.988645135 -0.146651652
vn -0.032773307 -0.988645135 -0.146651652
vn -0.032773307 -0.969510163 -0.242849654
vn -0.032773307 -0.969510163 -0.242849654
vn -0.032773307 -0.941038278 -0.336708880
vn -0.032773307 -0.941038278 -0.336708880
vn -0.032773307 -0.903503680 -0.427325415
vn -0.032773307 -0.903503680 -0.427325415
vn -0.032773307 -0.857267848 -0.513826574
vn -0.032773307 -0.857267848 -0.513826574
vn -0.032773307 -0.802776057 -0.595379301
vn -0.032773307 -0.802776057 -0.595379301
vn -0.032773307 -0.740553094 -0.671198201
vn -0.032773307 -0.740553094 -0.671198201
vn -0.032773307 -0.671198201 -0.740553094
vn -0.032773307 -0.671198201 -0.740553094
vn -0.032773307 -0.595379301 -0.802776057
vn -0.032773307 -0.595379301 -0.802776057
vn -0.032773307 -0.513826574 -0.857267848
vn -0.032773307 -0.513826574 -0.857267848
vn -0.032773307 -0.427325415 -0.903503680
vn -0.032773307 -0.427325415 -0.903503680
vn -0.032773307 -0.336708880 -0.941038278
vn -0.032773307 -0.336708880 -0.941038278
vn -0.032773307 -0.242849654 -0.969510163
vn -0.032773307 -0.242849654 -0.969510163
vn -0.032773307 -0.146651652 -0.988645135
vn -0.032773307 -0.146651652 -0.988645135
vn -0.032773307 -0.049041316 -0.998258914
vn -0.032773307 -0.049041316 -0.998258914
vn -0.032773307 0.049041316 -0.998258914
vn -0.032773307 0.049041316 -0.998258914
vn -0.032773307 0.146651652 -0.988645135
vn -0.032773307 0.146651652 -0.988645135
vn -0.032773307 0.242849654 -0.969510163
vn -0.032773307 0.242849654 -0.969510163
vn -0.032773307 0.336708880 -0.941038278
vn -0.032773307 0.336708880 -0.941038278
vn -0.032773307 0.427325415 -0.903503680
vn -0.032773307 0.427325415 -0.903503680
vn -0.032773307 0.513826574 -0.857267848
vn -0.032773307 0.513826574 -0.857267848
vn -0.032773307 0.595379301 -0.802776057
vn -0.032773307 0.595379301 -0.802776057
vn -0.032773307 0.671198201 -0.740553094
vn -0.032773307 0.671198201 -0.740553094
vn -0.032773307 0.740553094 -0.671198201
vn -0.032773307 0.740553094 -0.671198201
vn -0.032773307 0.802776057 -0.595379301
vn -0.032773307 0.802776057 -0.595379301
vn -0.032773307 0.857267848 -0.513826574
vn -0.032773307 0.857267848 -0.513826574
vn -0.032773307 0.903503680 -0.427325415
vn -0.032773307 0.903503680 -0.427325415
vn -0.032773307 0.941038278 -0.336708880
vn -0.032773307 0.941038278 -0.336708880
vn -0.032773307 0.969510163 -0.242849654
vn -0.032773307 0.969510163 -0.242849654
vn -0.032773307 0.988645135 -0.146651652
vn -0.032773307 0.988645135 -0.146651652
vn -0.032773307 0.998258914 -0.049041316
vn -0.032773307 0.998258914 -0.049041316
vn -0.010898412 0.998736138 0.049064760
vn -0.010898412 0.998736138 0.049064760
vn -0.010898412 0.989117763 0.146721760
vn -0.010898412 0.989117763 0.146721760
vn -0.010898412 0.969973644 0.242965749
vn -0.010898412 0.969973644 0.242965749
vn -0.010898412 0.941488147 0.336869846
vn -0.010898412 0.941488147 0.336869846
vn -0.010898412 0.903935606 0.427529701
vn -0.010898412 0.903935606 0.427529701
vn -0.010898412 0.857677670 0.514072212
vn -0.010898412 0.857677670 0.514072212
vn -0.010898412 0.803159829 0.595663926
vn -0.010898412 0.803159829 0.595663926
vn -0.010898412 0.740907121 0.671519071
vn -0.010898412 0.740907121 0.671519071
vn -0.010898412 0.671519071 0.740907121
vn -0.010898412 0.671519071 0.740907121
vn -0.010898412 0.595663926 0.803159829
vn -0.010898412 0.595663926 0.803159829
vn -0.010898412 0.514072212 0.857677670
vn -0.010898412 0.514072212 0.857677670
vn -0.010898412 0.427529701 0.903935606
vn -0.010898412 0.427529701 0.903935606
vn -0.010898412 0.336869846 0.941488147
vn -0.010898412 0.336869846 0.941488147
vn -0.010898412 0.242965749 0.969973644
vn -0.010898412 0.242965749 0.969973644
vn -0.010898412 0.146721760 0.989117763
vn -0.010898412 0.146721760 0.989117763
vn -0.010898412 0.049064760 0.998736138
vn -0.010898412 0.049064760 0.998736138
vn -0.010898412 -0.049064760 0.998736138
vn -0.010898412 -0.049064760 0.998736138
vn -0.010898412 -0.146721760 0.989117763
vn -0.010898412 -0.146721760 0.989117763
vn -0.010898412 -0.242965749 0.969973644
vn -0.010898412 -0.242965749 0.969973644
vn -0.010898412 -0.336869846 0.941488147
vn -0.010898412 -0.336869846 0.941488147
vn -0.010898412 -0.427529701 0.903935606
vn -0.010898412 -0.427529701 0.903935606
vn -0.010898412 -0.514072212 0.857677670
vn -0.010898412 -0.514072212 0.857677670
vn -0.010898412 -0.595663926 0.803159829
vn -0.010898412 -0.595663926 0.803159829
vn -0.010898412 -0.671519071 0.740907121
vn -0.010898412 -0.671519071 0.740907121
vn -0.010898412 -0.740907121 0.671519071
vn -0.010898412 -0.740907121 0.671519071
vn -0.010898412 -0.803159829 0.595663926
vn -0.010898412 -0.803159829 0.595663926
vn -0.010898412 -0.857677670 0.514072212
vn -0.010898412 -0.857677670 0.514072212
vn -0.010898412 -0.903935606 0.427529701
vn -0.010898412 -0.903935606 0.427529701
vn -0.010898412 -0.941488147 0.336869846
vn -0.010898412 -0.941488147 0.336869846
vn -0.010898412 -0.969973644 0.242965749
vn -0.010898412 -0.969973644 0.242965749
vn -0.010898412 -0.989117763 0.146721760
vn -0.010898412 -0.989117763 0.146721760
vn -0.010898412 -0.998736138 0.049064760
vn -0.010898412 -0.998736138 0.049064760
vn -0.010898412 -0.998736138 -0.049064760
vn -0.010898412 -0.998736138 -0.049064760
vn -0.010898412 -0.989117763 -0.146721760
vn -0.010898412 -0.989117763 -0.146721760
vn -0.010898412 -0.969973644 -0.242965749
vn -0.010898412 -0.969973644 -0.242965749
vn -0.010898412 -0.941488147 -0.336869846
vn -0.010898412 -0.941488147 -0.336869846
vn -0.010898412 -0.903935606 -0.427529701
vn -0.010898412 -0.903935606 -0.427529701
vn -0.010898412 -0.857677670 -0.514072212
vn -0.010898412 -0.857677670 -0.514072212
vn -0.010898412 -0.803159829 -0.595663926
vn -0.010898412 -0.803159829 -0.595663926
vn -0.010898412 -0.740907121 -0.671519071
vn -0.010898412 -0.740907121 -0.671519071
vn -0.010898412 -0.671519071 -0.740907121
vn -0.010898412 -0.671519071 -0.740907121
vn -0.010898412 -0.595663926 -0.803159829
vn -0.010898412 -0.595663926 -0.803159829
vn -0.010898412 -0.514072212 -0.857677670
vn -0.010898412 -0.514072212 -0.857677670
vn -0.010898412 -0.427529701 -0.903935606
vn -0.010898412 -0.427529701 -0.903935606
vn -0.010898412 -0.336869846 -0.941488147
vn -0.010898412 -0.336869846 -0.941488147
vn -0.010898412 -0.242965749 -0.969973644
vn -0.010898412 -0.242965749 -0.969973644
vn -0.010898412 -0.146721760 -0.989117763
vn -0.010898412 -0.146721760 -0.989117763
vn -0.010898412 -0.049064760 -0.998736138
vn -0.010898412 -0.049064760 -0.998736138
vn -0.010898412 0.049064760 -0.998736138
vn -0.010898412 0.049064760 -0.998736138
vn -0.010898412 0.146721760 -0.989117763
vn -0.010898412 0.146721760 -0.989117763
vn -0.010898412 0.242965749 -0.969973644
vn -0.010898412 0.242965749 -0.969973644
vn -0.010898412 0.336869846 -0.941488147
vn -0.010898412 0.336869846 -0.941488147
vn -0.010898412 0.427529701 -0.903935606
vn -0.010898412 0.427529701 -0.903935606
vn -0.010898412 0.514072212 -0.857677670
vn -0.010898412 0.514072212 -0.857677670
vn -0.010898412 0.595663926 -0.803159829
vn -0.010898412 0.595663926 -0.803159829
vn -0.010898412 0.671519071 -0.740907121
vn -0.010898412 0.671519071 -0.740907121
vn -0.010898412 0.740907121 -0.671519071
vn -0.010898412 0.740907121 -0.671519071
vn -0.010898412 0.803159829 -0.595663926
vn -0.010898412 0.803159829 -0.595663926
vn -0.010898412 0.857677670 -0.514072212
vn -0.010898412 0.857677670 -0.514072212
vn -0.010898412 0.903935606 -0.427529701
vn -0.010898412 0.903935606 -0.427529701
vn -0.010898412 0.941488147 -0.336869846
vn -0.010898412 0.941488147 -0.336869846
vn -0.010898412 0.969973644 -0.242965749
vn -0.010898412 0.969973644 -0.242965749
vn -0.010898412 0.989117763 -0.146721760
vn -0.010898412 0.989117763 -0.146721760
vn -0.010898412 0.998736138 -0.049064760
vn -0.010898412 0.998736138 -0.049064760
vn 0.000000000 0.998795456 0.049067674
vn -0.000000000 0.998795456 0.049067674
vn 0.000000000 0.989176510 0.146730474
vn -0.000000000 0.989176510 0.146730474
vn 0.000000000 0.970031253 0.242980180
vn -0.000000000 0.970031253 0.242980180
vn 0.000000000 0.941544065 0.336889853
vn -0.000000000 0.941544065 0.336889853
vn 0.000000000 0.903989293 0.427555093
vn -0.000000000 0.903989293 0.427555093
vn 0.000000000 0.857728610 0.514102744
vn -0.000000000 0.857728610 0.514102744
vn 0.000000000 0.803207531 0.595699304
vn -0.000000000 0.803207531 0.595699304
vn 0.000000000 0.740951125 0.671558955
vn -0.000000000 0.740951125 0.671558955
vn 0.000000000 0.671558955 0.740951125
vn -0.000000000 0.671558955 0.740951125
vn 0.000000000 0.595699304 0.803207531
vn -0.000000000 0.595699304 0.803207531
vn 0.000000000 0.514102744 0.857728610
vn -0.000000000 0.514102744 0.857728610
vn 0.000000000 0.427555093 0.903989293
vn -0.000000000 0.427555093 0.903989293
vn 0.000000000 0.336889853 0.941544065
vn -0.000000000 0.336889853 0.941544065
vn 0.000000000 0.242980180 0.970031253
vn -0.000000000 0.242980180 0.970031253
vn 0.000000000 0.146730474 0.989176510
vn -0.000000000 0.146730474 0.989176510
vn 0.000000000 0.049067674 0.998795456
vn -0.000000000 0.049067674 0.998795456
vn 0.000000000 -0.049067674 0.998795456
vn 0.000000000 -0.049067674 0.998795456
vn 0.000000000 -0.146730474 0.989176510
vn 0.000000000 -0.146730474 0.989176510
vn 0.000000000 -0.242980180 0.970031253
vn 0.000000000 -0.242980180 0.970031253
vn 0.000000000 -0.336889853 0.941544065
vn 0.000000000 -0.336889853 0.941544065
vn 0.000000000 -0.427555093 0.903989293
vn 0.000000000 -0.427555093 0.903989293
vn 0.000000000 -0.514102744 0.857728610
vn 0.000000000 -0.514102744 0.857728610
vn 0.000000000 -0.595699304 0.803207531
vn 0.000000000 -0.595699304 0.803207531
vn 0.000000000 -0.671558955 0.740951125
vn 0.000000000 -0.671558955 0.740951125
vn 0.000000000 -0.740951125 0.671558955
vn 0.000000000 -0.740951125 0.671558955
vn 0.000000000 -0.803207531 0.595699304
vn 0.000000000 -0.803207531 0.595699304
vn 0.000000000 -0.857728610 0.514102744
vn 0.000000000 -0.857728610 0.514102744
vn 0.000000000 -0.903989293 0.427555093
vn 0.000000000 -0.903989293 0.427555093
vn 0.000000000 -0.941544065 0.336889853
vn 0.000000000 -0.941544065 0.336889853
vn 0.000000000 -0.970031253 0.242980180
vn 0.000000000 -0.970031253 0.242980180
vn 0.000000000 -0.989176510 0.146730474
vn 0.000000000 -0.989176510 0.146730474
vn 0.000000000 -0.998795456 0.049067674
vn 0.000000000 -0.998795456 0.049067674
vn 0.000000000 -0.998795456 -0.049067674
vn 0.000000000 -0.998795456 -0.049067674
vn 0.000000000 -0.989176510 -0.146730474
vn 0.000000000 -0.989176510 -0.146730474
vn 0.000000000 -0.970031253 -0.242980180
vn 0.000000000 -0.970031253 -0.242980180
vn 0.000000000 -0.941544065 -0.336889853
vn 0.000000000 -0.941544065 -0.336889853
vn 0.000000000 -0.903989293 -0.427555093
vn 0.000000000 -0.903989293 -0.427555093
vn 0.000000000 -0.857728610 -0.514102744
vn 0.000000000 -0.857728610 -0.514102744
vn 0.000000000 -0.803207531 -0.595699304
vn 0.000000000 -0.803207531 -0.595699304
vn 0.000000000 -0.740951125 -0.671558955
vn 0.000000000 -0.740951125 -0.671558955
vn 0.000000000 -0.671558955 -0.740951125
vn 0.000000000 -0.671558955 -0.740951125
vn 0.000000000 -0.595699304 -0.803207531
vn 0.000000000 -0.595699304 -0.803207531
vn 0.000000000 -0.514102744 -0.857728610
vn 0.000000000 -0.514102744 -0.857728610
vn 0.000000000 -0.427555093 -0.903989293
vn 0.000000000 -0.427555093 -0.903989293
vn 0.000000000 -0.336889853 -0.941544065
vn 0.000000000 -0.336889853 -0.941544065
vn 0.000000000 -0.242980180 -0.970031253
vn 0.000000000 -0.242980180 -0.970031253
vn 0.000000000 -0.146730474 -0.989176510
vn 0.000000000 -0.146730474 -0.989176510
vn 0.000000000 -0.049067674 -0.998795456
vn 0.000000000 -0.049067674 -0.998795456
vn 0.000000000 0.049067674 -0.998795456
vn 0.000000000 0.049067674 -0.998795456
vn 0.000000000 0.146730474 -0.989176510
vn 0.000000000 0.146730474 -0.989176510
vn 0.000000000 0.242980180 -0.970031253
vn 0.000000000 0.242980180 -0.970031253
vn 0.000000000 0.336889853 -0.941544065
vn 0.000000000 0.336889853 -0.941544065
vn 0.000000000 0.427555093 -0.903989293
vn 0.000000000 0.427555093 -0.903989293
vn 0.000000000 0.514102744 -0.857728610
vn 0.000000000 0.514102744 -0.857728610
vn 0.000000000 0.595699304 -0.803207531
vn 0.000000000 0.595699304 -0.803207531
vn 0.000000000 0.671558955 -0.740951125
vn 0.000000000 0.671558955 -0.740951125
vn 0.000000000 0.740951125 -0.671558955
vn 0.000000000 0.740951125 -0.671558955
vn 0.000000000 0.803207531 -0.595699304
vn 0.000000000 0.803207531 -0.595699304
vn 0.000000000 0.857728610 -0.514102744
vn 0.000000000 0.857728610 -0.514102744
vn 0.000000000 0.903989293 -0.427555093
vn 0.000000000 0.903989293 -0.427555093
vn 0.000000000 0.941544065 -0.336889853
vn 0.000000000 0.941544065 -0.336889853
vn 0.000000000 0.970031253 -0.242980180
vn 0.000000000 0.970031253 -0.242980180
vn 0.000000000 0.989176510 -0.146730474
vn 0.000000000 0.989176510 -0.146730474
vn 0.000000000 0.998795456 -0.049067674
vn 0.000000000 0.998795456 -0.049067674
vn 0.000000000 0.998795456 0.049067674
vn -0.000000000 0.998795456 0.049067674
vn 0.000000000 0.989176510 0.146730474
vn -0.000000000 0.989176510 0.146730474
vn 0.000000000 0.970031253 0.242980180
vn -0.000000000 0.970031253 0.242980180
vn 0.000000000 0.941544065 0.336889853
vn -0.000000000 0.941544065 0.336889853
vn 0.000000000 0.903989293 0.427555093
vn -0.000000000 0.903989293 0.427555093
vn 0.000000000 0.857728610 0.514102744
vn -0.000000000 0.857728610 0.514102744
vn 0.000000000 0.803207531 0.595699304
vn -0.000000000 0.803207531 0.595699304
vn 0.000000000 0.740951125 0.671558955
vn -0.000000000 0.740951125 0.671558955
vn 0.000000000 0.671558955 0.740951125
vn -0.000000000 0.671558955 0.740951125
vn 0.000000000 0.595699304 0.803207531
vn -0.000000000 0.595699304 0.803207531
vn 0.000000000 0.514102744 0.857728610
vn -0.000000000 0.514102744 0.857728610
vn 0.000000000 0.427555093 0.903989293
vn -0.000000000 0.427555093 0.903989293
vn 0.000000000 0.336889853 0.941544065
vn -0.000000000 0.336889853 0.941544065
vn 0.000000000 0.242980180 0.970031253
vn -0.000000000 0.242980180 0.970031253
vn 0.000000000 0.146730474 0.989176510
vn -0.000000000 0.146730474 0.989176510
vn 0.000000000 0.049067674 0.998795456
vn -0.000000000 0.049067674 0.998795456
vn 0.000000000 -0.049067674 0.998795456
vn 0.000000000 -0.049067674 0.998795456
vn 0.000000000 -0.146730474 0.989176510
vn 0.000000000 -0.146730474 0.989176510
vn 0.000000000 -0.242980180 0.970031253
vn 0.000000000 -0.242980180 0.970031253
vn 0.000000000 -0.336889853 0.941544065
vn 0.000000000 -0.336889853 0.941544065
vn 0.000000000 -0.427555093 0.903989293
vn 0.000000000 -0.427555093 0.903989293
vn 0.000000000 -0.514102744 0.857728610
vn 0.000000000 -0.514102744 0.857728610
vn 0.000000000 -0.595699304 0.803207531
vn 0.000000000 -0.595699304 0.803207531
vn 0.000000000 -0.671558955 0.740951125
vn 0.000000000 -0.671558955 0.740951125
vn 0.000000000 -0.740951125 0.671558955
vn 0.000000000 -0.740951125 0.671558955
vn 0.000000000 -0.803207531 0.595699304
vn 0.000000000 -0.803207531 0.595699304
vn 0.000000000 -0.857728610 0.514102744
vn 0.000000000 -0.857728610 0.514102744
vn 0.000000000 -0.903989293 0.427555093
vn 0.000000000 -0.903989293 0.427555093
vn 0.000000000 -0.941544065 0.336889853
vn 0.000000000 -0.941544065 0.336889853
vn 0.000000000 -0.970031253 0.242980180
vn 0.000000000 -0.970031253 0.242980180
vn 0.000000000 -0.989176510 0.146730474
vn 0.000000000 -0.989176510 0.146730474
vn 0.000000000 -0.998795456 0.049067674
vn 0.000000000 -0.998795456 0.049067674
vn 0.000000000 -0.998795456 -0.049067674
vn 0.000000000 -0.998795456 -0.049067674
vn 0.000000000 -0.989176510 -0.146730474
vn 0.000000000 -0.989176510 -0.146730474
vn 0.000000000 -0.970031253 -0.242980180
vn 0.000000000 -0.970031253 -0.242980180
vn 0.000000000 -0.941544065 -0.336889853
vn 0.000000000 -0.941544065 -0.336889853
vn 0.000000000 -0.903989293 -0.427555093
vn 0.000000000 -0.903989293 -0.427555093
vn 0.000000000 -0.857728610 -0.514102744
vn 0.000000000 -0.857728610 -0.514102744
vn 0.000000000 -0.803207531 -0.595699304
vn 0.000000000 -0.803207531 -0.595699304
vn 0.000000000 -0.740951125 -0.671558955
vn 0.000000000 -0.740951125 -0.671558955
vn 0.000000000 -0.671558955 -0.740951125
vn 0.000000000 -0.671558955 -0.740951125
vn 0.000000000 -0.595699304 -0.803207531
vn 0.000000000 -0.595699304 -0.803207531
vn 0.000000000 -0.514102744 -0.857728610
vn 0.000000000 -0.514102744 -0.857728610
vn 0.000000000 -0.427555093 -0.903989293
vn 0.000000000 -0.427555093 -0.903989293
vn 0.000000000 -0.336889853 -0.941544065
vn 0.000000000 -0.336889853 -0.941544065
vn 0.000000000 -0.242980180 -0.970031253
vn 0.000000000 -0.242980180 -0.970031253
vn 0.000000000 -0.146730474 -0.989176510
vn 0.000000000 -0.146730474 -0.989176510
vn 0.000000000 -0.049067674 -0.998795456
vn 0.000000000 -0.049067674 -0.998795456
vn 0.000000000 0.049067674 -0.998795456
vn 0.000000000 0.049067674 -0.998795456
vn 0.000000000 0.146730474 -0.989176510
vn 0.000000000 0.146730474 -0.989176510
vn 0.000000000 0.242980180 -0.970031253
vn 0.000000000 0.242980180 -0.970031253
vn 0.000000000 0.336889853 -0.941544065
vn 0.000000000 0.336889853 -0.941544065
vn 0.000000000 0.427555093 -0.903989293
vn 0.000000000 0.427555093 -0.903989293
vn 0.000000000 0.514102744 -0.857728610
vn 0.000000000 0.514102744 -0.857728610
vn 0.000000000 0.595699304 -0.803207531
vn 0.000000000 0.595699304 -0.803207531
vn 0.000000000 0.671558955 -0.740951125
vn 0.000000000 0.671558955 -0.740951125
vn 0.000000000 0.740951125 -0.671558955
vn 0.000000000 0.740951125 -0.671558955
vn 0.000000000 0.803207531 -0.595699304
vn 0.000000000 0.803207531 -0.595699304
vn 0.000000000 0.857728610 -0.514102744
vn 0.000000000 0.857728610 -0.514102744
vn 0.000000000 0.903989293 -0.427555093
vn 0.000000000 0.903989293 -0.427555093
vn 0.000000000 0.941544065 -0.336889853
vn 0.000000000 0.941544065 -0.336889853
vn 0.000000000 0.970031253 -0.242980180
vn 0.000000000 0.970031253 -0.242980180
vn 0.000000000 0.989176510 -0.146730474
vn 0.000000000 0.989176510 -0.146730474
vn 0.000000000 0.998795456 -0.049067674
vn 0.000000000 0.998795456 -0.049067674
vn 0.000000000 0.998795456 0.049067674
vn -0.000000000 0.998795456 0.049067674
vn 0.000000000 0.989176510 0.146730474
vn -0.000000000 0.989176510 0.146730474
vn 0.000000000 0.970031253 0.242980180
vn -0.000000000 0.970031253 0.242980180
vn 0.000000000 0.941544065 0.336889853
vn -0.000000000 0.941544065 0.336889853
vn 0.000000000 0.903989293 0.427555093
vn -0.000000000 0.903989293 0.427555093
vn 0.000000000 0.857728610 0.514102744
vn -0.000000000 0.857728610 0.514102744
vn 0.000000000 0.803207531 0.595699304
vn -0.000000000 0.803207531 0.595699304
vn 0.000000000 0.740951125 0.671558955
vn -0.000000000 0.740951125 0.671558955
vn 0.000000000 0.671558955 0.740951125
vn -0.000000000 0.671558955 0.740951125
vn 0.000000000 0.595699304 0.803207531
vn -0.000000000 0.595699304 0.803207531
vn 0.000000000 0.514102744 0.857728610
vn -0.000000000 0.514102744 0.857728610
vn 0.000000000 0.427555093 0.903989293
vn -0.000000000 0.427555093 0.903989293
vn 0.000000000 0.336889853 0.941544065
vn -0.000000000 0.336889853 0.941544065
vn 0.000000000 0.242980180 0.970031253
vn -0.000000000 0.242980180 0.970031253
vn 0.000000000 0.146730474 0.989176510
vn -0.000000000 0.146730474 0.989176510
vn 0.000000000 0.049067674 0.998795456
vn -0.000000000 0.049067674 0.998795456
vn 0.000000000 -0.049067674 0.998795456
vn 0.000000000 -0.049067674 0.998795456
vn 0.000000000 -0.146730474 0.989176510
vn 0.000000000 -0.146730474 0.989176510
vn 0.000000000 -0.242980180 0.970031253
vn 0.000000000 -0.242980180 0.970031253
vn 0.000000000 -0.336889853 0.941544065
vn 0.000000000 -0.336889853 0.941544065
vn 0.000000000 -0.427555093 0.903989293
vn 0.000000000 -0.427555093 0.903989293
vn 0.000000000 -0.514102744 0.857728610
vn 0.000000000 -0.514102744 0.857728610
vn 0.000000000 -0.595699304 0.803207531
vn 0.000000000 -0.595699304 0.803207531
vn 0.000000000 -0.671558955 0.740951125
vn 0.000000000 -0.671558955 0.740951125
vn 0.000000000 -0.740951125 0.671558955
vn 0.000000000 -0.740951125 0.671558955
vn 0.000000000 -0.803207531 0.595699304
vn 0.000000000 -0.803207531 0.595699304
vn 0.000000000 -0.857728610 0.514102744
vn 0.000000000 -0.857728610 0.514102744
vn 0.000000000 -0.903989293 0.427555093
vn 0.000000000 -0.903989293 0.427555093
vn 0.000000000 -0.941544065 0.336889853
vn 0.000000000 -0.941544065 0.336889853
vn 0.000000000 -0.970031253 0.242980180
vn 0.000000000 -0.970031253 0.242980180
vn 0.000000000 -0.989176510 0.146730474
vn 0.000000000 -0.989176510 0.146730474
vn 0.000000000 -0.998795456 0.049067674
vn 0.000000000 -0.998795456 0.049067674
vn 0.000000000 -0.998795456 -0.049067674
vn 0.000000000 -0.998795456 -0.049067674
vn 0.000000000 -0.989176510 -0.146730474
vn 0.000000000 -0.989176510 -0.146730474
vn 0.000000000 -0.970031253 -0.242980180
vn 0.000000000 -0.970031253 -0.242980180
vn 0.000000000 -0.941544065 -0.336889853
vn 0.000000000 -0.941544065 -0.336889853
vn 0.000000000 -0.903989293 -0.427555093
vn 0.000000000 -0.903989293 -0.427555093
vn 0.000000000 -0.857728610 -0.514102744
vn 0.000000000 -0.857728610 -0.514102744
vn 0.000000000 -0.803207531 -0.595699304
vn 0.000000000 -0.803207531 -0.595699304
vn 0.000000000 -0.740951125 -0.671558955
vn 0.000000000 -0.740951125 -0.671558955
vn 0.000000000 -0.671558955 -0.740951125
vn 0.000000000 -0.671558955 -0.740951125
vn 0.000000000 -0.595699304 -0.803207531
vn 0.000000000 -0.595699304 -0.803207531
vn 0.000000000 -0.514102744 -0.857728610
vn 0.000000000 -0.514102744 -0.857728610
vn 0.000000000 -0.427555093 -0.903989293
vn 0.000000000 -0.427555093 -0.903989293
vn 0.000000000 -0.336889853 -0.941544065
vn 0.000000000 -0.336889853 -0.941544065
vn 0.000000000 -0.242980180 -0.970031253
vn 0.000000000 -0.242980180 -0.970031253
vn 0.000000000 -0.146730474 -0.989176510
vn 0.000000000 -0.146730474 -0.989176510
vn 0.000000000 -0.049067674 -0.998795456
vn 0.000000000 -0.049067674 -0.998795456
vn 0.000000000 0.049067674 -0.998795456
vn 0.000000000 0.049067674 -0.998795456
vn 0.000000000 0.146730474 -0.989176510
vn 0.000000000 0.146730474 -0.989176510
vn 0.000000000 0.242980180 -0.970031253
vn 0.000000000 0.242980180 -0.970031253
vn 0.000000000 0.336889853 -0.941544065
vn 0.000000000 0.336889853 -0.941544065
vn 0.000000000 0.427555093 -0.903989293
vn 0.000000000 0.427555093 -0.903989293
vn 0.000000000 0.514102744 -0.857728610
vn 0.000000000 0.514102744 -0.857728610
vn 0.000000000 0.595699304 -0.803207531
vn 0.000000000 0.595699304 -0.803207531
vn 0.000000000 0.671558955 -0.740951125
vn 0.000000000 0.671558955 -0.740951125
vn 0.000000000 0.740951125 -0.671558955
vn 0.000000000 0.740951125 -0.671558955
vn 0.000000000 0.803207531 -0.595699304
vn 0.000000000 0.803207531 -0.595699304
vn 0.000000000 0.857728610 -0.514102744
vn 0.000000000 0.857728610 -0.514102744
vn 0.000000000 0.903989293 -0.427555093
vn 0.000000000 0.903989293 -0.427555093
vn 0.000000000 0.941544065 -0.336889853
vn 0.000000000 0.941544065 -0.336889853
vn 0.000000000 0.970031253 -0.242980180
vn 0.000000000 0.970031253 -0.242980180
vn 0.000000000 0.989176510 -0.146730474
vn 0.000000000 0.989176510 -0.146730474
vn 0.000000000 0.998795456 -0.049067674
vn 0.000000000 0.998795456 -0.049067674
vn 0.000000000 0.998795456 0.049067674
vn -0.000000000 0.998795456 0.049067674
vn 0.000000000 0.989176510 0.146730474
vn -0.000000000 0.989176510 0.146730474
vn 0.000000000 0.970031253 0.242980180
vn -0.000000000 0.970031253 0.242980180
vn 0.000000000 0.941544065 0.336889853
vn -0.000000000 0.941544065 0.336889853
vn 0.000000000 0.903989293 0.427555093
vn -0.000000000 0.903989293 0.427555093
vn 0.000000000 0.857728610 0.514102744
vn -0.000000000 0.857728610 0.514102744
vn 0.000000000 0.803207531 0.595699304
vn -0.000000000 0.803207531 0.595699304
vn 0.000000000 0.740951125 0.671558955
vn -0.000000000 0.740951125 0.671558955
vn 0.000000000 0.671558955 0.740951125
vn -0.000000000 0.671558955 0.740951125
vn 0.000000000 0.595699304 0.803207531
vn -0.000000000 0.595699304 0.803207531
vn 0.000000000 0.514102744 0.857728610
vn -0.000000000 0.514102744 0.857728610
vn 0.000000000 0.427555093 0.903989293
vn -0.000000000 0.427555093 0.903989293
vn 0.000000000 0.336889853 0.941544065
vn -0.000000000 0.336889853 0.941544065
vn 0.000000000 0.242980180 0.970031253
vn -0.000000000 0.242980180 0.970031253
vn 0.000000000 0.146730474 0.989176510
vn -0.000000000 0.146730474 0.989176510
vn 0.000000000 0.049067674 0.998795456
vn -0.000000000 0.049067674 0.998795456
vn 0.000000000 -0.049067674 0.998795456
vn 0.000000000 -0.049067674 0.998795456
vn 0.000000000 -0.146730474 0.989176510
vn 0.000000000 -0.146730474 0.989176510
vn 0.000000000 -0.242980180 0.970031253
vn 0.000000000 -0.242980180 0.970031253
vn 0.000000000 -0.336889853 0.941544065
vn 0.000000000 -0.336889853 0.941544065
vn 0.000000000 -0.427555093 0.903989293
vn 0.000000000 -0.427555093 0.903989293
vn 0.000000000 -0.514102744 0.857728610
vn 0.000000000 -0.514102744 0.857728610
vn 0.000000000 -0.595699304 0.803207531
vn 0.000000000 -0.595699304 0.803207531
vn 0.000000000 -0.671558955 0.740951125
vn 0.000000000 -0.671558955 0.740951125
vn 0.000000000 -0.740951125 0.671558955
vn 0.000000000 -0.740951125 0.671558955
vn 0.000000000 -0.803207531 0.595699304
vn 0.000000000 -0.803207531 0.595699304
vn 0.000000000 -0.857728610 0.514102744
vn 0.000000000 -0.857728610 0.514102744
vn 0.000000000 -0.903989293 0.427555093
vn 0.000000000 -0.903989293 0.427555093
vn 0.000000000 -0.941544065 0.336889853
vn 0.000000000 -0.941544065 0.336889853
vn 0.000000000 -0.970031253 0.242980180
vn 0.000000000 -0.970031253 0.242980180
vn 0.000000000 -0.989176510 0.146730474
vn 0.000000000 -0.989176510 0.146730474
vn 0.000000000 -0.998795456 0.049067674
vn 0.000000000 -0.998795456 0.049067674
vn 0.000000000 -0.998795456 -0.049067674
vn 0.000000000 -0.998795456 -0.049067674
vn 0.000000000 -0.989176510 -0.146730474
vn 0.000000000 -0.989176510 -0.146730474
vn 0.000000000 -0.970031253 -0.242980180
vn 0.000000000 -0.970031253 -0.242980180
vn 0.000000000 -0.941544065 -0.336889853
vn 0.000000000 -0.941544065 -0.336889853
vn 0.000000000 -0.903989293 -0.427555093
vn 0.000000000 -0.903989293 -0.427555093
vn 0.000000000 -0.857728610 -0.514102744
vn 0.000000000 -0.857728610 -0.514102744
vn 0.000000000 -0.803207531 -0.595699304
vn 0.000000000 -0.803207531 -0.595699304
vn 0.000000000 -0.740951125 -0.671558955
vn 0.000000000 -0.740951125 -0.671558955
vn 0.000000000 -0.671558955 -0.740951125
vn 0.000000000 -0.671558955 -0.740951125
vn 0.000000000 -0.595699304 -0.803207531
vn 0.000000000 -0.595699304 -0.803207531
vn 0.000000000 -0.514102744 -0.857728610
vn 0.000000000 -0.514102744 -0.857728610
vn 0.000000000 -0.427555093 -0.903989293
vn 0.000000000 -0.427555093 -0.903989293
vn 0.000000000 -0.336889853 -0.941544065
vn 0.000000000 -0.336889853 -0.941544065
vn 0.000000000 -0.242980180 -0.970031253
vn 0.000000000 -0.242980180 -0.970031253
vn 0.000000000 -0.146730474 -0.989176510
vn 0.000000000 -0.146730474 -0.989176510
vn 0.000000000 -0.049067674 -0.998795456
vn 0.000000000 -0.049067674 -0.998795456
vn 0.000000000 0.049067674 -0.998795456
vn 0.000000000 0.049067674 -0.998795456
vn 0.000000000 0.146730474 -0.989176510
vn 0.000000000 0.146730474 -0.989176510
vn 0.000000000 0.242980180 -0.970031253
vn 0.000000000 0.242980180 -0.970031253
vn 0.000000000 0.336889853 -0.941544065
vn 0.000000000 0.336889853 -0.941544065
vn 0.000000000 0.427555093 -0.903989293
vn 0.000000000 0.427555093 -0.903989293
vn 0.000000000 0.514102744 -0.857728610
vn 0.000000000 0.514102744 -0.857728610
vn 0.000000000 0.595699304 -0.803207531
vn 0.000000000 0.595699304 -0.803207531
vn 0.000000000 0.671558955 -0.740951125
vn 0.000000000 0.671558955 -0.740951125
vn 0.000000000 0.740951125 -0.671558955
vn 0.000000000 0.740951125 -0.671558955
vn 0.000000000 0.803207531 -0.595699304
vn 0.000000000 0.803207531 -0.595699304
vn 0.000000000 0.857728610 -0.514102744
vn 0.000000000 0.857728610 -0.514102744
vn 0.000000000 0.903989293 -0.427555093
vn 0.000000000 0.903989293 -0.427555093
vn 0.000000000 0.941544065 -0.336889853
vn 0.000000000 0.941544065 -0.336889853
vn 0.000000000 0.970031253 -0.242980180
vn 0.000000000 0.970031253 -0.242980180
vn 0.000000000 0.989176510 -0.146730474
vn 0.000000000 0.989176510 -0.146730474
vn 0.000000000 0.998795456 -0.049067674
vn 0.000000000 0.998795456 -0.049067674
vn 0.000000000 0.998795456 0.049067674
vn -0.000000000 0.998795456 0.049067674
vn 0.000000000 0.989176510 0.146730474
vn -0.000000000 0.989176510 0.146730474
vn 0.000000000 0.970031253 0.242980180
vn -0.000000000 0.970031253 0.242980180
vn 0.000000000 0.941544065 0.336889853
vn -0.000000000 0.941544065 0.336889853
vn 0.000000000 0.903989293 0.427555093
vn -0.000000000 0.903989293 0.427555093
vn 0.000000000 0.857728610 0.514102744
vn -0.000000000 0.857728610 0.514102744
vn 0.000000000 0.803207531 0.595699304
vn -0.000000000 0.803207531 0.595699304
vn 0.000000000 0.740951125 0.671558955
vn -0.000000000 0.740951125 0.671558955
vn 0.000000000 0.671558955 0.740951125
vn -0.000000000 0.671558955 0.740951125
vn 0.000000000 0.595699304 0.803207531
vn -0.000000000 0.595699304 0.803207531
vn 0.000000000 0.514102744 0.857728610
vn -0.000000000 0.514102744 0.857728610
vn 0.000000000 0.427555093 0.903989293
vn -0.000000000 0.427555093 0.903989293
vn 0.000000000 0.336889853 0.941544065
vn -0.000000000 0.336889853 0.941544065
vn 0.000000000 0.242980180 0.970031253
vn -0.000000000 0.242980180 0.970031253
vn 0.000000000 0.146730474 0.989176510
vn -0.000000000 0.146730474 0.989176510
vn 0.000000000 0.049067674 0.998795456
vn -0.000000000 0.049067674 0.998795456
vn 0.000000000 -0.049067674 0.998795456
vn 0.000000000 -0.049067674 0.998795456
vn 0.000000000 -0.146730474 0.989176510
vn 0.000000000 -0.146730474 0.989176510
vn 0.000000000 -0.242980180 0.970031253
vn 0.000000000 -0.242980180 0.970031253
vn 0.000000000 -0.336889853 0.941544065
vn 0.000000000 -0.336889853 0.941544065
vn 0.000000000 -0.427555093 0.903989293
vn 0.000000000 -0.427555093 0.903989293
vn 0.000000000 -0.514102744 0.857728610
vn 0.000000000 -0.514102744 0.857728610
vn 0.000000000 -0.595699304 0.803207531
vn 0.000000000 -0.595699304 0.803207531
vn 0.000000000 -0.671558955 0.740951125
vn 0.000000000 -0.671558955 0.740951125
vn 0.000000000 -0.740951125 0.671558955
vn 0.000000000 -0.740951125 0.671558955
vn 0.000000000 -0.803207531 0.595699304
vn 0.000000000 -0.803207531 0.595699304
vn 0.000000000 -0.857728610 0.514102744
vn 0.000000000 -0.857728610 0.514102744
vn 0.000000000 -0.903989293 0.427555093
vn 0.000000000 -0.903989293 0.427555093
vn 0.000000000 -0.941544065 0.336889853
vn 0.000000000 -0.941544065 0.336889853
vn 0.000000000 -0.970031253 0.242980180
vn 0.000000000 -0.970031253 0.242980180
vn 0.000000000 -0.989176510 0.146730474
vn 0.000000000 -0.989176510 0.146730474
vn 0.000000000 -0.998795456 0.049067674
vn 0.000000000 -0.998795456 0.049067674
vn 0.000000000 -0.998795456 -0.049067674
vn 0.000000000 -0.998795456 -0.049067674
vn 0.000000000 -0.989176510 -0.146730474
vn 0.000000000 -0.989176510 -0.146730474
vn 0.000000000 -0.970031253 -0.242980180
vn 0.000000000 -0.970031253 -0.242980180
vn 0.000000000 -0.941544065 -0.336889853
vn 0.000000000 -0.941544065 -0.336889853
vn 0.000000000 -0.903989293 -0.427555093
vn 0.000000000 -0.903989293 -0.427555093
vn 0.000000000 -0.857728610 -0.514102744
vn 0.000000000 -0.857728610 -0.514102744
vn 0.000000000 -0.803207531 -0.595699304
vn 0.000000000 -0.803207531 -0.595699304
vn 0.000000000 -0.740951125 -0.671558955
vn 0.000000000 -0.740951125 -0.671558955
vn 0.000000000 -0.671558955 -0.740951125
vn 0.000000000 -0.671558955 -0.740951125
vn 0.000000000 -0.595699304 -0.803207531
vn 0.000000000 -0.595699304 -0.803207531
vn 0.000000000 -0.514102744 -0.857728610
vn 0.000000000 -0.514102744 -0.857728610
vn 0.000000000 -0.427555093 -0.903989293
vn 0.000000000 -0.427555093 -0.903989293
vn 0.000000000 -0.336889853 -0.941544065
vn 0.000000000 -0.336889853 -0.941544065
vn 0.000000000 -0.242980180 -0.970031253
vn 0.000000000 -0.242980180 -0.970031253
vn 0.000000000 -0.146730474 -0.989176510
vn 0.000000000 -0.146730474 -0.989176510
vn 0.000000000 -0.049067674 -0.998795456
vn 0.000000000 -0.049067674 -0.998795456
vn 0.000000000 0.049067674 -0.998795456
vn 0.000000000 0.049067674 -0.998795456
vn 0.000000000 0.146730474 -0.989176510
vn 0.000000000 0.146730474 -0.989176510
vn 0.000000000 0.242980180 -0.970031253
vn 0.000000000 0.242980180 -0.970031253
vn 0.000000000 0.336889853 -0.941544065
vn 0.000000000 0.336889853 -0.941544065
vn 0.000000000 0.427555093 -0.903989293
vn 0.000000000 0.427555093 -0.903989293
vn 0.000000000 0.514102744 -0.857728610
vn 0.000000000 0.514102744 -0.857728610
vn 0.000000000 0.595699304 -0.803207531
vn 0.000000000 0.595699304 -0.803207531
vn 0.000000000 0.671558955 -0.740951125
vn 0.000000000 0.671558955 -0.740951125
vn 0.000000000 0.740951125 -0.671558955
vn 0.000000000 0.740951125 -0.671558955
vn 0.000000000 0.803207531 -0.595699304
vn 0.000000000 0.803207531 -0.595699304
vn 0.000000000 0.857728610 -0.514102744
vn 0.000000000 0.857728610 -0.514102744
vn 0.000000000 0.903989293 -0.427555093
vn 0.000000000 0.903989293 -0.427555093
vn 0.000000000 0.941544065 -0.336889853
vn 0.000000000 0.941544065 -0.336889853
vn 0.000000000 0.970031253 -0.242980180
vn 0.000000000 0.970031253 -0.242980180
vn 0.000000000 0.989176510 -0.146730474
vn 0.000000000 0.989176510 -0.146730474
vn 0.000000000 0.998795456 -0.049067674
vn 0.000000000 0.998795456 -0.049067674
vn 0.000000000 0.998795456 0.049067674
vn -0.000000000 0.998795456 0.049067674
vn 0.000000000 0.989176510 0.146730474
vn -0.000000000 0.989176510 0.146730474
vn 0.000000000 0.970031253 0.242980180
vn -0.000000000 0.970031253 0.242980180
vn 0.000000000 0.941544065 0.336889853
vn -0.000000000 0.941544065 0.336889853
vn 0.000000000 0.903989293 0.427555093
vn -0.000000000 0.903989293 0.427555093
vn 0.000000000 0.857728610 0.514102744
vn -0.000000000 0.857728610 0.514102744
vn 0.000000000 0.803207531 0.595699304
vn -0.000000000 0.803207531 0.595699304
vn 0.000000000 0.740951125 0.671558955
vn -0.000000000 0.740951125 0.671558955
vn 0.000000000 0.671558955 0.740951125
vn -0.000000000 0.671558955 0.740951125
vn 0.000000000 0.595699304 0.803207531
vn -0.000000000 0.595699304 0.803207531
vn 0.000000000 0.514102744 0.857728610
vn -0.000000000 0.514102744 0.857728610
vn 0.000000000 0.427555093 0.903989293
vn -0.000000000 0.427555093 0.903989293
vn 0.000000000 0.336889853 0.941544065
vn -0.000000000 0.336889853 0.941544065
vn 0.000000000 0.242980180 0.970031253
vn -0.000000000 0.242980180 0.970031253
vn 0.000000000 0.146730474 0.989176510
vn -0.000000000 0.146730474 0.989176510
vn 0.000000000 0.049067674 0.998795456
vn -0.000000000 0.049067674 0.998795456
vn 0.000000000 -0.049067674 0.998795456
vn 0.000000000 -0.049067674 0.998795456
vn 0.000000000 -0.146730474 0.989176510
vn 0.000000000 -0.146730474 0.989176510
vn 0.000000000 -0.242980180 0.970031253
vn 0.000000000 -0.242980180 0.970031253
vn 0.000000000 -0.336889853 0.941544065
vn 0.000000000 -0.336889853 0.941544065
vn 0.000000000 -0.427555093 0.903989293
vn 0.000000000 -0.427555093 0.903989293
vn 0.000000000 -0.514102744 0.857728610
vn 0.000000000 -0.514102744 0.857728610
vn 0.000000000 -0.595699304 0.803207531
vn 0.000000000 -0.595699304 0.803207531
vn 0.000000000 -0.671558955 0.740951125
vn 0.000000000 -0.671558955 0.740951125
vn 0.000000000 -0.740951125 0.671558955
vn 0.000000000 -0.740951125 0.671558955
vn 0.000000000 -0.803207531 0.595699304
vn 0.000000000 -0.803207531 0.595699304
vn 0.000000000 -0.857728610 0.514102744
vn 0.000000000 -0.857728610 0.514102744
vn 0.000000000 -0.903989293 0.427555093
vn 0.000000000 -0.903989293 0.427555093
vn 0.000000000 -0.941544065 0.336889853
vn 0.000000000 -0.941544065 0.336889853
vn 0.000000000 -0.970031253 0.242980180
vn 0.000000000 -0.970031253 0.242980180
vn 0.000000000 -0.989176510 0.146730474
vn 0.000000000 -0.989176510 0.146730474
vn 0.000000000 -0.998795456 0.049067674
vn 0.000000000 -0.998795456 0.049067674
vn 0.000000000 -0.998795456 -0.049067674
vn 0.000000000 -0.998795456 -0.049067674
vn 0.000000000 -0.989176510 -0.146730474
vn 0.000000000 -0.989176510 -0.146730474
vn 0.000000000 -0.970031253 -0.242980180
vn 0.000000000 -0.970031253 -0.242980180
vn 0.000000000 -0.941544065 -0.336889853
vn 0.000000000 -0.941544065 -0.336889853
vn 0.000000000 -0.903989293 -0.427555093
vn 0.000000000 -0.903989293 -0.427555093
vn 0.000000000 -0.857728610 -0.514102744
vn 0.000000000 -0.857728610 -0.514102744
vn 0.000000000 -0.803207531 -0.595699304
vn 0.000000000 -0.803207531 -0.595699304
vn 0.000000000 -0.740951125 -0.671558955
vn 0.000000000 -0.740951125 -0.671558955
vn 0.000000000 -0.671558955 -0.740951125
vn 0.000000000 -0.671558955 -0.740951125
vn 0.000000000 -0.595699304 -0.803207531
vn 0.000000000 -0.595699304 -0.803207531
vn 0.000000000 -0.514102744 -0.857728610
vn 0.000000000 -0.514102744 -0.857728610
vn 0.000000000 -0.427555093 -0.903989293
vn 0.000000000 -0.427555093 -0.903989293
vn 0.000000000 -0.336889853 -0.941544065
vn 0.000000000 -0.336889853 -0.941544065
vn 0.000000000 -0.242980180 -0.970031253
vn 0.000000000 -0.242980180 -0.970031253
vn 0.000000000 -0.146730474 -0.989176510
vn 0.000000000 -0.146730474 -0.989176510
vn 0.000000000 -0.049067674 -0.998795456
vn 0.000000000 -0.049067674 -0.998795456
vn 0.000000000 0.049067674 -0.998795456
vn 0.000000000 0.049067674 -0.998795456
vn 0.000000000 0.146730474 -0.989176510
vn 0.000000000 0.146730474 -0.989176510
vn 0.000000000 0.242980180 -0.970031253
vn 0.000000000 0.242980180 -0.970031253
vn 0.000000000 0.336889853 -0.941544065
vn 0.000000000 0.336889853 -0.941544065
vn 0.000000000 0.427555093 -0.903989293
vn 0.000000000 0.427555093 -0.903989293
vn 0.000000000 0.514102744 -0.857728610
vn 0.000000000 0.514102744 -0.857728610
vn 0.000000000 0.595699304 -0.803207531
vn 0.000000000 0.595699304 -0.803207531
vn 0.000000000 0.671558955 -0.740951125
vn 0.000000000 0.671558955 -0.740951125
vn 0.000000000 0.740951125 -0.671558955
vn 0.000000000 0.740951125 -0.671558955
vn 0.000000000 0.803207531 -0.595699304
vn 0.000000000 0.803207531 -0.595699304
vn 0.000000000 0.857728610 -0.514102744
vn 0.000000000 0.857728610 -0.514102744
vn 0.000000000 0.903989293 -0.427555093
vn 0.000000000 0.903989293 -0.427555093
vn 0.000000000 0.941544065 -0.336889853
vn 0.000000000 0.941544065 -0.336889853
vn 0.000000000 0.970031253 -0.242980180
vn 0.000000000 0.970031253 -0.242980180
vn 0.000000000 0.989176510 -0.146730474
vn 0.000000000 0.989176510 -0.146730474
vn 0.000000000 0.998795456 -0.049067674
vn 0.000000000 0.998795456 -0.049067674
vn 0.000000000 0.998795456 0.049067674
vn -0.000000000 0.998795456 0.049067674
vn 0.000000000 0.989176510 0.146730474
vn -0.000000000 0.989176510 0.146730474
vn 0.000000000 0.970031253 0.242980180
vn -0.000000000 0.970031253 0.242980180
vn 0.000000000 0.941544065 0.336889853
vn -0.000000000 0.941544065 0.336889853
vn 0.000000000 0.903989293 0.427555093
vn -0.000000000 0.903989293 0.427555093
vn 0.000000000 0.857728610 0.514102744
vn -0.000000000 0.857728610 0.514102744
vn 0.000000000 0.803207531 0.595699304
vn -0.000000000 0.803207531 0.595699304
vn 0.000000000 0.740951125 0.671558955
vn -0.000000000 0.740951125 0.671558955
vn 0.000000000 0.671558955 0.740951125
vn -0.000000000 0.671558955 0.740951125
vn 0.000000000 0.595699304 0.803207531
vn -0.000000000 0.595699304 0.803207531
vn 0.000000000 0.514102744 0.857728610
vn -0.000000000 0.514102744 0.857728610
vn 0.000000000 0.427555093 0.903989293
vn -0.000000000 0.427555093 0.903989293
vn 0.000000000 0.336889853 0.941544065
vn -0.000000000 0.336889853 0.941544065
vn 0.000000000 0.242980180 0.970031253
vn -0.000000000 0.242980180 0.970031253
vn 0.000000000 0.146730474 0.989176510
vn -0.000000000 0.146730474 0.989176510
vn 0.000000000 0.049067674 0.998795456
vn -0.000000000 0.049067674 0.998795456
vn 0.000000000 -0.049067674 0.998795456
vn 0.000000000 -0.049067674 0.998795456
vn 0.000000000 -0.146730474 0.989176510
vn 0.000000000 -0.146730474 0.989176510
vn 0.000000000 -0.242980180 0.970031253
vn 0.000000000 -0.242980180 0.970031253
vn 0.000000000 -0.336889853 0.941544065
vn 0.000000000 -0.336889853 0.941544065
vn 0.000000000 -0.427555093 0.903989293
vn 0.000000000 -0.427555093 0.903989293
vn 0.000000000 -0.514102744 0.857728610
vn 0.000000000 -0.514102744 0.857728610
vn 0.000000000 -0.595699304 0.803207531
vn 0.000000000 -0.595699304 0.803207531
vn 0.000000000 -0.671558955 0.740951125
vn 0.000000000 -0.671558955 0.740951125
vn 0.000000000 -0.740951125 0.671558955
vn 0.000000000 -0.740951125 0.671558955
vn 0.000000000 -0.803207531 0.595699304
vn 0.000000000 -0.803207531 0.595699304
vn 0.000000000 -0.857728610 0.514102744
vn 0.000000000 -0.857728610 0.514102744
vn 0.000000000 -0.903989293 0.427555093
vn 0.000000000 -0.903989293 0.427555093
vn 0.000000000 -0.941544065 0.336889853
vn 0.000000000 -0.941544065 0.336889853
vn 0.000000000 -0.970031253 0.242980180
vn 0.000000000 -0.970031253 0.242980180
vn 0.000000000 -0.989176510 0.146730474
vn 0.000000000 -0.989176510 0.146730474
vn 0.000000000 -0.998795456 0.049067674
vn 0.000000000 -0.998795456 0.049067674
vn 0.000000000 -0.998795456 -0.049067674
vn 0.000000000 -0.998795456 -0.049067674
vn 0.000000000 -0.989176510 -0.146730474
vn 0.000000000 -0.989176510 -0.146730474
vn 0.000000000 -0.970031253 -0.242980180
vn 0.000000000 -0.970031253 -0.242980180
vn 0.000000000 -0.941544065 -0.336889853
vn 0.000000000 -0.941544065 -0.336889853
vn 0.000000000 -0.903989293 -0.427555093
vn 0.000000000 -0.903989293 -0.427555093
vn 0.000000000 -0.857728610 -0.514102744
vn 0.000000000 -0.857728610 -0.514102744
vn 0.000000000 -0.803207531 -0.595699304
vn 0.000000000 -0.803207531 -0.595699304
vn 0.000000000 -0.740951125 -0.671558955
vn 0.000000000 -0.740951125 -0.671558955
vn 0.000000000 -0.671558955 -0.740951125
vn 0.000000000 -0.671558955 -0.740951125
vn 0.000000000 -0.595699304 -0.803207531
vn 0.000000000 -0.595699304 -0.803207531
vn 0.000000000 -0.514102744 -0.857728610
vn 0.000000000 -0.514102744 -0.857728610
vn 0.000000000 -0.427555093 -0.903989293
vn 0.000000000 -0.427555093 -0.903989293
vn 0.000000000 -0.336889853 -0.941544065
vn 0.000000000 -0.336889853 -0.941544065
vn 0.000000000 -0.242980180 -0.970031253
vn 0.000000000 -0.242980180 -0.970031253
vn 0.000000000 -0.146730474 -0.989176510
vn 0.000000000 -0.146730474 -0.989176510
vn 0.000000000 -0.049067674 -0.998795456
vn 0.000000000 -0.049067674 -0.998795456
vn 0.000000000 0.049067674 -0.998795456
vn 0.000000000 0.049067674 -0.998795456
vn 0.000000000 0.146730474 -0.989176510
vn 0.000000000 0.146730474 -0.989176510
vn 0.000000000 0.242980180 -0.970031253
vn 0.000000000 0.242980180 -0.970031253
vn 0.000000000 0.336889853 -0.941544065
vn 0.000000000 0.336889853 -0.941544065
vn 0.000000000 0.427555093 -0.903989293
vn 0.000000000 0.427555093 -0.903989293
vn 0.000000000 0.514102744 -0.857728610
vn 0.000000000 0.514102744 -0.857728610
vn 0.000000000 0.595699304 -0.803207531
vn 0.000000000 0.595699304 -0.803207531
vn 0.000000000 0.671558955 -0.740951125
vn 0.000000000 0.671558955 -0.740951125
vn 0.000000000 0.740951125 -0.671558955
vn 0.000000000 0.740951125 -0.671558955
vn 0.000000000 0.803207531 -0.595699304
vn 0.000000000 0.803207531 -0.595699304
vn 0.000000000 0.857728610 -0.514102744
vn 0.000000000 0.857728610 -0.514102744
vn 0.000000000 0.903989293 -0.427555093
vn 0.000000000 0.903989293 -0.427555093
vn 0.000000000 0.941544065 -0.336889853
vn 0.000000000 0.941544065 -0.336889853
vn 0.000000000 0.970031253 -0.242980180
vn 0.000000000 0.970031253 -0.242980180
vn 0.000000000 0.989176510 -0.146730474
vn 0.000000000 0.989176510 -0.146730474
vn 0.000000000 0.998795456 -0.049067674
vn 0.000000000 0.998795456 -0.049067674
vn 0.000000000 0.998795456 0.049067674
vn -0.000000000 0.998795456 0.049067674
vn 0.000000000 0.989176510 0.146730474
vn -0.000000000 0.989176510 0.146730474
vn 0.000000000 0.970031253 0.242980180
vn -0.000000000 0.970031253 0.242980180
vn 0.000000000 0.941544065 0.336889853
vn -0.000000000 0.941544065 0.336889853
vn 0.000000000 0.903989293 0.427555093
vn -0.000000000 0.903989293 0.427555093
vn 0.000000000 0.857728610 0.514102744
vn -0.000000000 0.857728610 0.514102744
vn 0.000000000 0.803207531 0.595699304
vn -0.000000000 0.803207531 0.595699304
vn 0.000000000 0.740951125 0.671558955
vn -0.000000000 0.740951125 0.671558955
vn 0.000000000 0.671558955 0.740951125
vn -0.000000000 0.671558955 0.740951125
vn 0.000000000 0.595699304 0.803207531
vn -0.000000000 0.595699304 0.803207531
vn 0.000000000 0.514102744 0.857728610
vn -0.000000000 0.514102744 0.857728610
vn 0.000000000 0.427555093 0.903989293
vn -0.000000000 0.427555093 0.903989293
vn 0.000000000 0.336889853 0.941544065
vn -0.000000000 0.336889853 0.941544065
vn 0.000000000 0.242980180 0.970031253
vn -0.000000000 0.242980180 0.970031253
vn 0.000000000 0.146730474 0.989176510
vn -0.000000000 0.146730474 0.989176510
vn 0.000000000 0.049067674 0.998795456
vn -0.000000000 0.049067674 0.998795456
vn 0.000000000 -0.049067674 0.998795456
vn 0.000000000 -0.049067674 0.998795456
vn 0.000000000 -0.146730474 0.989176510
vn 0.000000000 -0.146730474 0.989176510
vn 0.000000000 -0.242980180 0.970031253
vn 0.000000000 -0.242980180 0.970031253
vn 0.000000000 -0.336889853 0.941544065
vn 0.000000000 -0.336889853 0.941544065
vn 0.000000000 -0.427555093 0.903989293
vn 0.000000000 -0.427555093 0.903989293
vn 0.000000000 -0.514102744 0.857728610
vn 0.000000000 -0.514102744 0.857728610
vn 0.000000000 -0.595699304 0.803207531
vn 0.000000000 -0.595699304 0.803207531
vn 0.000000000 -0.671558955 0.740951125
vn 0.000000000 -0.671558955 0.740951125
vn 0.000000000 -0.740951125 0.671558955
vn 0.000000000 -0.740951125 0.671558955
vn 0.000000000 -0.803207531 0.595699304
vn 0.000000000 -0.803207531 0.595699304
vn 0.000000000 -0.857728610 0.514102744
vn 0.000000000 -0.857728610 0.514102744
vn 0.000000000 -0.903989293 0.427555093
vn 0.000000000 -0.903989293 0.427555093
vn 0.000000000 -0.941544065 0.336889853
vn 0.000000000 -0.941544065 0.336889853
vn 0.000000000 -0.970031253 0.242980180
vn 0.000000000 -0.970031253 0.242980180
vn 0.000000000 -0.989176510 0.146730474
vn 0.000000000 -0.989176510 0.146730474
vn 0.000000000 -0.998795456 0.049067674
vn 0.000000000 -0.998795456 0.049067674
vn 0.000000000 -0.998795456 -0.049067674
vn 0.000000000 -0.998795456 -0.049067674
vn 0.000000000 -0.989176510 -0.146730474
vn 0.000000000 -0.989176510 -0.146730474
vn 0.000000000 -0.970031253 -0.242980180
vn 0.000000000 -0.970031253 -0.242980180
vn 0.000000000 -0.941544065 -0.336889853
vn 0.000000000 -0.941544065 -0.336889853
vn 0.000000000 -0.903989293 -0.427555093
vn 0.000000000 -0.903989293 -0.427555093
vn 0.000000000 -0.857728610 -0.514102744
vn 0.000000000 -0.857728610 -0.514102744
vn 0.000000000 -0.803207531 -0.595699304
vn 0.000000000 -0.803207531 -0.595699304
vn 0.000000000 -0.740951125 -0.671558955
vn 0.000000000 -0.740951125 -0.671558955
vn 0.000000000 -0.671558955 -0.740951125
vn 0.000000000 -0.671558955 -0.740951125
vn 0.000000000 -0.595699304 -0.803207531
vn 0.000000000 -0.595699304 -0.803207531
vn 0.000000000 -0.514102744 -0.857728610
vn 0.000000000 -0.514102744 -0.857728610
vn 0.000000000 -0.427555093 -0.903989293
vn 0.000000000 -0.427555093 -0.903989293
vn 0.000000000 -0.336889853 -0.941544065
vn 0.000000000 -0.336889853 -0.941544065
vn 0.000000000 -0.242980180 -0.970031253
vn 0.000000000 -0.242980180 -0.970031253
vn 0.000000000 -0.146730474 -0.989176510
vn 0.000000000 -0.146730474 -0.989176510
vn 0.000000000 -0.049067674 -0.998795456
vn 0.000000000 -0.049067674 -0.998795456
vn 0.000000000 0.049067674 -0.998795456
vn 0.000000000 0.049067674 -0.998795456
vn 0.000000000 0.146730474 -0.989176510
vn 0.000000000 0.146730474 -0.989176510
vn 0.000000000 0.242980180 -0.970031253
vn 0.000000000 0.242980180 -0.970031253
vn 0.000000000 0.336889853 -0.941544065
vn 0.000000000 0.336889853 -0.941544065
vn 0.000000000 0.427555093 -0.903989293
vn 0.000000000 0.427555093 -0.903989293
vn 0.000000000 0.514102744 -0.857728610
vn 0.000000000 0.514102744 -0.857728610
vn 0.000000000 0.595699304 -0.803207531
vn 0.000000000 0.595699304 -0.803207531
vn 0.000000000 0.671558955 -0.740951125
vn 0.000000000 0.671558955 -0.740951125
vn 0.000000000 0.740951125 -0.671558955
vn 0.000000000 0.740951125 -0.671558955
vn 0.000000000 0.803207531 -0.595699304
vn 0.000000000 0.803207531 -0.595699304
vn 0.000000000 0.857728610 -0.514102744
vn 0.000000000 0.857728610 -0.514102744
vn 0.000000000 0.903989293 -0.427555093
vn 0.000000000 0.903989293 -0.427555093
vn 0.000000000 0.941544065 -0.336889853
vn 0.000000000 0.941544065 -0.336889853
vn 0.000000000 0.970031253 -0.242980180
vn 0.000000000 0.970031253 -0.242980180
vn 0.000000000 0.989176510 -0.146730474
vn 0.000000000 0.989176510 -0.146730474
vn 0.000000000 0.998795456 -0.049067674
vn 0.000000000 0.998795456 -0.049067674
vn 0.000000000 0.998795456 0.049067674
vn -0.000000000 0.998795456 0.049067674
vn 0.000000000 0.989176510 0.146730474
vn -0.000000000 0.989176510 0.146730474
vn 0.000000000 0.970031253 0.242980180
vn -0.000000000 0.970031253 0.242980180
vn 0.000000000 0.941544065 0.336889853
vn -0.000000000 0.941544065 0.336889853
vn 0.000000000 0.903989293 0.427555093
vn -0.000000000 0.903989293 0.427555093
vn 0.000000000 0.857728610 0.514102744
vn -0.000000000 0.857728610 0.514102744
vn 0.000000000 0.803207531 0.595699304
vn -0.000000000 0.803207531 0.595699304
vn 0.000000000 0.740951125 0.671558955
vn -0.000000000 0.740951125 0.671558955
vn 0.000000000 0.671558955 0.740951125
vn -0.000000000 0.671558955 0.740951125
vn 0.000000000 0.595699304 0.803207531
vn -0.000000000 0.595699304 0.803207531
vn 0.000000000 0.514102744 0.857728610
vn -0.000000000 0.514102744 0.857728610
vn 0.000000000 0.427555093 0.903989293
vn -0.000000000 0.427555093 0.903989293
vn 0.000000000 0.336889853 0.941544065
vn -0.000000000 0.336889853 0.941544065
vn 0.000000000 0.242980180 0.970031253
vn -0.000000000 0.242980180 0.970031253
vn 0.000000000 0.146730474 0.989176510
vn -0.000000000 0.146730474 0.989176510
vn 0.000000000 0.049067674 0.998795456
vn -0.000000000 0.049067674 0.998795456
vn 0.000000000 -0.049067674 0.998795456
vn 0.000000000 -0.049067674 0.998795456
vn 0.000000000 -0.146730474 0.989176510
vn 0.000000000 -0.146730474 0.989176510
vn 0.000000000 -0.242980180 0.970031253
vn 0.000000000 -0.242980180 0.970031253
vn 0.000000000 -0.336889853 0.941544065
vn 0.000000000 -0.336889853 0.941544065
vn 0.000000000 -0.427555093 0.903989293
vn 0.000000000 -0.427555093 0.903989293
vn 0.000000000 -0.514102744 0.857728610
vn 0.000000000 -0.514102744 0.857728610
vn 0.000000000 -0.595699304 0.803207531
vn 0.000000000 -0.595699304 0.803207531
vn 0.000000000 -0.671558955 0.740951125
vn 0.000000000 -0.671558955 0.740951125
vn 0.000000000 -0.740951125 0.671558955
vn 0.000000000 -0.740951125 0.671558955
vn 0.000000000 -0.803207531 0.595699304
vn 0.000000000 -0.803207531 0.595699304
vn 0.000000000 -0.857728610 0.514102744
vn 0.000000000 -0.857728610 0.514102744
vn 0.000000000 -0.903989293 0.427555093
vn 0.000000000 -0.903989293 0.427555093
vn 0.000000000 -0.941544065 0.336889853
vn 0.000000000 -0.941544065 0.336889853
vn 0.000000000 -0.970031253 0.242980180
vn 0.000000000 -0.970031253 0.242980180
vn 0.000000000 -0.989176510 0.146730474
vn 0.000000000 -0.989176510 0.146730474
vn 0.000000000 -0.998795456 0.049067674
vn 0.000000000 -0.998795456 0.049067674
vn 0.000000000 -0.998795456 -0.049067674
vn 0.000000000 -0.998795456 -0.049067674
vn 0.000000000 -0.989176510 -0.146730474
vn 0.000000000 -0.989176510 -0.146730474
vn 0.000000000 -0.970031253 -0.242980180
vn 0.000000000 -0.970031253 -0.242980180
vn 0.000000000 -0.941544065 -0.336889853
vn 0.000000000 -0.941544065 -0.336889853
vn 0.000000000 -0.903989293 -0.427555093
vn 0.000000000 -0.903989293 -0.427555093
vn 0.000000000 -0.857728610 -0.514102744
vn 0.000000000 -0.857728610 -0.514102744
vn 0.000000000 -0.803207531 -0.595699304
vn 0.000000000 -0.803207531 -0.595699304
vn 0.000000000 -0.740951125 -0.671558955
vn 0.000000000 -0.740951125 -0.671558955
vn 0.000000000 -0.671558955 -0.740951125
vn 0.000000000 -0.671558955 -0.740951125
vn 0.000000000 -0.595699304 -0.803207531
vn 0.000000000 -0.595699304 -0.803207531
vn 0.000000000 -0.514102744 -0.857728610
vn 0.000000000 -0.514102744 -0.857728610
vn 0.000000000 -0.427555093 -0.903989293
vn 0.000000000 -0.427555093 -0.903989293
vn 0.000000000 -0.336889853 -0.941544065
vn 0.000000000 -0.336889853 -0.941544065
vn 0.000000000 -0.242980180 -0.970031253
vn 0.000000000 -0.242980180 -0.970031253
vn 0.000000000 -0.146730474 -0.989176510
vn 0.000000000 -0.146730474 -0.989176510
vn 0.000000000 -0.049067674 -0.998795456
vn 0.000000000 -0.049067674 -0.998795456
vn 0.000000000 0.049067674 -0.998795456
vn 0.000000000 0.049067674 -0.998795456
vn 0.000000000 0.146730474 -0.989176510
vn 0.000000000 0.146730474 -0.989176510
vn 0.000000000 0.242980180 -0.970031253
vn 0.000000000 0.242980180 -0.970031253
vn 0.000000000 0.336889853 -0.941544065
vn 0.000000000 0.336889853 -0.941544065
vn 0.000000000 0.427555093 -0.903989293
vn 0.000000000 0.427555093 -0.903989293
vn 0.000000000 0.514102744 -0.857728610
vn 0.000000000 0.514102744 -0.857728610
vn 0.000000000 0.595699304 -0.803207531
vn 0.000000000 0.595699304 -0.803207531
vn 0.000000000 0.671558955 -0.740951125
vn 0.000000000 0.671558955 -0.740951125
vn 0.000000000 0.740951125 -0.671558955
vn 0.000000000 0.740951125 -0.671558955
vn 0.000000000 0.803207531 -0.595699304
vn 0.000000000 0.803207531 -0.595699304
vn 0.000000000 0.857728610 -0.514102744
vn 0.000000000 0.857728610 -0.514102744
vn 0.000000000 0.903989293 -0.427555093
vn 0.000000000 0.903989293 -0.427555093
vn 0.000000000 0.941544065 -0.336889853
vn 0.000000000 0.941544065 -0.336889853
vn 0.000000000 0.970031253 -0.242980180
vn 0.000000000 0.970031253 -0.242980180
vn 0.000000000 0.989176510 -0.146730474
vn 0.000000000 0.989176510 -0.146730474
vn 0.000000000 0.998795456 -0.049067674
vn 0.000000000 0.998795456 -0.049067674
vn 0.000000000 0.998795456 0.049067674
vn -0.000000000 0.998795456 0.049067674
vn 0.000000000 0.989176510 0.146730474
vn -0.000000000 0.989176510 0.146730474
vn 0.000000000 0.970031253 0.242980180
vn -0.000000000 0.970031253 0.242980180
vn 0.000000000 0.941544065 0.336889853
vn -0.000000000 0.941544065 0.336889853
vn 0.000000000 0.903989293 0.427555093
vn -0.000000000 0.903989293 0.427555093
vn 0.000000000 0.857728610 0.514102744
vn -0.000000000 0.857728610 0.514102744
vn 0.000000000 0.803207531 0.595699304
vn -0.000000000 0.803207531 0.595699304
vn 0.000000000 0.740951125 0.671558955
vn -0.000000000 0.740951125 0.671558955
vn 0.000000000 0.671558955 0.740951125
vn -0.000000000 0.671558955 0.740951125
vn 0.000000000 0.595699304 0.803207531
vn -0.000000000 0.595699304 0.803207531
vn 0.000000000 0.514102744 0.857728610
vn -0.000000000 0.514102744 0.857728610
vn 0.000000000 0.427555093 0.903989293
vn -0.000000000 0.427555093 0.903989293
vn 0.000000000 0.336889853 0.941544065
vn -0.000000000 0.336889853 0.941544065
vn 0.000000000 0.242980180 0.970031253
vn -0.000000000 0.242980180 0.970031253
vn 0.000000000 0.146730474 0.989176510
vn -0.000000000 0.146730474 0.989176510
vn 0.000000000 0.049067674 0.998795456
vn -0.000000000 0.049067674 0.998795456
vn 0.000000000 -0.049067674 0.998795456
vn 0.000000000 -0.049067674 0.998795456
vn 0.000000000 -0.146730474 0.989176510
vn 0.000000000 -0.146730474 0.989176510
vn 0.000000000 -0.242980180 0.970031253
vn 0.000000000 -0.242980180 0.970031253
vn 0.000000000 -0.336889853 0.941544065
vn 0.000000000 -0.336889853 0.941544065
vn 0.000000000 -0.427555093 0.903989293
vn 0.000000000 -0.427555093 0.903989293
vn 0.000000000 -0.514102744 0.857728610
vn 0.000000000 -0.514102744 0.857728610
vn 0.000000000 -0.595699304 0.803207531
vn 0.000000000 -0.595699304 0.803207531
vn 0.000000000 -0.671558955 0.740951125
vn 0.000000000 -0.671558955 0.740951125
vn 0.000000000 -0.740951125 0.671558955
vn 0.000000000 -0.740951125 0.671558955
vn 0.000000000 -0.803207531 0.595699304
vn 0.000000000 -0.803207531 0.595699304
vn 0.000000000 -0.857728610 0.514102744
vn 0.000000000 -0.857728610 0.514102744
vn 0.000000000 -0.903989293 0.427555093
vn 0.000000000 -0.903989293 0.427555093
vn 0.000000000 -0.941544065 0.336889853
vn 0.000000000 -0.941544065 0.336889853
vn 0.000000000 -0.970031253 0.242980180
vn 0.000000000 -0.970031253 0.242980180
vn 0.000000000 -0.989176510 0.146730474
vn 0.000000000 -0.989176510 0.146730474
vn 0.000000000 -0.998795456 0.049067674
vn 0.000000000 -0.998795456 0.049067674
vn 0.000000000 -0.998795456 -0.049067674
vn 0.000000000 -0.998795456 -0.049067674
vn 0.000000000 -0.989176510 -0.146730474
vn 0.000000000 -0.989176510 -0.146730474
vn 0.000000000 -0.970031253 -0.242980180
vn 0.000000000 -0.970031253 -0.242980180
vn 0.000000000 -0.941544065 -0.336889853
vn 0.000000000 -0.941544065 -0.336889853
vn 0.000000000 -0.903989293 -0.427555093
vn 0.000000000 -0.903989293 -0.427555093
vn 0.000000000 -0.857728610 -0.514102744
vn 0.000000000 -0.857728610 -0.514102744
vn 0.000000000 -0.803207531 -0.595699304
vn 0.000000000 -0.803207531 -0.595699304
vn 0.000000000 -0.740951125 -0.671558955
vn 0.000000000 -0.740951125 -0.671558955
vn 0.000000000 -0.671558955 -0.740951125
vn 0.000000000 -0.671558955 -0.740951125
vn 0.000000000 -0.595699304 -0.803207531
vn 0.000000000 -0.595699304 -0.803207531
vn 0.000000000 -0.514102744 -0.857728610
vn 0.000000000 -0.514102744 -0.857728610
vn 0.000000000 -0.427555093 -0.903989293
vn 0.000000000 -0.427555093 -0.903989293
vn 0.000000000 -0.336889853 -0.941544065
vn 0.000000000 -0.336889853 -0.941544065
vn 0.000000000 -0.242980180 -0.970031253
vn 0.000000000 -0.242980180 -0.970031253
vn 0.000000000 -0.146730474 -0.989176510
vn 0.000000000 -0.146730474 -0.989176510
vn 0.000000000 -0.049067674 -0.998795456
vn 0.000000000 -0.049067674 -0.998795456
vn 0.000000000 0.049067674 -0.998795456
vn 0.000000000 0.049067674 -0.998795456
vn 0.000000000 0.146730474 -0.989176510
vn 0.000000000 0.146730474 -0.989176510
vn 0.000000000 0.242980180 -0.970031253
vn 0.000000000 0.242980180 -0.970031253
vn 0.000000000 0.336889853 -0.941544065
vn 0.000000000 0.336889853 -0.941544065
vn 0.000000000 0.427555093 -0.903989293
vn 0.000000000 0.427555093 -0.903989293
vn 0.000000000 0.514102744 -0.857728610
vn 0.000000000 0.514102744 -0.857728610
vn 0.000000000 0.595699304 -0.803207531
vn 0.000000000 0.595699304 -0.803207531
vn 0.000000000 0.671558955 -0.740951125
vn 0.000000000 0.671558955 -0.740951125
vn 0.000000000 0.740951125 -0.671558955
vn 0.000000000 0.740951125 -0.671558955
vn 0.000000000 0.803207531 -0.595699304
vn 0.000000000 0.803207531 -0.595699304
vn 0.000000000 0.857728610 -0.514102744
vn 0.000000000 0.857728610 -0.514102744
vn 0.000000000 0.903989293 -0.427555093
vn 0.000000000 0.903989293 -0.427555093
vn 0.000000000 0.941544065 -0.336889853
vn 0.000000000 0.941544065 -0.336889853
vn 0.000000000 0.970031253 -0.242980180
vn 0.000000000 0.970031253 -0.242980180
vn 0.000000000 0.989176510 -0.146730474
vn 0.000000000 0.989176510 -0.146730474
vn 0.000000000 0.998795456 -0.049067674
vn 0.000000000 0.998795456 -0.049067674
vn 0.016346405 0.998662006 0.049061118
vn 0.016346405 0.998662006 0.049061118
vn 0.016346405 0.989044345 0.146710870
vn 0.016346405 0.989044345 0.146710870
vn 0.016346405 0.969901646 0.242947715
vn 0.016346405 0.969901646 0.242947715
vn 0.016346405 0.941418264 0.336844841
vn 0.016346405 0.941418264 0.336844841
vn 0.016346405 0.903868510 0.427497967
vn 0.016346405 0.903868510 0.427497967
vn 0.016346405 0.857614008 0.514034054
vn 0.016346405 0.857614008 0.514034054
vn 0.016346405 0.803100214 0.595619712
vn 0.016346405 0.803100214 0.595619712
vn 0.016346405 0.740852126 0.671469227
vn 0.016346405 0.740852126 0.671469227
vn 0.016346405 0.671469227 0.740852126
vn 0.016346405 0.671469227 0.740852126
vn 0.016346405 0.595619712 0.803100214
vn 0.016346405 0.595619712 0.803100214
vn 0.016346405 0.514034054 0.857614008
vn 0.016346405 0.514034054 0.857614008
vn 0.016346405 0.427497967 0.903868510
vn 0.016346405 0.427497967 0.903868510
vn 0.016346405 0.336844841 0.941418264
vn 0.016346405 0.336844841 0.941418264
vn 0.016346405 0.242947715 0.969901646
vn 0.016346405 0.242947715 0.969901646
vn 0.016346405 0.146710870 0.989044345
vn 0.016346405 0.146710870 0.989044345
vn 0.016346405 0.049061118 0.998662006
vn 0.016346405 0.049061118 0.998662006
vn 0.016346405 -0.049061118 0.998662006
vn 0.016346405 -0.049061118 0.998662006
vn 0.016346405 -0.146710870 0.989044345
vn 0.016346405 -0.146710870 0.989044345
vn 0.016346405 -0.242947715 0.969901646
vn 0.016346405 -0.242947715 0.969901646
vn 0.016346405 -0.336844841 0.941418264
vn 0.016346405 -0.336844841 0.941418264
vn 0.016346405 -0.427497967 0.903868510
vn 0.016346405 -0.427497967 0.903868510
vn 0.016346405 -0.514034054 0.857614008
vn 0.016346405 -0.514034054 0.857614008
vn 0.016346405 -0.595619712 0.803100214
vn 0.016346405 -0.595619712 0.803100214
vn 0.016346405 -0.671469227 0.740852126
vn 0.016346405 -0.671469227 0.740852126
vn 0.016346405 -0.740852126 0.671469227
vn 0.016346405 -0.740852126 0.671469227
vn 0.016346405 -0.803100214 0.595619712
vn 0.016346405 -0.803100214 0.595619712
vn 0.016346405 -0.857614008 0.514034054
vn 0.016346405 -0.857614008 0.514034054
vn 0.016346405 -0.903868510 0.427497967
vn 0.016346405 -0.903868510 0.427497967
vn 0.016346405 -0.941418264 0.336844841
vn 0.016346405 -0.941418264 0.336844841
vn 0.016346405 -0.969901646 0.242947715
vn 0.016346405 -0.969901646 0.242947715
vn 0.016346405 -0.989044345 0.146710870
vn 0.016346405 -0.989044345 0.146710870
vn 0.016346405 -0.998662006 0.049061118
vn 0.016346405 -0.998662006 0.049061118
vn 0.016346405 -0.998662006 -0.049061118
vn 0.016346405 -0.998662006 -0.049061118
vn 0.016346405 -0.989044345 -0.146710870
vn 0.016346405 -0.989044345 -0.146710870
vn 0.016346405 -0.969901646 -0.242947715
vn 0.016346405 -0.969901646 -0.242947715
vn 0.016346405 -0.941418264 -0.336844841
vn 0.016346405 -0.941418264 -0.336844841
vn 0.016346405 -0.903868510 -0.427497967
vn 0.016346405 -0.903868510 -0.427497967
vn 0.016346405 -0.857614008 -0.514034054
vn 0.016346405 -0.857614008 -0.514034054
vn 0.016346405 -0.803100214 -0.595619712
vn 0.016346405 -0.803100214 -0.595619712
vn 0.016346405 -0.740852126 -0.671469227
vn 0.016346405 -0.740852126 -0.671469227
vn 0.016346405 -0.671469227 -0.740852126
vn 0.016346405 -0.671469227 -0.740852126
vn 0.016346405 -0.595619712 -0.803100214
vn 0.016346405 -0.595619712 -0.803100214
vn 0.016346405 -0.514034054 -0.857614008
vn 0.016346405 -0.514034054 -0.857614008
vn 0.016346405 -0.427497967 -0.903868510
vn 0.016346405 -0.427497967 -0.903868510
vn 0.016346405 -0.336844841 -0.941418264
vn 0.016346405 -0.336844841 -0.941418264
vn 0.016346405 -0.242947715 -0.969901646
vn 0.016346405 -0.242947715 -0.969901646
vn 0.016346405 -0.146710870 -0.989044345
vn 0.016346405 -0.146710870 -0.989044345
vn 0.016346405 -0.049061118 -0.998662006
vn 0.016346405 -0.049061118 -0.998662006
vn 0.016346405 0.049061118 -0.998662006
vn 0.016346405 0.049061118 -0.998662006
vn 0.016346405 0.146710870 -0.989044345
vn 0.016346405 0.146710870 -0.989044345
vn 0.016346405 0.242947715 -0.969901646
vn 0.016346405 0.242947715 -0.969901646
vn 0.016346405 0.336844841 -0.941418264
vn 0.016346405 0.336844841 -0.941418264
vn 0.016346405 0.427497967 -0.903868510
vn 0.016346405 0.427497967 -0.903868510
vn 0.016346405 0.514034054 -0.857614008
vn 0.016346405 0.514034054 -0.857614008
vn 0.016346405 0.595619712 -0.803100214
vn 0.016346405 0.595619712 -0.803100214
vn 0.016346405 0.671469227 -0.740852126
vn 0.016346405 0.671469227 -0.740852126
vn 0.016346405 0.740852126 -0.671469227
vn 0.016346405 0.740852126 -0.671469227
vn 0.016346405 0.803100214 -0.595619712
vn 0.016346405 0.803100214 -0.595619712
vn 0.016346405 0.857614008 -0.514034054
vn 0.016346405 0.857614008 -0.514034054
vn 0.016346405 0.903868510 -0.427497967
vn 0.016346405 0.903868510 -0.427497967
vn 0.016346405 0.941418264 -0.336844841
vn 0.016346405 0.941418264 -0.336844841
vn 0.016346405 0.969901646 -0.242947715
vn 0.016346405 0.969901646 -0.242947715
vn 0.016346405 0.989044345 -0.146710870
vn 0.016346405 0.989044345 -0.146710870
vn 0.016346405 0.998662006 -0.049061118
vn 0.016346405 0.998662006 -0.049061118
vn 0.049126993 0.997589451 0.049008427
vn 0.049126993 0.997589451 0.049008427
vn 0.049126993 0.987982119 0.146553303
vn 0.049126993 0.987982119 0.146553303
vn 0.049126993 0.968859980 0.242686791
vn 0.049126993 0.968859980 0.242686791
vn 0.049126993 0.940407189 0.336483072
vn 0.049126993 0.940407189 0.336483072
vn 0.049126993 0.902897763 0.427038838
vn 0.049126993 0.902897763 0.427038838
vn 0.049126993 0.856692937 0.513481986
vn 0.049126993 0.856692937 0.513481986
vn 0.049126993 0.802237691 0.594980022
vn 0.049126993 0.802237691 0.594980022
vn 0.049126993 0.740056457 0.670748074
vn 0.049126993 0.740056457 0.670748074
vn 0.049126993 0.670748074 0.740056457
vn 0.049126993 0.670748074 0.740056457
vn 0.049126993 0.594980022 0.802237691
vn 0.049126993 0.594980022 0.802237691
vn 0.049126993 0.513481986 0.856692937
vn 0.049126993 0.513481986 0.856692937
vn 0.049126993 0.427038838 0.902897763
vn 0.049126993 0.427038838 0.902897763
vn 0.049126993 0.336483072 0.940407189
vn 0.049126993 0.336483072 0.940407189
vn 0.049126993 0.242686791 0.968859980
vn 0.049126993 0.242686791 0.968859980
vn 0.049126993 0.146553303 0.987982119
vn 0.049126993 0.146553303 0.987982119
vn 0.049126993 0.049008427 0.997589451
vn 0.049126993 0.049008427 0.997589451
vn 0.049126993 -0.049008427 0.997589451
vn 0.049126993 -0.049008427 0.997589451
vn 0.049126993 -0.146553303 0.987982119
vn 0.049126993 -0.146553303 0.987982119
vn 0.049126993 -0.242686791 0.968859980
vn 0.049126993 -0.242686791 0.968859980
vn 0.049126993 -0.336483072 0.940407189
vn 0.049126993 -0.336483072 0.940407189
vn 0.049126993 -0.427038838 0.902897763
vn 0.049126993 -0.427038838 0.902897763
vn 0.049126993 -0.513481986 0.856692937
vn 0.049126993 -0.513481986 0.856692937
vn 0.049126993 -0.594980022 0.802237691
vn 0.049126993 -0.594980022 0.802237691
vn 0.049126993 -0.670748074 0.740056457
vn 0.049126993 -0.670748074 0.740056457
vn 0.049126993 -0.740056457 0.670748074
vn 0.049126993 -0.740056457 0.670748074
vn 0.049126993 -0.802237691 0.594980022
vn 0.049126993 -0.802237691 0.594980022
vn 0.049126993 -0.856692937 0.513481986
vn 0.049126993 -0.856692937 0.513481986
vn 0.049126993 -0.902897763 0.427038838
vn 0.049126993 -0.902897763 0.427038838
vn 0.049126993 -0.940407189 0.336483072
vn 0.049126993 -0.940407189 0.336483072
vn 0.049126993 -0.968859980 0.242686791
vn 0.049126993 -0.968859980 0.242686791
vn 0.049126993 -0.987982119 0.146553303
vn 0.049126993 -0.987982119 0.146553303
vn 0.049126993 -0.997589451 0.049008427
vn 0.049126993 -0.997589451 0.049008427
vn 0.049126993 -0.997589451 -0.049008427
vn 0.049126993 -0.997589451 -0.049008427
vn 0.049126993 -0.987982119 -0.146553303
vn 0.049126993 -0.987982119 -0.146553303
vn 0.049126993 -0.968859980 -0.242686791
vn 0.049126993 -0.968859980 -0.242686791
vn 0.049126993 -0.940407189 -0.336483072
vn 0.049126993 -0.940407189 -0.336483072
vn 0.049126993 -0.902897763 -0.427038838
vn 0.049126993 -0.902897763 -0.427038838
vn 0.049126993 -0.856692937 -0.513481986
vn 0.049126993 -0.856692937 -0.513481986
vn 0.049126993 -0.802237691 -0.594980022
vn 0.049126993 -0.802237691 -0.594980022
vn 0.049126993 -0.740056457 -0.670748074
vn 0.049126993 -0.740056457 -0.670748074
vn 0.049126993 -0.670748074 -0.740056457
vn 0.049126993 -0.670748074 -0.740056457
vn 0.049126993 -0.594980022 -0.802237691
vn 0.049126993 -0.594980022 -0.802237691
vn 0.049126993 -0.513481986 -0.856692937
vn 0.049126993 -0.513481986 -0.856692937
vn 0.049126993 -0.427038838 -0.902897763
vn 0.049126993 -0.427038838 -0.902897763
vn 0.049126993 -0.336483072 -0.940407189
vn 0.049126993 -0.336483072 -0.940407189
vn 0.049126993 -0.242686791 -0.968859980
vn 0.049126993 -0.242686791 -0.968859980
vn 0.049126993 -0.146553303 -0.987982119
vn 0.049126993 -0.146553303 -0.987982119
vn 0.049126993 -0.049008427 -0.997589451
vn 0.049126993 -0.049008427 -0.997589451
vn 0.049126993 0.049008427 -0.997589451
vn 0.049126993 0.049008427 -0.997589451
vn 0.049126993 0.146553303 -0.987982119
vn 0.049126993 0.146553303 -0.987982119
vn 0.049126993 0.242686791 -0.968859980
vn 0.049126993 0.242686791 -0.968859980
vn 0.049126993 0.336483072 -0.940407189
vn 0.049126993 0.336483072 -0.940407189
vn 0.049126993 0.427038838 -0.902897763
vn 0.049126993 0.427038838 -0.902897763
vn 0.049126993 0.513481986 -0.856692937
vn 0.049126993 0.513481986 -0.856692937
vn 0.049126993 0.594980022 -0.802237691
vn 0.049126993 0.594980022 -0.802237691
vn 0.049126993 0.670748074 -0.740056457
vn 0.049126993 0.670748074 -0.740056457
vn 0.049126993 0.740056457 -0.670748074
vn 0.049126993 0.740056457 -0.670748074
vn 0.049126993 0.802237691 -0.594980022
vn 0.049126993 0.802237691 -0.594980022
vn 0.049126993 0.856692937 -0.513481986
vn 0.049126993 0.856692937 -0.513481986
vn 0.049126993 0.902897763 -0.427038838
vn 0.049126993 0.902897763 -0.427038838
vn 0.049126993 0.940407189 -0.336483072
vn 0.049126993 0.940407189 -0.336483072
vn 0.049126993 0.968859980 -0.242686791
vn 0.049126993 0.968859980 -0.242686791
vn 0.049126993 0.987982119 -0.146553303
vn 0.049126993 0.987982119 -0.146553303
vn 0.049126993 0.997589451 -0.049008427
vn 0.049126993 0.997589451 -0.049008427
vn 0.082172063 0.995417687 0.048901735
vn 0.082172063 0.995417687 0.048901735
vn 0.082172063 0.985831271 0.146234255
vn 0.082172063 0.985831271 0.146234255
vn 0.082172063 0.966750760 0.242158459
vn 0.082172063 0.966750760 0.242158459
vn 0.082172063 0.938359912 0.335750545
vn 0.082172063 0.938359912 0.335750545
vn 0.082172063 0.900932144 0.426109169
vn 0.082172063 0.900932144 0.426109169
vn 0.082172063 0.854827907 0.512364130
vn 0.082172063 0.854827907 0.512364130
vn 0.082172063 0.800491210 0.593684743
vn 0.082172063 0.800491210 0.593684743
vn 0.082172063 0.738445345 0.669287848
vn 0.082172063 0.738445345 0.669287848
vn 0.082172063 0.669287848 0.738445345
vn 0.082172063 0.669287848 0.738445345
vn 0.082172063 0.593684743 0.800491210
vn 0.082172063 0.593684743 0.800491210
vn 0.082172063 0.512364130 0.854827907
vn 0.082172063 0.512364130 0.854827907
vn 0.082172063 0.426109169 0.900932144
vn 0.082172063 0.426109169 0.900932144
vn 0.082172063 0.335750545 0.938359912
vn 0.082172063 0.335750545 0.938359912
vn 0.082172063 0.242158459 0.966750760
vn 0.082172063 0.242158459 0.966750760
vn 0.082172063 0.146234255 0.985831271
vn 0.082172063 0.146234255 0.985831271
vn 0.082172063 0.048901735 0.995417687
vn 0.082172063 0.048901735 0.995417687
vn 0.082172063 -0.048901735 0.995417687
vn 0.082172063 -0.048901735 0.995417687
vn 0.082172063 -0.146234255 0.985831271
vn 0.082172063 -0.146234255 0.985831271
vn 0.082172063 -0.242158459 0.966750760
vn 0.082172063 -0.242158459 0.966750760
vn 0.082172063 -0.335750545 0.938359912
vn 0.082172063 -0.335750545 0.938359912
vn 0.082172063 -0.426109169 0.900932144
vn 0.082172063 -0.426109169 0.900932144
vn 0.082172063 -0.512364130 0.854827907
vn 0.082172063 -0.512364130 0.854827907
vn 0.082172063 -0.593684743 0.800491210
vn 0.082172063 -0.593684743 0.800491210
vn 0.082172063 -0.669287848 0.738445345
vn 0.082172063 -0.669287848 0.738445345
vn 0.082172063 -0.738445345 0.669287848
vn 0.082172063 -0.738445345 0.669287848
vn 0.082172063 -0.800491210 0.593684743
vn 0.082172063 -0.800491210 0.593684743
vn 0.082172063 -0.854827907 0.512364130
vn 0.082172063 -0.854827907 0.512364130
vn 0.082172063 -0.900932144 0.426109169
vn 0.082172063 -0.900932144 0.426109169
vn 0.082172063 -0.938359912 0.335750545
vn 0.082172063 -0.938359912 0.335750545
vn 0.082172063 -0.966750760 0.242158459
vn 0.082172063 -0.966750760 0.242158459
vn 0.082172063 -0.985831271 0.146234255
vn 0.082172063 -0.985831271 0.146234255
vn 0.082172063 -0.995417687 0.048901735
vn 0.082172063 -0.995417687 0.048901735
vn 0.082172063 -0.995417687 -0.048901735
vn 0.082172063 -0.995417687 -0.048901735
vn 0.082172063 -0.985831271 -0.146234255
vn 0.082172063 -0.985831271 -0.146234255
vn 0.082172063 -0.966750760 -0.242158459
vn 0.082172063 -0.966750760 -0.242158459
vn 0.082172063 -0.938359912 -0.335750545
vn 0.082172063 -0.938359912 -0.335750545
vn 0.082172063 -0.900932144 -0.426109169
vn 0.082172063 -0.900932144 -0.426109169
vn 0.082172063 -0.854827907 -0.512364130
vn 0.082172063 -0.854827907 -0.512364130
vn 0.082172063 -0.800491210 -0.593684743
vn 0.082172063 -0.800491210 -0.593684743
vn 0.082172063 -0.738445345 -0.669287848
vn 0.082172063 -0.738445345 -0.669287848
vn 0.082172063 -0.669287848 -0.738445345
vn 0.082172063 -0.669287848 -0.738445345
vn 0.082172063 -0.593684743 -0.800491210
vn 0.082172063 -0.593684743 -0.800491210
vn 0.082172063 -0.512364130 -0.854827907
vn 0.082172063 -0.512364130 -0.854827907
vn 0.082172063 -0.426109169 -0.900932144
vn 0.082172063 -0.426109169 -0.900932144
vn 0.082172063 -0.335750545 -0.938359912
vn 0.082172063 -0.335750545 -0.938359912
vn 0.082172063 -0.242158459 -0.966750760
vn 0.082172063 -0.242158459 -0.966750760
vn 0.082172063 -0.146234255 -0.985831271
vn 0.082172063 -0.146234255 -0.985831271
vn 0.082172063 -0.048901735 -0.995417687
vn 0.082172063 -0.048901735 -0.995417687
vn 0.082172063 0.048901735 -0.995417687
vn 0.082172063 0.048901735 -0.995417687
vn 0.082172063 0.146234255 -0.985831271
vn 0.082172063 0.146234255 -0.985831271
vn 0.082172063 0.242158459 -0.966750760
vn 0.082172063 0.242158459 -0.966750760
vn 0.082172063 0.335750545 -0.938359912
vn 0.082172063 0.335750545 -0.938359912
vn 0.082172063 0.426109169 -0.900932144
vn 0.082172063 0.426109169 -0.900932144
vn 0.082172063 0.512364130 -0.854827907
vn 0.082172063 0.512364130 -0.854827907
vn 0.082172063 0.593684743 -0.800491210
vn 0.082172063 0.593684743 -0.800491210
vn 0.082172063 0.669287848 -0.738445345
vn 0.082172063 0.669287848 -0.738445345
vn 0.082172063 0.738445345 -0.669287848
vn 0.082172063 0.738445345 -0.669287848
vn 0.082172063 0.800491210 -0.593684743
vn 0.082172063 0.800491210 -0.593684743
vn 0.082172063 0.854827907 -0.512364130
vn 0.082172063 0.854827907 -0.512364130
vn 0.082172063 0.900932144 -0.426109169
vn 0.082172063 0.900932144 -0.426109169
vn 0.082172063 0.938359912 -0.335750545
vn 0.082172063 0.938359912 -0.335750545
vn 0.082172063 0.966750760 -0.242158459
vn 0.082172063 0.966750760 -0.242158459
vn 0.082172063 0.985831271 -0.146234255
vn 0.082172063 0.985831271 -0.146234255
vn 0.082172063 0.995417687 -0.048901735
vn 0.082172063 0.995417687 -0.048901735
vn 0.115661729 0.992092202 0.048738365
vn 0.115661729 0.992092202 0.048738365
vn 0.115661729 0.982537811 0.145745717
vn 0.115661729 0.982537811 0.145745717
vn 0.115661729 0.963521045 0.241349458
vn 0.115661729 0.963521045 0.241349458
vn 0.115661729 0.935225044 0.334628871
vn 0.115661729 0.935225044 0.334628871
vn 0.115661729 0.897922315 0.424685626
vn 0.115661729 0.897922315 0.424685626
vn 0.115661729 0.851972103 0.510652427
vn 0.115661729 0.851972103 0.510652427
vn 0.115661729 0.797816934 0.591701365
vn 0.115661729 0.797816934 0.591701365
vn 0.115661729 0.735978351 0.667051895
vn 0.115661729 0.735978351 0.667051895
vn 0.115661729 0.667051895 0.735978351
vn 0.115661729 0.667051895 0.735978351
vn 0.115661729 0.591701365 0.797816934
vn 0.115661729 0.591701365 0.797816934
vn 0.115661729 0.510652427 0.851972103
vn 0.115661729 0.510652427 0.851972103
vn 0.115661729 0.424685626 0.897922315
vn 0.115661729 0.424685626 0.897922315
vn 0.115661729 0.334628871 0.935225044
vn 0.115661729 0.334628871 0.935225044
vn 0.115661729 0.241349458 0.963521045
vn 0.115661729 0.241349458 0.963521045
vn 0.115661729 0.145745717 0.982537811
vn 0.115661729 0.145745717 0.982537811
vn 0.115661729 0.048738365 0.992092202
vn 0.115661729 0.048738365 0.992092202
vn 0.115661729 -0.048738365 0.992092202
vn 0.115661729 -0.048738365 0.992092202
vn 0.115661729 -0.145745717 0.982537811
vn 0.115661729 -0.145745717 0.982537811
vn 0.115661729 -0.241349458 0.963521045
vn 0.115661729 -0.241349458 0.963521045
vn 0.115661729 -0.334628871 0.935225044
vn 0.115661729 -0.334628871 0.935225044
vn 0.115661729 -0.424685626 0.897922315
vn 0.115661729 -0.424685626 0.897922315
vn 0.115661729 -0.510652427 0.851972103
vn 0.115661729 -0.510652427 0.851972103
vn 0.115661729 -0.591701365 0.797816934
vn 0.115661729 -0.591701365 0.797816934
vn 0.115661729 -0.667051895 0.735978351
vn 0.115661729 -0.667051895 0.735978351
vn 0.115661729 -0.735978351 0.667051895
vn 0.115661729 -0.735978351 0.667051895
vn 0.115661729 -0.797816934 0.591701365
vn 0.115661729 -0.797816934 0.591701365
vn 0.115661729 -0.851972103 0.510652427
vn 0.115661729 -0.851972103 0.510652427
vn 0.115661729 -0.897922315 0.424685626
vn 0.115661729 -0.897922315 0.424685626
vn 0.115661729 -0.935225044 0.334628871
vn 0.115661729 -0.935225044 0.334628871
vn 0.115661729 -0.963521045 0.241349458
vn 0.115661729 -0.963521045 0.241349458
vn 0.115661729 -0.982537811 0.145745717
vn 0.115661729 -0.982537811 0.145745717
vn 0.115661729 -0.992092202 0.048738365
vn 0.115661729 -0.992092202 0.048738365
vn 0.115661729 -0.992092202 -0.048738365
vn 0.115661729 -0.992092202 -0.048738365
vn 0.115661729 -0.982537811 -0.145745717
vn 0.115661729 -0.982537811 -0.145745717
vn 0.115661729 -0.963521045 -0.241349458
vn 0.115661729 -0.963521045 -0.241349458
vn 0.115661729 -0.935225044 -0.334628871
vn 0.115661729 -0.935225044 -0.334628871
vn 0.115661729 -0.897922315 -0.424685626
vn 0.115661729 -0.897922315 -0.424685626
vn 0.115661729 -0.851972103 -0.510652427
vn 0.115661729 -0.851972103 -0.510652427
vn 0.115661729 -0.797816934 -0.591701365
vn 0.115661729 -0.797816934 -0.591701365
vn 0.115661729 -0.735978351 -0.667051895
vn 0.115661729 -0.735978351 -0.667051895
vn 0.115661729 -0.667051895 -0.735978351
vn 0.115661729 -0.667051895 -0.735978351
vn 0.115661729 -0.591701365 -0.797816934
vn 0.115661729 -0.591701365 -0.797816934
vn 0.115661729 -0.510652427 -0.851972103
vn 0.115661729 -0.510652427 -0.851972103
vn 0.115661729 -0.424685626 -0.897922315
vn 0.115661729 -0.424685626 -0.897922315
vn 0.115661729 -0.334628871 -0.935225044
vn 0.115661729 -0.334628871 -0.935225044
vn 0.115661729 -0.241349458 -0.963521045
vn 0.115661729 -0.241349458 -0.963521045
vn 0.115661729 -0.145745717 -0.982537811
vn 0.115661729 -0.145745717 -0.982537811
vn 0.115661729 -0.048738365 -0.992092202
vn 0.115661729 -0.048738365 -0.992092202
vn 0.115661729 0.048738365 -0.992092202
vn 0.115661729 0.048738365 -0.992092202
vn 0.115661729 0.145745717 -0.982537811
vn 0.115661729 0.145745717 -0.982537811
vn 0.115661729 0.241349458 -0.963521045
vn 0.115661729 0.241349458 -0.963521045
vn 0.115661729 0.334628871 -0.935225044
vn 0.115661729 0.334628871 -0.935225044
vn 0.115661729 0.424685626 -0.897922315
vn 0.115661729 0.424685626 -0.897922315
vn 0.115661729 0.510652427 -0.851972103
vn 0.115661729 0.510652427 -0.851972103
vn 0.115661729 0.591701365 -0.797816934
vn 0.115661729 0.591701365 -0.797816934
vn 0.115661729 0.667051895 -0.735978351
vn 0.115661729 0.667051895 -0.735978351
vn 0.115661729 0.735978351 -0.667051895
vn 0.115661729 0.735978351 -0.667051895
vn 0.115661729 0.797816934 -0.591701365
vn 0.115661729 0.797816934 -0.591701365
vn 0.115661729 0.851972103 -0.510652427
vn 0.115661729 0.851972103 -0.510652427
vn 0.115661729 0.897922315 -0.424685626
vn 0.115661729 0.897922315 -0.424685626
vn 0.115661729 0.935225044 -0.334628871
vn 0.115661729 0.935225044 -0.334628871
vn 0.115661729 0.963521045 -0.241349458
vn 0.115661729 0.963521045 -0.241349458
vn 0.115661729 0.982537811 -0.145745717
vn 0.115661729 0.982537811 -0.145745717
vn 0.115661729 0.992092202 -0.048738365
vn 0.115661729 0.992092202 -0.048738365
vn 0.149781693 0.987528137 0.048514146
vn 0.149781693 0.987528137 0.048514146
vn 0.149781693 0.978017702 0.145075222
vn 0.149781693 0.978017702 0.145075222
vn 0.149781693 0.959088421 0.240239143
vn 0.149781693 0.959088421 0.240239143
vn 0.149781693 0.930922594 0.333089430
vn 0.149781693 0.930922594 0.333089430
vn 0.149781693 0.893791474 0.422731884
vn 0.149781693 0.893791474 0.422731884
vn 0.149781693 0.848052653 0.508303199
vn 0.149781693 0.848052653 0.508303199
vn 0.149781693 0.794146622 0.588979276
vn 0.149781693 0.794146622 0.588979276
vn 0.149781693 0.732592524 0.663983161
vn 0.149781693 0.732592524 0.663983161
vn 0.149781693 0.663983161 0.732592524
vn 0.149781693 0.663983161 0.732592524
vn 0.149781693 0.588979276 0.794146622
vn 0.149781693 0.588979276 0.794146622
vn 0.149781693 0.508303199 0.848052653
vn 0.149781693 0.508303199 0.848052653
vn 0.149781693 0.422731884 0.893791474
vn 0.149781693 0.422731884 0.893791474
vn 0.149781693 0.333089430 0.930922594
vn 0.149781693 0.333089430 0.930922594
vn 0.149781693 0.240239143 0.959088421
vn 0.149781693 0.240239143 0.959088421
vn 0.149781693 0.145075222 0.978017702
vn 0.149781693 0.145075222 0.978017702
vn 0.149781693 0.048514146 0.987528137
vn 0.149781693 0.048514146 0.987528137
vn 0.149781693 -0.048514146 0.987528137
vn 0.149781693 -0.048514146 0.987528137
vn 0.149781693 -0.145075222 0.978017702
vn 0.149781693 -0.145075222 0.978017702
vn 0.149781693 -0.240239143 0.959088421
vn 0.149781693 -0.240239143 0.959088421
vn 0.149781693 -0.333089430 0.930922594
vn 0.149781693 -0.333089430 0.930922594
vn 0.149781693 -0.422731884 0.893791474
vn 0.149781693 -0.422731884 0.893791474
vn 0.149781693 -0.508303199 0.848052653
vn 0.149781693 -0.508303199 0.848052653
vn 0.149781693 -0.588979276 0.794146622
vn 0.149781693 -0.588979276 0.794146622
vn 0.149781693 -0.663983161 0.732592524
vn 0.149781693 -0.663983161 0.732592524
vn 0.149781693 -0.732592524 0.663983161
vn 0.149781693 -0.732592524 0.663983161
vn 0.149781693 -0.794146622 0.588979276
vn 0.149781693 -0.794146622 0.588979276
vn 0.149781693 -0.848052653 0.508303199
vn 0.149781693 -0.848052653 0.508303199
vn 0.149781693 -0.893791474 0.422731884
vn 0.149781693 -0.893791474 0.422731884
vn 0.149781693 -0.930922594 0.333089430
vn 0.149781693 -0.930922594 0.333089430
vn 0.149781693 -0.959088421 0.240239143
vn 0.149781693 -0.959088421 0.240239143
vn 0.149781693 -0.978017702 0.145075222
vn 0.149781693 -0.978017702 0.145075222
vn 0.149781693 -0.987528137 0.048514146
vn 0.149781693 -0.987528137 0.048514146
vn 0.149781693 -0.987528137 -0.048514146
vn 0.149781693 -0.987528137 -0.048514146
vn 0.149781693 -0.978017702 -0.145075222
vn 0.149781693 -0.978017702 -0.145075222
vn 0.149781693 -0.959088421 -0.240239143
vn 0.149781693 -0.959088421 -0.240239143
vn 0.149781693 -0.930922594 -0.333089430
vn 0.149781693 -0.930922594 -0.333089430
vn 0.149781693 -0.893791474 -0.422731884
vn 0.149781693 -0.893791474 -0.422731884
vn 0.149781693 -0.848052653 -0.508303199
vn 0.149781693 -0.848052653 -0.508303199
vn 0.149781693 -0.794146622 -0.588979276
vn 0.149781693 -0.794146622 -0.588979276
vn 0.149781693 -0.732592524 -0.663983161
vn 0.149781693 -0.732592524 -0.663983161
vn 0.149781693 -0.663983161 -0.732592524
vn 0.149781693 -0.663983161 -0.732592524
vn 0.149781693 -0.588979276 -0.794146622
vn 0.149781693 -0.588979276 -0.794146622
vn 0.149781693 -0.508303199 -0.848052653
vn 0.149781693 -0.508303199 -0.848052653
vn 0.149781693 -0.422731884 -0.893791474
vn 0.149781693 -0.422731884 -0.893791474
vn 0.149781693 -0.333089430 -0.930922594
vn 0.149781693 -0.333089430 -0.930922594
vn 0.149781693 -0.240239143 -0.959088421
vn 0.149781693 -0.240239143 -0.959088421
vn 0.149781693 -0.145075222 -0.978017702
vn 0.149781693 -0.145075222 -0.978017702
vn 0.149781693 -0.048514146 -0.987528137
vn 0.149781693 -0.048514146 -0.987528137
vn 0.149781693 0.048514146 -0.987528137
vn 0.149781693 0.048514146 -0.987528137
vn 0.149781693 0.145075222 -0.978017702
vn 0.149781693 0.145075222 -0.978017702
vn 0.149781693 0.240239143 -0.959088421
vn 0.149781693 0.240239143 -0.959088421
vn 0.149781693 0.333089430 -0.930922594
vn 0.149781693 0.333089430 -0.930922594
vn 0.149781693 0.422731884 -0.893791474
vn 0.149781693 0.422731884 -0.893791474
vn 0.149781693 0.508303199 -0.848052653
vn 0.149781693 0.508303199 -0.848052653
vn 0.149781693 0.588979276 -0.794146622
vn 0.149781693 0.588979276 -0.794146622
vn 0.149781693 0.663983161 -0.732592524
vn 0.149781693 0.663983161 -0.732592524
vn 0.149781693 0.732592524 -0.663983161
vn 0.149781693 0.732592524 -0.663983161
vn 0.149781693 0.794146622 -0.588979276
vn 0.149781693 0.794146622 -0.588979276
vn 0.149781693 0.848052653 -0.508303199
vn 0.149781693 0.848052653 -0.508303199
vn 0.149781693 0.893791474 -0.422731884
vn 0.149781693 0.893791474 -0.422731884
vn 0.149781693 0.930922594 -0.333089430
vn 0.149781693 0.930922594 -0.333089430
vn 0.149781693 0.959088421 -0.240239143
vn 0.149781693 0.959088421 -0.240239143
vn 0.149781693 0.978017702 -0.145075222
vn 0.149781693 0.978017702 -0.145075222
vn 0.149781693 0.987528137 -0.048514146
vn 0.149781693 0.987528137 -0.048514146
vn 0.184725242 0.981606390 0.048223230
vn 0.184725242 0.981606390 0.048223230
vn 0.184725242 0.972152984 0.144205273
vn 0.184725242 0.972152984 0.144205273
vn 0.184725242 0.953337213 0.238798541
vn 0.184725242 0.953337213 0.238798541
vn 0.184725242 0.925340284 0.331092048
vn 0.184725242 0.925340284 0.331092048
vn 0.184725242 0.888431822 0.420196957
vn 0.184725242 0.888431822 0.420196957
vn 0.184725242 0.842967276 0.505255141
vn 0.184725242 0.842967276 0.505255141
vn 0.184725242 0.789384494 0.585447441
vn 0.184725242 0.789384494 0.585447441
vn 0.184725242 0.728199508 0.660001562
vn 0.184725242 0.728199508 0.660001562
vn 0.184725242 0.660001562 0.728199508
vn 0.184725242 0.660001562 0.728199508
vn 0.184725242 0.585447441 0.789384494
vn 0.184725242 0.585447441 0.789384494
vn 0.184725242 0.505255141 0.842967276
vn 0.184725242 0.505255141 0.842967276
vn 0.184725242 0.420196957 0.888431822
vn 0.184725242 0.420196957 0.888431822
vn 0.184725242 0.331092048 0.925340284
vn 0.184725242 0.331092048 0.925340284
vn 0.184725242 0.238798541 0.953337213
vn 0.184725242 0.238798541 0.953337213
vn 0.184725242 0.144205273 0.972152984
vn 0.184725242 0.144205273 0.972152984
vn 0.184725242 0.048223230 0.981606390
vn 0.184725242 0.048223230 0.981606390
vn 0.184725242 -0.048223230 0.981606390
vn 0.184725242 -0.048223230 0.981606390
vn 0.184725242 -0.144205273 0.972152984
vn 0.184725242 -0.144205273 0.972152984
vn 0.184725242 -0.238798541 0.953337213
vn 0.184725242 -0.238798541 0.953337213
vn 0.184725242 -0.331092048 0.925340284
vn 0.184725242 -0.331092048 0.925340284
vn 0.184725242 -0.420196957 0.888431822
vn 0.184725242 -0.420196957 0.888431822
vn 0.184725242 -0.505255141 0.842967276
vn 0.184725242 -0.505255141 0.842967276
vn 0.184725242 -0.585447441 0.789384494
vn 0.184725242 -0.585447441 0.789384494
vn 0.184725242 -0.660001562 0.728199508
vn 0.184725242 -0.660001562 0.728199508
vn 0.184725242 -0.728199508 0.660001562
vn 0.184725242 -0.728199508 0.660001562
vn 0.184725242 -0.789384494 0.585447441
vn 0.184725242 -0.789384494 0.585447441
vn 0.184725242 -0.842967276 0.505255141
vn 0.184725242 -0.842967276 0.505255141
vn 0.184725242 -0.888431822 0.420196957
vn 0.184725242 -0.888431822 0.420196957
vn 0.184725242 -0.925340284 0.331092048
vn 0.184725242 -0.925340284 0.331092048
vn 0.184725242 -0.953337213 0.238798541
vn 0.184725242 -0.953337213 0.238798541
vn 0.184725242 -0.972152984 0.144205273
vn 0.184725242 -0.972152984 0.144205273
vn 0.184725242 -0.981606390 0.048223230
vn 0.184725242 -0.981606390 0.048223230
vn 0.184725242 -0.981606390 -0.048223230
vn 0.184725242 -0.981606390 -0.048223230
vn 0.184725242 -0.972152984 -0.144205273
vn 0.184725242 -0.972152984 -0.144205273
vn 0.184725242 -0.953337213 -0.238798541
vn 0.184725242 -0.953337213 -0.238798541
vn 0.184725242 -0.925340284 -0.331092048
vn 0.184725242 -0.925340284 -0.331092048
vn 0.184725242 -0.888431822 -0.420196957
vn 0.184725242 -0.888431822 -0.420196957
vn 0.184725242 -0.842967276 -0.505255141
vn 0.184725242 -0.842967276 -0.505255141
vn 0.184725242 -0.789384494 -0.585447441
vn 0.184725242 -0.789384494 -0.585447441
vn 0.184725242 -0.728199508 -0.660001562
vn 0.184725242 -0.728199508 -0.660001562
vn 0.184725242 -0.660001562 -0.728199508
vn 0.184725242 -0.660001562 -0.728199508
vn 0.184725242 -0.585447441 -0.789384494
vn 0.184725242 -0.585447441 -0.789384494
vn 0.184725242 -0.505255141 -0.842967276
vn 0.184725242 -0.505255141 -0.842967276
vn 0.184725242 -0.420196957 -0.888431822
vn 0.184725242 -0.420196957 -0.888431822
vn 0.184725242 -0.331092048 -0.925340284
vn 0.184725242 -0.331092048 -0.925340284
vn 0.184725242 -0.238798541 -0.953337213
vn 0.184725242 -0.238798541 -0.953337213
vn 0.184725242 -0.144205273 -0.972152984
vn 0.184725242 -0.144205273 -0.972152984
vn 0.184725242 -0.048223230 -0.981606390
vn 0.184725242 -0.048223230 -0.981606390
vn 0.184725242 0.048223230 -0.981606390
vn 0.184725242 0.048223230 -0.981606390
vn 0.184725242 0.144205273 -0.972152984
vn 0.184725242 0.144205273 -0.972152984
vn 0.184725242 0.238798541 -0.953337213
vn 0.184725242 0.238798541 -0.953337213
vn 0.184725242 0.331092048 -0.925340284
vn 0.184725242 0.331092048 -0.925340284
vn 0.184725242 0.420196957 -0.888431822
vn 0.184725242 0.420196957 -0.888431822
vn 0.184725242 0.505255141 -0.842967276
vn 0.184725242 0.505255141 -0.842967276
vn 0.184725242 0.585447441 -0.789384494
vn 0.184725242 0.585447441 -0.789384494
vn 0.184725242 0.660001562 -0.728199508
vn 0.184725242 0.660001562 -0.728199508
vn 0.184725242 0.728199508 -0.660001562
vn 0.184725242 0.728199508 -0.660001562
vn 0.184725242 0.789384494 -0.585447441
vn 0.184725242 0.789384494 -0.585447441
vn 0.184725242 0.842967276 -0.505255141
vn 0.184725242 0.842967276 -0.505255141
vn 0.184725242 0.888431822 -0.420196957
vn 0.184725242 0.888431822 -0.420196957
vn 0.184725242 0.925340284 -0.331092048
vn 0.184725242 0.925340284 -0.331092048
vn 0.184725242 0.953337213 -0.238798541
vn 0.184725242 0.953337213 -0.238798541
vn 0.184725242 0.972152984 -0.144205273
vn 0.184725242 0.972152984 -0.144205273
vn 0.184725242 0.981606390 -0.048223230
vn 0.184725242 0.981606390 -0.048223230
vn 0.220694901 0.974168051 0.047857807
vn 0.220694901 0.974168051 0.047857807
vn 0.220694901 0.964786280 0.143112526
vn 0.220694901 0.964786280 0.143112526
vn 0.220694901 0.946113090 0.236988992
vn 0.220694901 0.946113090 0.236988992
vn 0.220694901 0.918328313 0.328583125
vn 0.220694901 0.918328313 0.328583125
vn 0.220694901 0.881699533 0.417012822
vn 0.220694901 0.881699533 0.417012822
vn 0.220694901 0.836579505 0.501426458
vn 0.220694901 0.836579505 0.501426458
vn 0.220694901 0.783402758 0.581011084
vn 0.220694901 0.783402758 0.581011084
vn 0.220694901 0.722681415 0.655000254
vn 0.220694901 0.722681415 0.655000254
vn 0.220694901 0.655000254 0.722681415
vn 0.220694901 0.655000254 0.722681415
vn 0.220694901 0.581011084 0.783402758
vn 0.220694901 0.581011084 0.783402758
vn 0.220694901 0.501426458 0.836579505
vn 0.220694901 0.501426458 0.836579505
vn 0.220694901 0.417012822 0.881699533
vn 0.220694901 0.417012822 0.881699533
vn 0.220694901 0.328583125 0.918328313
vn 0.220694901 0.328583125 0.918328313
vn 0.220694901 0.236988992 0.946113090
vn 0.220694901 0.236988992 0.946113090
vn 0.220694901 0.143112526 0.964786280
vn 0.220694901 0.143112526 0.964786280
vn 0.220694901 0.047857807 0.974168051
vn 0.220694901 0.047857807 0.974168051
vn 0.220694901 -0.047857807 0.974168051
vn 0.220694901 -0.047857807 0.974168051
vn 0.220694901 -0.143112526 0.964786280
vn 0.220694901 -0.143112526 0.964786280
vn 0.220694901 -0.236988992 0.946113090
vn 0.220694901 -0.236988992 0.946113090
vn 0.220694901 -0.328583125 0.918328313
vn 0.220694901 -0.328583125 0.918328313
vn 0.220694901 -0.417012822 0.881699533
vn 0.220694901 -0.417012822 0.881699533
vn 0.220694901 -0.501426458 0.836579505
vn 0.220694901 -0.501426458 0.836579505
vn 0.220694901 -0.581011084 0.783402758
vn 0.220694901 -0.581011084 0.783402758
vn 0.220694901 -0.655000254 0.722681415
vn 0.220694901 -0.655000254 0.722681415
vn 0.220694901 -0.722681415 0.655000254
vn 0.220694901 -0.722681415 0.655000254
vn 0.220694901 -0.783402758 0.581011084
vn 0.220694901 -0.783402758 0.581011084
vn 0.220694901 -0.836579505 0.501426458
vn 0.220694901 -0.836579505 0.501426458
vn 0.220694901 -0.881699533 0.417012822
vn 0.220694901 -0.881699533 0.417012822
vn 0.220694901 -0.918328313 0.328583125
vn 0.220694901 -0.918328313 0.328583125
vn 0.220694901 -0.946113090 0.236988992
vn 0.220694901 -0.946113090 0.236988992
vn 0.220694901 -0.964786280 0.143112526
vn 0.220694901 -0.964786280 0.143112526
vn 0.220694901 -0.974168051 0.047857807
vn 0.220694901 -0.974168051 0.047857807
vn 0.220694901 -0.974168051 -0.047857807
vn 0.220694901 -0.974168051 -0.047857807
vn 0.220694901 -0.964786280 -0.143112526
vn 0.220694901 -0.964786280 -0.143112526
vn 0.220694901 -0.946113090 -0.236988992
vn 0.220694901 -0.946113090 -0.236988992
vn 0.220694901 -0.918328313 -0.328583125
vn 0.220694901 -0.918328313 -0.328583125
vn 0.220694901 -0.881699533 -0.417012822
vn 0.220694901 -0.881699533 -0.417012822
vn 0.220694901 -0.836579505 -0.501426458
vn 0.220694901 -0.836579505 -0.501426458
vn 0.220694901 -0.783402758 -0.581011084
vn 0.220694901 -0.783402758 -0.581011084
vn 0.220694901 -0.722681415 -0.655000254
vn 0.220694901 -0.722681415 -0.655000254
vn 0.220694901 -0.655000254 -0.722681415
vn 0.220694901 -0.655000254 -0.722681415
vn 0.220694901 -0.581011084 -0.783402758
vn 0.220694901 -0.581011084 -0.783402758
vn 0.220694901 -0.501426458 -0.836579505
vn 0.220694901 -0.501426458 -0.836579505
vn 0.220694901 -0.417012822 -0.881699533
vn 0.220694901 -0.417012822 -0.881699533
vn 0.220694901 -0.328583125 -0.918328313
vn 0.220694901 -0.328583125 -0.918328313
vn 0.220694901 -0.236988992 -0.946113090
vn 0.220694901 -0.236988992 -0.946113090
vn 0.220694901 -0.143112526 -0.964786280
vn 0.220694901 -0.143112526 -0.964786280
vn 0.220694901 -0.047857807 -0.974168051
vn 0.220694901 -0.047857807 -0.974168051
vn 0.220694901 0.047857807 -0.974168051
vn 0.220694901 0.047857807 -0.974168051
vn 0.220694901 0.143112526 -0.964786280
vn 0.220694901 0.143112526 -0.964786280
vn 0.220694901 0.236988992 -0.946113090
vn 0.220694901 0.236988992 -0.946113090
vn 0.220694901 0.328583125 -0.918328313
vn 0.220694901 0.328583125 -0.918328313
vn 0.220694901 0.417012822 -0.881699533
vn 0.220694901 0.417012822 -0.881699533
vn 0.220694901 0.501426458 -0.836579505
vn 0.220694901 0.501426458 -0.836579505
vn 0.220694901 0.581011084 -0.783402758
vn 0.220694901 0.581011084 -0.783402758
vn 0.220694901 0.655000254 -0.722681415
vn 0.220694901 0.655000254 -0.722681415
vn 0.220694901 0.722681415 -0.655000254
vn 0.220694901 0.722681415 -0.655000254
vn 0.220694901 0.783402758 -0.581011084
vn 0.220694901 0.783402758 -0.581011084
vn 0.220694901 0.836579505 -0.501426458
vn 0.220694901 0.836579505 -0.501426458
vn 0.220694901 0.881699533 -0.417012822
vn 0.220694901 0.881699533 -0.417012822
vn 0.220694901 0.918328313 -0.328583125
vn 0.220694901 0.918328313 -0.328583125
vn 0.220694901 0.946113090 -0.236988992
vn 0.220694901 0.946113090 -0.236988992
vn 0.220694901 0.964786280 -0.143112526
vn 0.220694901 0.964786280 -0.143112526
vn 0.220694901 0.974168051 -0.047857807
vn 0.220694901 0.974168051 -0.047857807
vn 0.257903466 0.965006895 0.047407749
vn 0.257903466 0.965006895 0.047407749
vn 0.257903466 0.955713351 0.141766684
vn 0.257903466 0.955713351 0.141766684
vn 0.257903466 0.937215765 0.234760328
vn 0.257903466 0.937215765 0.234760328
vn 0.257903466 0.909692279 0.325493102
vn 0.257903466 0.909692279 0.325493102
vn 0.257903466 0.873407959 0.413091200
vn 0.257903466 0.873407959 0.413091200
vn 0.257903466 0.828712243 0.496711003
vn 0.257903466 0.828712243 0.496711003
vn 0.257903466 0.776035575 0.575547208
vn 0.257903466 0.776035575 0.575547208
vn 0.257903466 0.715885260 0.648840579
vn 0.257903466 0.715885260 0.648840579
vn 0.257903466 0.648840579 0.715885260
vn 0.257903466 0.648840579 0.715885260
vn 0.257903466 0.575547208 0.776035575
vn 0.257903466 0.575547208 0.776035575
vn 0.257903466 0.496711003 0.828712243
vn 0.257903466 0.496711003 0.828712243
vn 0.257903466 0.413091200 0.873407959
vn 0.257903466 0.413091200 0.873407959
vn 0.257903466 0.325493102 0.909692279
vn 0.257903466 0.325493102 0.909692279
vn 0.257903466 0.234760328 0.937215765
vn 0.257903466 0.234760328 0.937215765
vn 0.257903466 0.141766684 0.955713351
vn 0.257903466 0.141766684 0.955713351
vn 0.257903466 0.047407749 0.965006895
vn 0.257903466 0.047407749 0.965006895
vn 0.257903466 -0.047407749 0.965006895
vn 0.257903466 -0.047407749 0.965006895
vn 0.257903466 -0.141766684 0.955713351
vn 0.257903466 -0.141766684 0.955713351
vn 0.257903466 -0.234760328 0.937215765
vn 0.257903466 -0.234760328 0.937215765
vn 0.257903466 -0.325493102 0.909692279
vn 0.257903466 -0.325493102 0.909692279
vn 0.257903466 -0.413091200 0.873407959
vn 0.257903466 -0.413091200 0.873407959
vn 0.257903466 -0.496711003 0.828712243
vn 0.257903466 -0.496711003 0.828712243
vn 0.257903466 -0.575547208 0.776035575
vn 0.257903466 -0.575547208 0.776035575
vn 0.257903466 -0.648840579 0.715885260
vn 0.257903466 -0.648840579 0.715885260
vn 0.257903466 -0.715885260 0.648840579
vn 0.257903466 -0.715885260 0.648840579
vn 0.257903466 -0.776035575 0.575547208
vn 0.257903466 -0.776035575 0.575547208
vn 0.257903466 -0.828712243 0.496711003
vn 0.257903466 -0.828712243 0.496711003
vn 0.257903466 -0.873407959 0.413091200
vn 0.257903466 -0.873407959 0.413091200
vn 0.257903466 -0.909692279 0.325493102
vn 0.257903466 -0.909692279 0.325493102
vn 0.257903466 -0.937215765 0.234760328
vn 0.257903466 -0.937215765 0.234760328
vn 0.257903466 -0.955713351 0.141766684
vn 0.257903466 -0.955713351 0.141766684
vn 0.257903466 -0.965006895 0.047407749
vn 0.257903466 -0.965006895 0.047407749
vn 0.257903466 -0.965006895 -0.047407749
vn 0.257903466 -0.965006895 -0.047407749
vn 0.257903466 -0.955713351 -0.141766684
vn 0.257903466 -0.955713351 -0.141766684
vn 0.257903466 -0.937215765 -0.234760328
vn 0.257903466 -0.937215765 -0.234760328
vn 0.257903466 -0.909692279 -0.325493102
vn 0.257903466 -0.909692279 -0.325493102
vn 0.257903466 -0.873407959 -0.413091200
vn 0.257903466 -0.873407959 -0.413091200
vn 0.257903466 -0.828712243 -0.496711003
vn 0.257903466 -0.828712243 -0.496711003
vn 0.257903466 -0.776035575 -0.575547208
vn 0.257903466 -0.776035575 -0.575547208
vn 0.257903466 -0.715885260 -0.648840579
vn 0.257903466 -0.715885260 -0.648840579
vn 0.257903466 -0.648840579 -0.715885260
vn 0.257903466 -0.648840579 -0.715885260
vn 0.257903466 -0.575547208 -0.776035575
vn 0.257903466 -0.575547208 -0.776035575
vn 0.257903466 -0.496711003 -0.828712243
vn 0.257903466 -0.496711003 -0.828712243
vn 0.257903466 -0.413091200 -0.873407959
vn 0.257903466 -0.413091200 -0.873407959
vn 0.257903466 -0.325493102 -0.909692279
vn 0.257903466 -0.325493102 -0.909692279
vn 0.257903466 -0.234760328 -0.937215765
vn 0.257903466 -0.234760328 -0.937215765
vn 0.257903466 -0.141766684 -0.955713351
vn 0.257903466 -0.141766684 -0.955713351
vn 0.257903466 -0.047407749 -0.965006895
vn 0.257903466 -0.047407749 -0.965006895
vn 0.257903466 0.047407749 -0.965006895
vn 0.257903466 0.047407749 -0.965006895
vn 0.257903466 0.141766684 -0.955713351
vn 0.257903466 0.141766684 -0.955713351
vn 0.257903466 0.234760328 -0.937215765
vn 0.257903466 0.234760328 -0.937215765
vn 0.257903466 0.325493102 -0.909692279
vn 0.257903466 0.325493102 -0.909692279
vn 0.257903466 0.413091200 -0.873407959
vn 0.257903466 0.413091200 -0.873407959
vn 0.257903466 0.496711003 -0.828712243
vn 0.257903466 0.496711003 -0.828712243
vn 0.257903466 0.575547208 -0.776035575
vn 0.257903466 0.575547208 -0.776035575
vn 0.257903466 0.648840579 -0.715885260
vn 0.257903466 0.648840579 -0.715885260
vn 0.257903466 0.715885260 -0.648840579
vn 0.257903466 0.715885260 -0.648840579
vn 0.257903466 0.776035575 -0.575547208
vn 0.257903466 0.776035575 -0.575547208
vn 0.257903466 0.828712243 -0.496711003
vn 0.257903466 0.828712243 -0.496711003
vn 0.257903466 0.873407959 -0.413091200
vn 0.257903466 0.873407959 -0.413091200
vn 0.257903466 0.909692279 -0.325493102
vn 0.257903466 0.909692279 -0.325493102
vn 0.257903466 0.937215765 -0.234760328
vn 0.257903466 0.937215765 -0.234760328
vn 0.257903466 0.955713351 -0.141766684
vn 0.257903466 0.955713351 -0.141766684
vn 0.257903466 0.965006895 -0.047407749
vn 0.257903466 0.965006895 -0.047407749
vn 0.296573986 0.953859529 0.046860114
vn 0.296573986 0.953859529 0.046860114
vn 0.296573986 0.944673340 0.140129053
vn 0.296573986 0.944673340 0.140129053
vn 0.296573986 0.926389431 0.232048472
vn 0.296573986 0.926389431 0.232048472
vn 0.296573986 0.899183885 0.321733138
vn 0.296573986 0.899183885 0.321733138
vn 0.296573986 0.863318706 0.408319338
vn 0.296573986 0.863318706 0.408319338
vn 0.296573986 0.819139297 0.490973200
vn 0.296573986 0.819139297 0.490973200
vn 0.296573986 0.767071128 0.568898721
vn 0.296573986 0.767071128 0.568898721
vn 0.296573986 0.707615645 0.641345437
vn 0.296573986 0.707615645 0.641345437
vn 0.296573986 0.641345437 0.707615645
vn 0.296573986 0.641345437 0.707615645
vn 0.296573986 0.568898721 0.767071128
vn 0.296573986 0.568898721 0.767071128
vn 0.296573986 0.490973200 0.819139297
vn 0.296573986 0.490973200 0.819139297
vn 0.296573986 0.408319338 0.863318706
vn 0.296573986 0.408319338 0.863318706
vn 0.296573986 0.321733138 0.899183885
vn 0.296573986 0.321733138 0.899183885
vn 0.296573986 0.232048472 0.926389431
vn 0.296573986 0.232048472 0.926389431
vn 0.296573986 0.140129053 0.944673340
vn 0.296573986 0.140129053 0.944673340
vn 0.296573986 0.046860114 0.953859529
vn 0.296573986 0.046860114 0.953859529
vn 0.296573986 -0.046860114 0.953859529
vn 0.296573986 -0.046860114 0.953859529
vn 0.296573986 -0.140129053 0.944673340
vn 0.296573986 -0.140129053 0.944673340
vn 0.296573986 -0.232048472 0.926389431
vn 0.296573986 -0.232048472 0.926389431
vn 0.296573986 -0.321733138 0.899183885
vn 0.296573986 -0.321733138 0.899183885
vn 0.296573986 -0.408319338 0.863318706
vn 0.296573986 -0.408319338 0.863318706
vn 0.296573986 -0.490973200 0.819139297
vn 0.296573986 -0.490973200 0.819139297
vn 0.296573986 -0.568898721 0.767071128
vn 0.296573986 -0.568898721 0.767071128
vn 0.296573986 -0.641345437 0.707615645
vn 0.296573986 -0.641345437 0.707615645
vn 0.296573986 -0.707615645 0.641345437
vn 0.296573986 -0.707615645 0.641345437
vn 0.296573986 -0.767071128 0.568898721
vn 0.296573986 -0.767071128 0.568898721
vn 0.296573986 -0.819139297 0.490973200
vn 0.296573986 -0.819139297 0.490973200
vn 0.296573986 -0.863318706 0.408319338
vn 0.296573986 -0.863318706 0.408319338
vn 0.296573986 -0.899183885 0.321733138
vn 0.296573986 -0.899183885 0.321733138
vn 0.296573986 -0.926389431 0.232048472
vn 0.296573986 -0.926389431 0.232048472
vn 0.296573986 -0.944673340 0.140129053
vn 0.296573986 -0.944673340 0.140129053
vn 0.296573986 -0.953859529 0.046860114
vn 0.296573986 -0.953859529 0.046860114
vn 0.296573986 -0.953859529 -0.046860114
vn 0.296573986 -0.953859529 -0.046860114
vn 0.296573986 -0.944673340 -0.140129053
vn 0.296573986 -0.944673340 -0.140129053
vn 0.296573986 -0.926389431 -0.232048472
vn 0.296573986 -0.926389431 -0.232048472
vn 0.296573986 -0.899183885 -0.321733138
vn 0.296573986 -0.899183885 -0.321733138
vn 0.296573986 -0.863318706 -0.408319338
vn 0.296573986 -0.863318706 -0.408319338
vn 0.296573986 -0.819139297 -0.490973200
vn 0.296573986 -0.819139297 -0.490973200
vn 0.296573986 -0.767071128 -0.568898721
vn 0.296573986 -0.767071128 -0.568898721
vn 0.296573986 -0.707615645 -0.641345437
vn 0.296573986 -0.707615645 -0.641345437
vn 0.296573986 -0.641345437 -0.707615645
vn 0.296573986 -0.641345437 -0.707615645
vn 0.296573986 -0.568898721 -0.767071128
vn 0.296573986 -0.568898721 -0.767071128
vn 0.296573986 -0.490973200 -0.819139297
vn 0.296573986 -0.490973200 -0.819139297
vn 0.296573986 -0.408319338 -0.863318706
vn 0.296573986 -0.408319338 -0.863318706
vn 0.296573986 -0.321733138 -0.899183885
vn 0.296573986 -0.321733138 -0.899183885
vn 0.296573986 -0.232048472 -0.926389431
vn 0.296573986 -0.232048472 -0.926389431
vn 0.296573986 -0.140129053 -0.944673340
vn 0.296573986 -0.140129053 -0.944673340
vn 0.296573986 -0.046860114 -0.953859529
vn 0.296573986 -0.046860114 -0.953859529
vn 0.296573986 0.046860114 -0.953859529
vn 0.296573986 0.046860114 -0.953859529
vn 0.296573986 0.140129053 -0.944673340
vn 0.296573986 0.140129053 -0.944673340
vn 0.296573986 0.232048472 -0.926389431
vn 0.296573986 0.232048472 -0.926389431
vn 0.296573986 0.321733138 -0.899183885
vn 0.296573986 0.321733138 -0.899183885
vn 0.296573986 0.408319338 -0.863318706
vn 0.296573986 0.408319338 -0.863318706
vn 0.296573986 0.490973200 -0.819139297
vn 0.296573986 0.490973200 -0.819139297
vn 0.296573986 0.568898721 -0.767071128
vn 0.296573986 0.568898721 -0.767071128
vn 0.296573986 0.641345437 -0.707615645
vn 0.296573986 0.641345437 -0.707615645
vn 0.296573986 0.707615645 -0.641345437
vn 0.296573986 0.707615645 -0.641345437
vn 0.296573986 0.767071128 -0.568898721
vn 0.296573986 0.767071128 -0.568898721
vn 0.296573986 0.819139297 -0.490973200
vn 0.296573986 0.819139297 -0.490973200
vn 0.296573986 0.863318706 -0.408319338
vn 0.296573986 0.863318706 -0.408319338
vn 0.296573986 0.899183885 -0.321733138
vn 0.296573986 0.899183885 -0.321733138
vn 0.296573986 0.926389431 -0.232048472
vn 0.296573986 0.926389431 -0.232048472
vn 0.296573986 0.944673340 -0.140129053
vn 0.296573986 0.944673340 -0.140129053
vn 0.296573986 0.953859529 -0.046860114
vn 0.296573986 0.953859529 -0.046860114
vn 0.336937955 0.940392743 0.046198533
vn 0.336937955 0.940392743 0.046198533
vn 0.336937955 0.931336246 0.138150682
vn 0.336937955 0.931336246 0.138150682
vn 0.336937955 0.913310473 0.228772364
vn 0.336937955 0.913310473 0.228772364
vn 0.336937955 0.886489021 0.317190843
vn 0.336937955 0.886489021 0.317190843
vn 0.336937955 0.851130194 0.402554602
vn 0.336937955 0.851130194 0.402554602
vn 0.336937955 0.807574519 0.484041539
vn 0.336937955 0.807574519 0.484041539
vn 0.336937955 0.756241459 0.560866891
vn 0.336937955 0.756241459 0.560866891
vn 0.336937955 0.697625381 0.632290789
vn 0.336937955 0.697625381 0.632290789
vn 0.336937955 0.632290789 0.697625381
vn 0.336937955 0.632290789 0.697625381
vn 0.336937955 0.560866891 0.756241459
vn 0.336937955 0.560866891 0.756241459
vn 0.336937955 0.484041539 0.807574519
vn 0.336937955 0.484041539 0.807574519
vn 0.336937955 0.402554602 0.851130194
vn 0.336937955 0.402554602 0.851130194
vn 0.336937955 0.317190843 0.886489021
vn 0.336937955 0.317190843 0.886489021
vn 0.336937955 0.228772364 0.913310473
vn 0.336937955 0.228772364 0.913310473
vn 0.336937955 0.138150682 0.931336246
vn 0.336937955 0.138150682 0.931336246
vn 0.336937955 0.046198533 0.940392743
vn 0.336937955 0.046198533 0.940392743
vn 0.336937955 -0.046198533 0.940392743
vn 0.336937955 -0.046198533 0.940392743
vn 0.336937955 -0.138150682 0.931336246
vn 0.336937955 -0.138150682 0.931336246
vn 0.336937955 -0.228772364 0.913310473
vn 0.336937955 -0.228772364 0.913310473
vn 0.336937955 -0.317190843 0.886489021
vn 0.336937955 -0.317190843 0.886489021
vn 0.336937955 -0.402554602 0.851130194
vn 0.336937955 -0.402554602 0.851130194
vn 0.336937955 -0.484041539 0.807574519
vn 0.336937955 -0.484041539 0.807574519
vn 0.336937955 -0.560866891 0.756241459
vn 0.336937955 -0.560866891 0.756241459
vn 0.336937955 -0.632290789 0.697625381
vn 0.336937955 -0.632290789 0.697625381
vn 0.336937955 -0.697625381 0.632290789
vn 0.336937955 -0.697625381 0.632290789
vn 0.336937955 -0.756241459 0.560866891
vn 0.336937955 -0.756241459 0.560866891
vn 0.336937955 -0.807574519 0.484041539
vn 0.336937955 -0.807574519 0.484041539
vn 0.336937955 -0.851130194 0.402554602
vn 0.336937955 -0.851130194 0.402554602
vn 0.336937955 -0.886489021 0.317190843
vn 0.336937955 -0.886489021 0.317190843
vn 0.336937955 -0.913310473 0.228772364
vn 0.336937955 -0.913310473 0.228772364
vn 0.336937955 -0.931336246 0.138150682
vn 0.336937955 -0.931336246 0.138150682
vn 0.336937955 -0.940392743 0.046198533
vn 0.336937955 -0.940392743 0.046198533
vn 0.336937955 -0.940392743 -0.046198533
vn 0.336937955 -0.940392743 -0.046198533
vn 0.336937955 -0.931336246 -0.138150682
vn 0.336937955 -0.931336246 -0.138150682
vn 0.336937955 -0.913310473 -0.228772364
vn 0.336937955 -0.913310473 -0.228772364
vn 0.336937955 -0.886489021 -0.317190843
vn 0.336937955 -0.886489021 -0.317190843
vn 0.336937955 -0.851130194 -0.402554602
vn 0.336937955 -0.851130194 -0.402554602
vn 0.336937955 -0.807574519 -0.484041539
vn 0.336937955 -0.807574519 -0.484041539
vn 0.336937955 -0.756241459 -0.560866891
vn 0.336937955 -0.756241459 -0.560866891
vn 0.336937955 -0.697625381 -0.632290789
vn 0.336937955 -0.697625381 -0.632290789
vn 0.336937955 -0.632290789 -0.697625381
vn 0.336937955 -0.632290789 -0.697625381
vn 0.336937955 -0.560866891 -0.756241459
vn 0.336937955 -0.560866891 -0.756241459
vn 0.336937955 -0.484041539 -0.807574519
vn 0.336937955 -0.484041539 -0.807574519
vn 0.336937955 -0.402554602 -0.851130194
vn 0.336937955 -0.402554602 -0.851130194
vn 0.336937955 -0.317190843 -0.886489021
vn 0.336937955 -0.317190843 -0.886489021
vn 0.336937955 -0.228772364 -0.913310473
vn 0.336937955 -0.228772364 -0.913310473
vn 0.336937955 -0.138150682 -0.931336246
vn 0.336937955 -0.138150682 -0.931336246
vn 0.336937955 -0.046198533 -0.940392743
vn 0.336937955 -0.046198533 -0.940392743
vn 0.336937955 0.046198533 -0.940392743
vn 0.336937955 0.046198533 -0.940392743
vn 0.336937955 0.138150682 -0.931336246
vn 0.336937955 0.138150682 -0.931336246
vn 0.336937955 0.228772364 -0.913310473
vn 0.336937955 0.228772364 -0.913310473
vn 0.336937955 0.317190843 -0.886489021
vn 0.336937955 0.317190843 -0.886489021
vn 0.336937955 0.402554602 -0.851130194
vn 0.336937955 0.402554602 -0.851130194
vn 0.336937955 0.484041539 -0.807574519
vn 0.336937955 0.484041539 -0.807574519
vn 0.336937955 0.560866891 -0.756241459
vn 0.336937955 0.560866891 -0.756241459
vn 0.336937955 0.632290789 -0.697625381
vn 0.336937955 0.632290789 -0.697625381
vn 0.336937955 0.697625381 -0.632290789
vn 0.336937955 0.697625381 -0.632290789
vn 0.336937955 0.756241459 -0.560866891
vn 0.336937955 0.756241459 -0.560866891
vn 0.336937955 0.807574519 -0.484041539
vn 0.336937955 0.807574519 -0.484041539
vn 0.336937955 0.851130194 -0.402554602
vn 0.336937955 0.851130194 -0.402554602
vn 0.336937955 0.886489021 -0.317190843
vn 0.336937955 0.886489021 -0.317190843
vn 0.336937955 0.913310473 -0.228772364
vn 0.336937955 0.913310473 -0.228772364
vn 0.336937955 0.931336246 -0.138150682
vn 0.336937955 0.931336246 -0.138150682
vn 0.336937955 0.940392743 -0.046198533
vn 0.336937955 0.940392743 -0.046198533
vn 0.379230594 0.924187631 0.045402427
vn 0.379230594 0.924187631 0.045402427
vn 0.379230594 0.915287198 0.135770030
vn 0.379230594 0.915287198 0.135770030
vn 0.379230594 0.897572050 0.224830094
vn 0.379230594 0.897572050 0.224830094
vn 0.379230594 0.871212793 0.311724922
vn 0.379230594 0.871212793 0.311724922
vn 0.379230594 0.836463280 0.395617668
vn 0.379230594 0.836463280 0.395617668
vn 0.379230594 0.793658168 0.475700399
vn 0.379230594 0.793658168 0.475700399
vn 0.379230594 0.743209694 0.551201876
vn 0.379230594 0.743209694 0.551201876
vn 0.379230594 0.685603705 0.621394977
vn 0.379230594 0.685603705 0.621394977
vn 0.379230594 0.621394977 0.685603705
vn 0.379230594 0.621394977 0.685603705
vn 0.379230594 0.551201876 0.743209694
vn 0.379230594 0.551201876 0.743209694
vn 0.379230594 0.475700399 0.793658168
vn 0.379230594 0.475700399 0.793658168
vn 0.379230594 0.395617668 0.836463280
vn 0.379230594 0.395617668 0.836463280
vn 0.379230594 0.311724922 0.871212793
vn 0.379230594 0.311724922 0.871212793
vn 0.379230594 0.224830094 0.897572050
vn 0.379230594 0.224830094 0.897572050
vn 0.379230594 0.135770030 0.915287198
vn 0.379230594 0.135770030 0.915287198
vn 0.379230594 0.045402427 0.924187631
vn 0.379230594 0.045402427 0.924187631
vn 0.379230594 -0.045402427 0.924187631
vn 0.379230594 -0.045402427 0.924187631
vn 0.379230594 -0.135770030 0.915287198
vn 0.379230594 -0.135770030 0.915287198
vn 0.379230594 -0.224830094 0.897572050
vn 0.379230594 -0.224830094 0.897572050
vn 0.379230594 -0.311724922 0.871212793
vn 0.379230594 -0.311724922 0.871212793
vn 0.379230594 -0.395617668 0.836463280
vn 0.379230594 -0.395617668 0.836463280
vn 0.379230594 -0.475700399 0.793658168
vn 0.379230594 -0.475700399 0.793658168
vn 0.379230594 -0.551201876 0.743209694
vn 0.379230594 -0.551201876 0.743209694
vn 0.379230594 -0.621394977 0.685603705
vn 0.379230594 -0.621394977 0.685603705
vn 0.379230594 -0.685603705 0.621394977
vn 0.379230594 -0.685603705 0.621394977
vn 0.379230594 -0.743209694 0.551201876
vn 0.379230594 -0.743209694 0.551201876
vn 0.379230594 -0.793658168 0.475700399
vn 0.379230594 -0.793658168 0.475700399
vn 0.379230594 -0.836463280 0.395617668
vn 0.379230594 -0.836463280 0.395617668
vn 0.379230594 -0.871212793 0.311724922
vn 0.379230594 -0.871212793 0.311724922
vn 0.379230594 -0.897572050 0.224830094
vn 0.379230594 -0.897572050 0.224830094
vn 0.379230594 -0.915287198 0.135770030
vn 0.379230594 -0.915287198 0.135770030
vn 0.379230594 -0.924187631 0.045402427
vn 0.379230594 -0.924187631 0.045402427
vn 0.379230594 -0.924187631 -0.045402427
vn 0.379230594 -0.924187631 -0.045402427
vn 0.379230594 -0.915287198 -0.135770030
vn 0.379230594 -0.915287198 -0.135770030
vn 0.379230594 -0.897572050 -0.224830094
vn 0.379230594 -0.897572050 -0.224830094
vn 0.379230594 -0.871212793 -0.311724922
vn 0.379230594 -0.871212793 -0.311724922
vn 0.379230594 -0.836463280 -0.395617668
vn 0.379230594 -0.836463280 -0.395617668
vn 0.379230594 -0.793658168 -0.475700399
vn 0.379230594 -0.793658168 -0.475700399
vn 0.379230594 -0.743209694 -0.551201876
vn 0.379230594 -0.743209694 -0.551201876
vn 0.379230594 -0.685603705 -0.621394977
vn 0.379230594 -0.685603705 -0.621394977
vn 0.379230594 -0.621394977 -0.685603705
vn 0.379230594 -0.621394977 -0.685603705
vn 0.379230594 -0.551201876 -0.743209694
vn 0.379230594 -0.551201876 -0.743209694
vn 0.379230594 -0.475700399 -0.793658168
vn 0.379230594 -0.475700399 -0.793658168
vn 0.379230594 -0.395617668 -0.836463280
vn 0.379230594 -0.395617668 -0.836463280
vn 0.379230594 -0.311724922 -0.871212793
vn 0.379230594 -0.311724922 -0.871212793
vn 0.379230594 -0.224830094 -0.897572050
vn 0.379230594 -0.224830094 -0.897572050
vn 0.379230594 -0.135770030 -0.915287198
vn 0.379230594 -0.135770030 -0.915287198
vn 0.379230594 -0.045402427 -0.924187631
vn 0.379230594 -0.045402427 -0.924187631
vn 0.379230594 0.045402427 -0.924187631
vn 0.379230594 0.045402427 -0.924187631
vn 0.379230594 0.135770030 -0.915287198
vn 0.379230594 0.135770030 -0.915287198
vn 0.379230594 0.224830094 -0.897572050
vn 0.379230594 0.224830094 -0.897572050
vn 0.379230594 0.311724922 -0.871212793
vn 0.379230594 0.311724922 -0.871212793
vn 0.379230594 0.395617668 -0.836463280
vn 0.379230594 0.395617668 -0.836463280
vn 0.379230594 0.475700399 -0.793658168
vn 0.379230594 0.475700399 -0.793658168
vn 0.379230594 0.551201876 -0.743209694
vn 0.379230594 0.551201876 -0.743209694
vn 0.379230594 0.621394977 -0.685603705
vn 0.379230594 0.621394977 -0.685603705
vn 0.379230594 0.685603705 -0.621394977
vn 0.379230594 0.685603705 -0.621394977
vn 0.379230594 0.743209694 -0.551201876
vn 0.379230594 0.743209694 -0.551201876
vn 0.379230594 0.793658168 -0.475700399
vn 0.379230594 0.793658168 -0.475700399
vn 0.379230594 0.836463280 -0.395617668
vn 0.379230594 0.836463280 -0.395617668
vn 0.379230594 0.871212793 -0.311724922
vn 0.379230594 0.871212793 -0.311724922
vn 0.379230594 0.897572050 -0.224830094
vn 0.379230594 0.897572050 -0.224830094
vn 0.379230594 0.915287198 -0.135770030
vn 0.379230594 0.915287198 -0.135770030
vn 0.379230594 0.924187631 -0.045402427
vn 0.379230594 0.924187631 -0.045402427
vn 0.423681452 0.904720164 0.044446052
vn 0.423681452 0.904720164 0.044446052
vn 0.423681452 0.896007215 0.132910115
vn 0.423681452 0.896007215 0.132910115
vn 0.423681452 0.878665226 0.220094181
vn 0.423681452 0.878665226 0.220094181
vn 0.423681452 0.852861210 0.305158620
vn 0.423681452 0.852861210 0.305158620
vn 0.423681452 0.818843675 0.387284215
vn 0.423681452 0.818843675 0.387284215
vn 0.423681452 0.776940228 0.465680051
vn 0.423681452 0.776940228 0.465680051
vn 0.423681452 0.727554421 0.539591134
vn 0.423681452 0.727554421 0.539591134
vn 0.423681452 0.671161868 0.608305659
vn 0.423681452 0.671161868 0.608305659
vn 0.423681452 0.608305659 0.671161868
vn 0.423681452 0.608305659 0.671161868
vn 0.423681452 0.539591134 0.727554421
vn 0.423681452 0.539591134 0.727554421
vn 0.423681452 0.465680051 0.776940228
vn 0.423681452 0.465680051 0.776940228
vn 0.423681452 0.387284215 0.818843675
vn 0.423681452 0.387284215 0.818843675
vn 0.423681452 0.305158620 0.852861210
vn 0.423681452 0.305158620 0.852861210
vn 0.423681452 0.220094181 0.878665226
vn 0.423681452 0.220094181 0.878665226
vn 0.423681452 0.132910115 0.896007215
vn 0.423681452 0.132910115 0.896007215
vn 0.423681452 0.044446052 0.904720164
vn 0.423681452 0.044446052 0.904720164
vn 0.423681452 -0.044446052 0.904720164
vn 0.423681452 -0.044446052 0.904720164
vn 0.423681452 -0.132910115 0.896007215
vn 0.423681452 -0.132910115 0.896007215
vn 0.423681452 -0.220094181 0.878665226
vn 0.423681452 -0.220094181 0.878665226
vn 0.423681452 -0.305158620 0.852861210
vn 0.423681452 -0.305158620 0.852861210
vn 0.423681452 -0.387284215 0.818843675
vn 0.423681452 -0.387284215 0.818843675
vn 0.423681452 -0.465680051 0.776940228
vn 0.423681452 -0.465680051 0.776940228
vn 0.423681452 -0.539591134 0.727554421
vn 0.423681452 -0.539591134 0.727554421
vn 0.423681452 -0.608305659 0.671161868
vn 0.423681452 -0.608305659 0.671161868
vn 0.423681452 -0.671161868 0.608305659
vn 0.423681452 -0.671161868 0.608305659
vn 0.423681452 -0.727554421 0.539591134
vn 0.423681452 -0.727554421 0.539591134
vn 0.423681452 -0.776940228 0.465680051
vn 0.423681452 -0.776940228 0.465680051
vn 0.423681452 -0.818843675 0.387284215
vn 0.423681452 -0.818843675 0.387284215
vn 0.423681452 -0.852861210 0.305158620
vn 0.423681452 -0.852861210 0.305158620
vn 0.423681452 -0.878665226 0.220094181
vn 0.423681452 -0.878665226 0.220094181
vn 0.423681452 -0.896007215 0.132910115
vn 0.423681452 -0.896007215 0.132910115
vn 0.423681452 -0.904720164 0.044446052
vn 0.423681452 -0.904720164 0.044446052
vn 0.423681452 -0.904720164 -0.044446052
vn 0.423681452 -0.904720164 -0.044446052
vn 0.423681452 -0.896007215 -0.132910115
vn 0.423681452 -0.896007215 -0.132910115
vn 0.423681452 -0.878665226 -0.220094181
vn 0.423681452 -0.878665226 -0.220094181
vn 0.423681452 -0.852861210 -0.305158620
vn 0.423681452 -0.852861210 -0.305158620
vn 0.423681452 -0.818843675 -0.387284215
vn 0.423681452 -0.818843675 -0.387284215
vn 0.423681452 -0.776940228 -0.465680051
vn 0.423681452 -0.776940228 -0.465680051
vn 0.423681452 -0.727554421 -0.539591134
vn 0.423681452 -0.727554421 -0.539591134
vn 0.423681452 -0.671161868 -0.608305659
vn 0.423681452 -0.671161868 -0.608305659
vn 0.423681452 -0.608305659 -0.671161868
vn 0.423681452 -0.608305659 -0.671161868
vn 0.423681452 -0.539591134 -0.727554421
vn 0.423681452 -0.539591134 -0.727554421
vn 0.423681452 -0.465680051 -0.776940228
vn 0.423681452 -0.465680051 -0.776940228
vn 0.423681452 -0.387284215 -0.818843675
vn 0.423681452 -0.387284215 -0.818843675
vn 0.423681452 -0.305158620 -0.852861210
vn 0.423681452 -0.305158620 -0.852861210
vn 0.423681452 -0.220094181 -0.878665226
vn 0.423681452 -0.220094181 -0.878665226
vn 0.423681452 -0.132910115 -0.896007215
vn 0.423681452 -0.132910115 -0.896007215
vn 0.423681452 -0.044446052 -0.904720164
vn 0.423681452 -0.044446052 -0.904720164
vn 0.423681452 0.044446052 -0.904720164
vn 0.423681452 0.044446052 -0.904720164
vn 0.423681452 0.132910115 -0.896007215
vn 0.423681452 0.132910115 -0.896007215
vn 0.423681452 0.220094181 -0.878665226
vn 0.423681452 0.220094181 -0.878665226
vn 0.423681452 0.305158620 -0.852861210
vn 0.423681452 0.305158620 -0.852861210
vn 0.423681452 0.387284215 -0.818843675
vn 0.423681452 0.387284215 -0.818843675
vn 0.423681452 0.465680051 -0.776940228
vn 0.423681452 0.465680051 -0.776940228
vn 0.423681452 0.539591134 -0.727554421
vn 0.423681452 0.539591134 -0.727554421
vn 0.423681452 0.608305659 -0.671161868
vn 0.423681452 0.608305659 -0.671161868
vn 0.423681452 0.671161868 -0.608305659
vn 0.423681452 0.671161868 -0.608305659
vn 0.423681452 0.727554421 -0.539591134
vn 0.423681452 0.727554421 -0.539591134
vn 0.423681452 0.776940228 -0.465680051
vn 0.423681452 0.776940228 -0.465680051
vn 0.423681452 0.818843675 -0.387284215
vn 0.423681452 0.818843675 -0.387284215
vn 0.423681452 0.852861210 -0.305158620
vn 0.423681452 0.852861210 -0.305158620
vn 0.423681452 0.878665226 -0.220094181
vn 0.423681452 0.878665226 -0.220094181
vn 0.423681452 0.896007215 -0.132910115
vn 0.423681452 0.896007215 -0.132910115
vn 0.423681452 0.904720164 -0.044446052
vn 0.423681452 0.904720164 -0.044446052
vn 0.470497684 0.881338339 0.043297376
vn 0.470497684 0.881338339 0.043297376
vn 0.470497684 0.872850569 0.129475151
vn 0.470497684 0.872850569 0.129475151
vn 0.470497684 0.855956770 0.214406009
vn 0.470497684 0.855956770 0.214406009
vn 0.470497684 0.830819641 0.297272021
vn 0.470497684 0.830819641 0.297272021
vn 0.470497684 0.797681264 0.377275140
vn 0.470497684 0.797681264 0.377275140
vn 0.470497684 0.756860780 0.453644894
vn 0.470497684 0.756860780 0.453644894
vn 0.470497684 0.708751313 0.525645799
vn 0.470497684 0.708751313 0.525645799
vn 0.470497684 0.653816184 0.592584447
vn 0.470497684 0.653816184 0.592584447
vn 0.470497684 0.592584447 0.653816184
vn 0.470497684 0.592584447 0.653816184
vn 0.470497684 0.525645799 0.708751313
vn 0.470497684 0.525645799 0.708751313
vn 0.470497684 0.453644894 0.756860780
vn 0.470497684 0.453644894 0.756860780
vn 0.470497684 0.377275140 0.797681264
vn 0.470497684 0.377275140 0.797681264
vn 0.470497684 0.297272021 0.830819641
vn 0.470497684 0.297272021 0.830819641
vn 0.470497684 0.214406009 0.855956770
vn 0.470497684 0.214406009 0.855956770
vn 0.470497684 0.129475151 0.872850569
vn 0.470497684 0.129475151 0.872850569
vn 0.470497684 0.043297376 0.881338339
vn 0.470497684 0.043297376 0.881338339
vn 0.470497684 -0.043297376 0.881338339
vn 0.470497684 -0.043297376 0.881338339
vn 0.470497684 -0.129475151 0.872850569
vn 0.470497684 -0.129475151 0.872850569
vn 0.470497684 -0.214406009 0.855956770
vn 0.470497684 -0.214406009 0.855956770
vn 0.470497684 -0.297272021 0.830819641
vn 0.470497684 -0.297272021 0.830819641
vn 0.470497684 -0.377275140 0.797681264
vn 0.470497684 -0.377275140 0.797681264
vn 0.470497684 -0.453644894 0.756860780
vn 0.470497684 -0.453644894 0.756860780
vn 0.470497684 -0.525645799 0.708751313
vn 0.470497684 -0.525645799 0.708751313
vn 0.470497684 -0.592584447 0.653816184
vn 0.470497684 -0.592584447 0.653816184
vn 0.470497684 -0.653816184 0.592584447
vn 0.470497684 -0.653816184 0.592584447
vn 0.470497684 -0.708751313 0.525645799
vn 0.470497684 -0.708751313 0.525645799
vn 0.470497684 -0.756860780 0.453644894
vn 0.470497684 -0.756860780 0.453644894
vn 0.470497684 -0.797681264 0.377275140
vn 0.470497684 -0.797681264 0.377275140
vn 0.470497684 -0.830819641 0.297272021
vn 0.470497684 -0.830819641 0.297272021
vn 0.470497684 -0.855956770 0.214406009
vn 0.470497684 -0.855956770 0.214406009
vn 0.470497684 -0.872850569 0.129475151
vn 0.470497684 -0.872850569 0.129475151
vn 0.470497684 -0.881338339 0.043297376
vn 0.470497684 -0.881338339 0.043297376
vn 0.470497684 -0.881338339 -0.043297376
vn 0.470497684 -0.881338339 -0.043297376
vn 0.470497684 -0.872850569 -0.129475151
vn 0.470497684 -0.872850569 -0.129475151
vn 0.470497684 -0.855956770 -0.214406009
vn 0.470497684 -0.855956770 -0.214406009
vn 0.470497684 -0.830819641 -0.297272021
vn 0.470497684 -0.830819641 -0.297272021
vn 0.470497684 -0.797681264 -0.377275140
vn 0.470497684 -0.797681264 -0.377275140
vn 0.470497684 -0.756860780 -0.453644894
vn 0.470497684 -0.756860780 -0.453644894
vn 0.470497684 -0.708751313 -0.525645799
vn 0.470497684 -0.708751313 -0.525645799
vn 0.470497684 -0.653816184 -0.592584447
vn 0.470497684 -0.653816184 -0.592584447
vn 0.470497684 -0.592584447 -0.653816184
vn 0.470497684 -0.592584447 -0.653816184
vn 0.470497684 -0.525645799 -0.708751313
vn 0.470497684 -0.525645799 -0.708751313
vn 0.470497684 -0.453644894 -0.756860780
vn 0.470497684 -0.453644894 -0.756860780
vn 0.470497684 -0.377275140 -0.797681264
vn 0.470497684 -0.377275140 -0.797681264
vn 0.470497684 -0.297272021 -0.830819641
vn 0.470497684 -0.297272021 -0.830819641
vn 0.470497684 -0.214406009 -0.855956770
vn 0.470497684 -0.214406009 -0.855956770
vn 0.470497684 -0.129475151 -0.872850569
vn 0.470497684 -0.129475151 -0.872850569
vn 0.470497684 -0.043297376 -0.881338339
vn 0.470497684 -0.043297376 -0.881338339
vn 0.470497684 0.043297376 -0.881338339
vn 0.470497684 0.043297376 -0.881338339
vn 0.470497684 0.129475151 -0.872850569
vn 0.470497684 0.129475151 -0.872850569
vn 0.470497684 0.214406009 -0.855956770
vn 0.470497684 0.214406009 -0.855956770
vn 0.470497684 0.297272021 -0.830819641
vn 0.470497684 0.297272021 -0.830819641
vn 0.470497684 0.377275140 -0.797681264
vn 0.470497684 0.377275140 -0.797681264
vn 0.470497684 0.453644894 -0.756860780
vn 0.470497684 0.453644894 -0.756860780
vn 0.470497684 0.525645799 -0.708751313
vn 0.470497684 0.525645799 -0.708751313
vn 0.470497684 0.592584447 -0.653816184
vn 0.470497684 0.592584447 -0.653816184
vn 0.470497684 0.653816184 -0.592584447
vn 0.470497684 0.653816184 -0.592584447
vn 0.470497684 0.708751313 -0.525645799
vn 0.470497684 0.708751313 -0.525645799
vn 0.470497684 0.756860780 -0.453644894
vn 0.470497684 0.756860780 -0.453644894
vn 0.470497684 0.797681264 -0.377275140
vn 0.470497684 0.797681264 -0.377275140
vn 0.470497684 0.830819641 -0.297272021
vn 0.470497684 0.830819641 -0.297272021
vn 0.470497684 0.855956770 -0.214406009
vn 0.470497684 0.855956770 -0.214406009
vn 0.470497684 0.872850569 -0.129475151
vn 0.470497684 0.872850569 -0.129475151
vn 0.470497684 0.881338339 -0.043297376
vn 0.470497684 0.881338339 -0.043297376
vn 0.519836141 0.853236992 0.041916846
vn 0.519836141 0.853236992 0.041916846
vn 0.519836141 0.845019853 0.125346854
vn 0.519836141 0.845019853 0.125346854
vn 0.519836141 0.828664711 0.207569705
vn 0.519836141 0.828664711 0.207569705
vn 0.519836141 0.804329075 0.287793545
vn 0.519836141 0.804329075 0.287793545
vn 0.519836141 0.772247311 0.365245776
vn 0.519836141 0.772247311 0.365245776
vn 0.519836141 0.732728382 0.439180491
vn 0.519836141 0.732728382 0.439180491
vn 0.519836141 0.686152879 0.508885658
vn 0.519836141 0.686152879 0.508885658
vn 0.519836141 0.632969349 0.573689977
vn 0.519836141 0.632969349 0.573689977
vn 0.519836141 0.573689977 0.632969349
vn 0.519836141 0.573689977 0.632969349
vn 0.519836141 0.508885658 0.686152879
vn 0.519836141 0.508885658 0.686152879
vn 0.519836141 0.439180491 0.732728382
vn 0.519836141 0.439180491 0.732728382
vn 0.519836141 0.365245776 0.772247311
vn 0.519836141 0.365245776 0.772247311
vn 0.519836141 0.287793545 0.804329075
vn 0.519836141 0.287793545 0.804329075
vn 0.519836141 0.207569705 0.828664711
vn 0.519836141 0.207569705 0.828664711
vn 0.519836141 0.125346854 0.845019853
vn 0.519836141 0.125346854 0.845019853
vn 0.519836141 0.041916846 0.853236992
vn 0.519836141 0.041916846 0.853236992
vn 0.519836141 -0.041916846 0.853236992
vn 0.519836141 -0.041916846 0.853236992
vn 0.519836141 -0.125346854 0.845019853
vn 0.519836141 -0.125346854 0.845019853
vn 0.519836141 -0.207569705 0.828664711
vn 0.519836141 -0.207569705 0.828664711
vn 0.519836141 -0.287793545 0.804329075
vn 0.519836141 -0.287793545 0.804329075
vn 0.519836141 -0.365245776 0.772247311
vn 0.519836141 -0.365245776 0.772247311
vn 0.519836141 -0.439180491 0.732728382
vn 0.519836141 -0.439180491 0.732728382
vn 0.519836141 -0.508885658 0.686152879
vn 0.519836141 -0.508885658 0.686152879
vn 0.519836141 -0.573689977 0.632969349
vn 0.519836141 -0.573689977 0.632969349
vn 0.519836141 -0.632969349 0.573689977
vn 0.519836141 -0.632969349 0.573689977
vn 0.519836141 -0.686152879 0.508885658
vn 0.519836141 -0.686152879 0.508885658
vn 0.519836141 -0.732728382 0.439180491
vn 0.519836141 -0.732728382 0.439180491
vn 0.519836141 -0.772247311 0.365245776
vn 0.519836141 -0.772247311 0.365245776
vn 0.519836141 -0.804329075 0.287793545
vn 0.519836141 -0.804329075 0.287793545
vn 0.519836141 -0.828664711 0.207569705
vn 0.519836141 -0.828664711 0.207569705
vn 0.519836141 -0.845019853 0.125346854
vn 0.519836141 -0.845019853 0.125346854
vn 0.519836141 -0.853236992 0.041916846
vn 0.519836141 -0.853236992 0.041916846
vn 0.519836141 -0.853236992 -0.041916846
vn 0.519836141 -0.853236992 -0.041916846
vn 0.519836141 -0.845019853 -0.125346854
vn 0.519836141 -0.845019853 -0.125346854
vn 0.519836141 -0.828664711 -0.207569705
vn 0.519836141 -0.828664711 -0.207569705
vn 0.519836141 -0.804329075 -0.287793545
vn 0.519836141 -0.804329075 -0.287793545
vn 0.519836141 -0.772247311 -0.365245776
vn 0.519836141 -0.772247311 -0.365245776
vn 0.519836141 -0.732728382 -0.439180491
vn 0.519836141 -0.732728382 -0.439180491
vn 0.519836141 -0.686152879 -0.508885658
vn 0.519836141 -0.686152879 -0.508885658
vn 0.519836141 -0.632969349 -0.573689977
vn 0.519836141 -0.632969349 -0.573689977
vn 0.519836141 -0.573689977 -0.632969349
vn 0.519836141 -0.573689977 -0.632969349
vn 0.519836141 -0.508885658 -0.686152879
vn 0.519836141 -0.508885658 -0.686152879
vn 0.519836141 -0.439180491 -0.732728382
vn 0.519836141 -0.439180491 -0.732728382
vn 0.519836141 -0.365245776 -0.772247311
vn 0.519836141 -0.365245776 -0.772247311
vn 0.519836141 -0.287793545 -0.804329075
vn 0.519836141 -0.287793545 -0.804329075
vn 0.519836141 -0.207569705 -0.828664711
vn 0.519836141 -0.207569705 -0.828664711
vn 0.519836141 -0.125346854 -0.845019853
vn 0.519836141 -0.125346854 -0.845019853
vn 0.519836141 -0.041916846 -0.853236992
vn 0.519836141 -0.041916846 -0.853236992
vn 0.519836141 0.041916846 -0.853236992
vn 0.519836141 0.041916846 -0.853236992
vn 0.519836141 0.125346854 -0.845019853
vn 0.519836141 0.125346854 -0.845019853
vn 0.519836141 0.207569705 -0.828664711
vn 0.519836141 0.207569705 -0.828664711
vn 0.519836141 0.287793545 -0.804329075
vn 0.519836141 0.287793545 -0.804329075
vn 0.519836141 0.365245776 -0.772247311
vn 0.519836141 0.365245776 -0.772247311
vn 0.519836141 0.439180491 -0.732728382
vn 0.519836141 0.439180491 -0.732728382
vn 0.519836141 0.508885658 -0.686152879
vn 0.519836141 0.508885658 -0.686152879
vn 0.519836141 0.573689977 -0.632969349
vn 0.519836141 0.573689977 -0.632969349
vn 0.519836141 0.632969349 -0.573689977
vn 0.519836141 0.632969349 -0.573689977
vn 0.519836141 0.686152879 -0.508885658
vn 0.519836141 0.686152879 -0.508885658
vn 0.519836141 0.732728382 -0.439180491
vn 0.519836141 0.732728382 -0.439180491
vn 0.519836141 0.772247311 -0.365245776
vn 0.519836141 0.772247311 -0.365245776
vn 0.519836141 0.804329075 -0.287793545
vn 0.519836141 0.804329075 -0.287793545
vn 0.519836141 0.828664711 -0.207569705
vn 0.519836141 0.828664711 -0.207569705
vn 0.519836141 0.845019853 -0.125346854
vn 0.519836141 0.845019853 -0.125346854
vn 0.519836141 0.853236992 -0.041916846
vn 0.519836141 0.853236992 -0.041916846
vn 0.571758992 0.819433399 0.040256181
vn 0.571758992 0.819433399 0.040256181
vn 0.571758992 0.811541807 0.120380855
vn 0.571758992 0.811541807 0.120380855
vn 0.571758992 0.795834624 0.199346196
vn 0.571758992 0.795834624 0.199346196
vn 0.571758992 0.772463119 0.276391724
vn 0.571758992 0.772463119 0.276391724
vn 0.571758992 0.741652372 0.350775448
vn 0.571758992 0.741652372 0.350775448
vn 0.571758992 0.703699107 0.421781013
vn 0.571758992 0.703699107 0.421781013
vn 0.571758992 0.658968834 0.488724596
vn 0.571758992 0.658968834 0.488724596
vn 0.571758992 0.607892332 0.550961494
vn 0.571758992 0.607892332 0.550961494
vn 0.571758992 0.550961494 0.607892332
vn 0.571758992 0.550961494 0.607892332
vn 0.571758992 0.488724596 0.658968834
vn 0.571758992 0.488724596 0.658968834
vn 0.571758992 0.421781013 0.703699107
vn 0.571758992 0.421781013 0.703699107
vn 0.571758992 0.350775448 0.741652372
vn 0.571758992 0.350775448 0.741652372
vn 0.571758992 0.276391724 0.772463119
vn 0.571758992 0.276391724 0.772463119
vn 0.571758992 0.199346196 0.795834624
vn 0.571758992 0.199346196 0.795834624
vn 0.571758992 0.120380855 0.811541807
vn 0.571758992 0.120380855 0.811541807
vn 0.571758992 0.040256181 0.819433399
vn 0.571758992 0.040256181 0.819433399
vn 0.571758992 -0.040256181 0.819433399
vn 0.571758992 -0.040256181 0.819433399
vn 0.571758992 -0.120380855 0.811541807
vn 0.571758992 -0.120380855 0.811541807
vn 0.571758992 -0.199346196 0.795834624
vn 0.571758992 -0.199346196 0.795834624
vn 0.571758992 -0.276391724 0.772463119
vn 0.571758992 -0.276391724 0.772463119
vn 0.571758992 -0.350775448 0.741652372
vn 0.571758992 -0.350775448 0.741652372
vn 0.571758992 -0.421781013 0.703699107
vn 0.571758992 -0.421781013 0.703699107
vn 0.571758992 -0.488724596 0.658968834
vn 0.571758992 -0.488724596 0.658968834
vn 0.571758992 -0.550961494 0.607892332
vn 0.571758992 -0.550961494 0.607892332
vn 0.571758992 -0.607892332 0.550961494
vn 0.571758992 -0.607892332 0.550961494
vn 0.571758992 -0.658968834 0.488724596
vn 0.571758992 -0.658968834 0.488724596
vn 0.571758992 -0.703699107 0.421781013
vn 0.571758992 -0.703699107 0.421781013
vn 0.571758992 -0.741652372 0.350775448
vn 0.571758992 -0.741652372 0.350775448
vn 0.571758992 -0.772463119 0.276391724
vn 0.571758992 -0.772463119 0.276391724
vn 0.571758992 -0.795834624 0.199346196
vn 0.571758992 -0.795834624 0.199346196
vn 0.571758992 -0.811541807 0.120380855
vn 0.571758992 -0.811541807 0.120380855
vn 0.571758992 -0.819433399 0.040256181
vn 0.571758992 -0.819433399 0.040256181
vn 0.571758992 -0.819433399 -0.040256181
vn 0.571758992 -0.819433399 -0.040256181
vn 0.571758992 -0.811541807 -0.120380855
vn 0.571758992 -0.811541807 -0.120380855
vn 0.571758992 -0.795834624 -0.199346196
vn 0.571758992 -0.795834624 -0.199346196
vn 0.571758992 -0.772463119 -0.276391724
vn 0.571758992 -0.772463119 -0.276391724
vn 0.571758992 -0.741652372 -0.350775448
vn 0.571758992 -0.741652372 -0.350775448
vn 0.571758992 -0.703699107 -0.421781013
vn 0.571758992 -0.703699107 -0.421781013
vn 0.571758992 -0.658968834 -0.488724596
vn 0.571758992 -0.658968834 -0.488724596
vn 0.571758992 -0.607892332 -0.550961494
vn 0.571758992 -0.607892332 -0.550961494
vn 0.571758992 -0.550961494 -0.607892332
vn 0.571758992 -0.550961494 -0.607892332
vn 0.571758992 -0.488724596 -0.658968834
vn 0.571758992 -0.488724596 -0.658968834
vn 0.571758992 -0.421781013 -0.703699107
vn 0.571758992 -0.421781013 -0.703699107
vn 0.571758992 -0.350775448 -0.741652372
vn 0.571758992 -0.350775448 -0.741652372
vn 0.571758992 -0.276391724 -0.772463119
vn 0.571758992 -0.276391724 -0.772463119
vn 0.571758992 -0.199346196 -0.795834624
vn 0.571758992 -0.199346196 -0.795834624
vn 0.571758992 -0.120380855 -0.811541807
vn 0.571758992 -0.120380855 -0.811541807
vn 0.571758992 -0.040256181 -0.819433399
vn 0.571758992 -0.040256181 -0.819433399
vn 0.571758992 0.040256181 -0.819433399
vn 0.571758992 0.040256181 -0.819433399
vn 0.571758992 0.120380855 -0.811541807
vn 0.571758992 0.120380855 -0.811541807
vn 0.571758992 0.199346196 -0.795834624
vn 0.571758992 0.199346196 -0.795834624
vn 0.571758992 0.276391724 -0.772463119
vn 0.571758992 0.276391724 -0.772463119
vn 0.571758992 0.350775448 -0.741652372
vn 0.571758992 0.350775448 -0.741652372
vn 0.571758992 0.421781013 -0.703699107
vn 0.571758992 0.421781013 -0.703699107
vn 0.571758992 0.488724596 -0.658968834
vn 0.571758992 0.488724596 -0.658968834
vn 0.571758992 0.550961494 -0.607892332
vn 0.571758992 0.550961494 -0.607892332
vn 0.571758992 0.607892332 -0.550961494
vn 0.571758992 0.607892332 -0.550961494
vn 0.571758992 0.658968834 -0.488724596
vn 0.571758992 0.658968834 -0.488724596
vn 0.571758992 0.703699107 -0.421781013
vn 0.571758992 0.703699107 -0.421781013
vn 0.571758992 0.741652372 -0.350775448
vn 0.571758992 0.741652372 -0.350775448
vn 0.571758992 0.772463119 -0.276391724
vn 0.571758992 0.772463119 -0.276391724
vn 0.571758992 0.795834624 -0.199346196
vn 0.571758992 0.795834624 -0.199346196
vn 0.571758992 0.811541807 -0.120380855
vn 0.571758992 0.811541807 -0.120380855
vn 0.571758992 0.819433399 -0.040256181
vn 0.571758992 0.819433399 -0.040256181
vn 0.626166254 0.778750397 0.038257554
vn 0.626166254 0.778750397 0.038257554
vn 0.626166254 0.771250605 0.114404220
vn 0.626166254 0.771250605 0.114404220
vn 0.626166254 0.756323248 0.189449111
vn 0.626166254 0.756323248 0.189449111
vn 0.626166254 0.734112085 0.262669504
vn 0.626166254 0.734112085 0.262669504
vn 0.626166254 0.704831021 0.333360246
vn 0.626166254 0.704831021 0.333360246
vn 0.626166254 0.668762049 0.400840546
vn 0.626166254 0.668762049 0.400840546
vn 0.626166254 0.626252533 0.464460533
vn 0.626166254 0.626252533 0.464460533
vn 0.626166254 0.577711863 0.523607511
vn 0.626166254 0.577711863 0.523607511
vn 0.626166254 0.523607511 0.577711863
vn 0.626166254 0.523607511 0.577711863
vn 0.626166254 0.464460533 0.626252533
vn 0.626166254 0.464460533 0.626252533
vn 0.626166254 0.400840546 0.668762049
vn 0.626166254 0.400840546 0.668762049
vn 0.626166254 0.333360246 0.704831021
vn 0.626166254 0.333360246 0.704831021
vn 0.626166254 0.262669504 0.734112085
vn 0.626166254 0.262669504 0.734112085
vn 0.626166254 0.189449111 0.756323248
vn 0.626166254 0.189449111 0.756323248
vn 0.626166254 0.114404220 0.771250605
vn 0.626166254 0.114404220 0.771250605
vn 0.626166254 0.038257554 0.778750397
vn 0.626166254 0.038257554 0.778750397
vn 0.626166254 -0.038257554 0.778750397
vn 0.626166254 -0.038257554 0.778750397
vn 0.626166254 -0.114404220 0.771250605
vn 0.626166254 -0.114404220 0.771250605
vn 0.626166254 -0.189449111 0.756323248
vn 0.626166254 -0.189449111 0.756323248
vn 0.626166254 -0.262669504 0.734112085
vn 0.626166254 -0.262669504 0.734112085
vn 0.626166254 -0.333360246 0.704831021
vn 0.626166254 -0.333360246 0.704831021
vn 0.626166254 -0.400840546 0.668762049
vn 0.626166254 -0.400840546 0.668762049
vn 0.626166254 -0.464460533 0.626252533
vn 0.626166254 -0.464460533 0.626252533
vn 0.626166254 -0.523607511 0.577711863
vn 0.626166254 -0.523607511 0.577711863
vn 0.626166254 -0.577711863 0.523607511
vn 0.626166254 -0.577711863 0.523607511
vn 0.626166254 -0.626252533 0.464460533
vn 0.626166254 -0.626252533 0.464460533
vn 0.626166254 -0.668762049 0.400840546
vn 0.626166254 -0.668762049 0.400840546
vn 0.626166254 -0.704831021 0.333360246
vn 0.626166254 -0.704831021 0.333360246
vn 0.626166254 -0.734112085 0.262669504
vn 0.626166254 -0.734112085 0.262669504
vn 0.626166254 -0.756323248 0.189449111
vn 0.626166254 -0.756323248 0.189449111
vn 0.626166254 -0.771250605 0.114404220
vn 0.626166254 -0.771250605 0.114404220
vn 0.626166254 -0.778750397 0.038257554
vn 0.626166254 -0.778750397 0.038257554
vn 0.626166254 -0.778750397 -0.038257554
vn 0.626166254 -0.778750397 -0.038257554
vn 0.626166254 -0.771250605 -0.114404220
vn 0.626166254 -0.771250605 -0.114404220
vn 0.626166254 -0.756323248 -0.189449111
vn 0.626166254 -0.756323248 -0.189449111
vn 0.626166254 -0.734112085 -0.262669504
vn 0.626166254 -0.734112085 -0.262669504
vn 0.626166254 -0.704831021 -0.333360246
vn 0.626166254 -0.704831021 -0.333360246
vn 0.626166254 -0.668762049 -0.400840546
vn 0.626166254 -0.668762049 -0.400840546
vn 0.626166254 -0.626252533 -0.464460533
vn 0.626166254 -0.626252533 -0.464460533
vn 0.626166254 -0.577711863 -0.523607511
vn 0.626166254 -0.577711863 -0.523607511
vn 0.626166254 -0.523607511 -0.577711863
vn 0.626166254 -0.523607511 -0.577711863
vn 0.626166254 -0.464460533 -0.626252533
vn 0.626166254 -0.464460533 -0.626252533
vn 0.626166254 -0.400840546 -0.668762049
vn 0.626166254 -0.400840546 -0.668762049
vn 0.626166254 -0.333360246 -0.704831021
vn 0.626166254 -0.333360246 -0.704831021
vn 0.626166254 -0.262669504 -0.734112085
vn 0.626166254 -0.262669504 -0.734112085
vn 0.626166254 -0.189449111 -0.756323248
vn 0.626166254 -0.189449111 -0.756323248
vn 0.626166254 -0.114404220 -0.771250605
vn 0.626166254 -0.114404220 -0.771250605
vn 0.626166254 -0.038257554 -0.778750397
vn 0.626166254 -0.038257554 -0.778750397
vn 0.626166254 0.038257554 -0.778750397
vn 0.626166254 0.038257554 -0.778750397
vn 0.626166254 0.114404220 -0.771250605
vn 0.626166254 0.114404220 -0.771250605
vn 0.626166254 0.189449111 -0.756323248
vn 0.626166254 0.189449111 -0.756323248
vn 0.626166254 0.262669504 -0.734112085
vn 0.626166254 0.262669504 -0.734112085
vn 0.626166254 0.333360246 -0.704831021
vn 0.626166254 0.333360246 -0.704831021
vn 0.626166254 0.400840546 -0.668762049
vn 0.626166254 0.400840546 -0.668762049
vn 0.626166254 0.464460533 -0.626252533
vn 0.626166254 0.464460533 -0.626252533
vn 0.626166254 0.523607511 -0.577711863
vn 0.626166254 0.523607511 -0.577711863
vn 0.626166254 0.577711863 -0.523607511
vn 0.626166254 0.577711863 -0.523607511
vn 0.626166254 0.626252533 -0.464460533
vn 0.626166254 0.626252533 -0.464460533
vn 0.626166254 0.668762049 -0.400840546
vn 0.626166254 0.668762049 -0.400840546
vn 0.626166254 0.704831021 -0.333360246
vn 0.626166254 0.704831021 -0.333360246
vn 0.626166254 0.734112085 -0.262669504
vn 0.626166254 0.734112085 -0.262669504
vn 0.626166254 0.756323248 -0.189449111
vn 0.626166254 0.756323248 -0.189449111
vn 0.626166254 0.771250605 -0.114404220
vn 0.626166254 0.771250605 -0.114404220
vn 0.626166254 0.778750397 -0.038257554
vn 0.626166254 0.778750397 -0.038257554
vn 0.682698561 0.729819966 0.035853756
vn 0.682698561 0.729819966 0.035853756
vn 0.682698561 0.722791401 0.107215976
vn 0.682698561 0.722791401 0.107215976
vn 0.682698561 0.708801960 0.177545648
vn 0.682698561 0.708801960 0.177545648
vn 0.682698561 0.687986368 0.246165459
vn 0.682698561 0.687986368 0.246165459
vn 0.682698561 0.660545091 0.312414561
vn 0.682698561 0.660545091 0.312414561
vn 0.682698561 0.626742404 0.375654940
vn 0.682698561 0.626742404 0.375654940
vn 0.682698561 0.586903845 0.435277557
vn 0.682698561 0.586903845 0.435277557
vn 0.682698561 0.541413081 0.490708213
vn 0.682698561 0.541413081 0.490708213
vn 0.682698561 0.490708213 0.541413081
vn 0.682698561 0.490708213 0.541413081
vn 0.682698561 0.435277557 0.586903845
vn 0.682698561 0.435277557 0.586903845
vn 0.682698561 0.375654940 0.626742404
vn 0.682698561 0.375654940 0.626742404
vn 0.682698561 0.312414561 0.660545091
vn 0.682698561 0.312414561 0.660545091
vn 0.682698561 0.246165459 0.687986368
vn 0.682698561 0.246165459 0.687986368
vn 0.682698561 0.177545648 0.708801960
vn 0.682698561 0.177545648 0.708801960
vn 0.682698561 0.107215976 0.722791401
vn 0.682698561 0.107215976 0.722791401
vn 0.682698561 0.035853756 0.729819966
vn 0.682698561 0.035853756 0.729819966
vn 0.682698561 -0.035853756 0.729819966
vn 0.682698561 -0.035853756 0.729819966
vn 0.682698561 -0.107215976 0.722791401
vn 0.682698561 -0.107215976 0.722791401
vn 0.682698561 -0.177545648 0.708801960
vn 0.682698561 -0.177545648 0.708801960
vn 0.682698561 -0.246165459 0.687986368
vn 0.682698561 -0.246165459 0.687986368
vn 0.682698561 -0.312414561 0.660545091
vn 0.682698561 -0.312414561 0.660545091
vn 0.682698561 -0.375654940 0.626742404
vn 0.682698561 -0.375654940 0.626742404
vn 0.682698561 -0.435277557 0.586903845
vn 0.682698561 -0.435277557 0.586903845
vn 0.682698561 -0.490708213 0.541413081
vn 0.682698561 -0.490708213 0.541413081
vn 0.682698561 -0.541413081 0.490708213
vn 0.682698561 -0.541413081 0.490708213
vn 0.682698561 -0.586903845 0.435277557
vn 0.682698561 -0.586903845 0.435277557
vn 0.682698561 -0.626742404 0.375654940
vn 0.682698561 -0.626742404 0.375654940
vn 0.682698561 -0.660545091 0.312414561
vn 0.682698561 -0.660545091 0.312414561
vn 0.682698561 -0.687986368 0.246165459
vn 0.682698561 -0.687986368 0.246165459
vn 0.682698561 -0.708801960 0.177545648
vn 0.682698561 -0.708801960 0.177545648
vn 0.682698561 -0.722791401 0.107215976
vn 0.682698561 -0.722791401 0.107215976
vn 0.682698561 -0.729819966 0.035853756
vn 0.682698561 -0.729819966 0.035853756
vn 0.682698561 -0.729819966 -0.035853756
vn 0.682698561 -0.729819966 -0.035853756
vn 0.682698561 -0.722791401 -0.107215976
vn 0.682698561 -0.722791401 -0.107215976
vn 0.682698561 -0.708801960 -0.177545648
vn 0.682698561 -0.708801960 -0.177545648
vn 0.682698561 -0.687986368 -0.246165459
vn 0.682698561 -0.687986368 -0.246165459
vn 0.682698561 -0.660545091 -0.312414561
vn 0.682698561 -0.660545091 -0.312414561
vn 0.682698561 -0.626742404 -0.375654940
vn 0.682698561 -0.626742404 -0.375654940
vn 0.682698561 -0.586903845 -0.435277557
vn 0.682698561 -0.586903845 -0.435277557
vn 0.682698561 -0.541413081 -0.490708213
vn 0.682698561 -0.541413081 -0.490708213
vn 0.682698561 -0.490708213 -0.541413081
vn 0.682698561 -0.490708213 -0.541413081
vn 0.682698561 -0.435277557 -0.586903845
vn 0.682698561 -0.435277557 -0.586903845
vn 0.682698561 -0.375654940 -0.626742404
vn 0.682698561 -0.375654940 -0.626742404
vn 0.682698561 -0.312414561 -0.660545091
vn 0.682698561 -0.312414561 -0.660545091
vn 0.682698561 -0.246165459 -0.687986368
vn 0.682698561 -0.246165459 -0.687986368
vn 0.682698561 -0.177545648 -0.708801960
vn 0.682698561 -0.177545648 -0.708801960
vn 0.682698561 -0.107215976 -0.722791401
vn 0.682698561 -0.107215976 -0.722791401
vn 0.682698561 -0.035853756 -0.729819966
vn 0.682698561 -0.035853756 -0.729819966
vn 0.682698561 0.035853756 -0.729819966
vn 0.682698561 0.035853756 -0.729819966
vn 0.682698561 0.107215976 -0.722791401
vn 0.682698561 0.107215976 -0.722791401
vn 0.682698561 0.177545648 -0.708801960
vn 0.682698561 0.177545648 -0.708801960
vn 0.682698561 0.246165459 -0.687986368
vn 0.682698561 0.246165459 -0.687986368
vn 0.682698561 0.312414561 -0.660545091
vn 0.682698561 0.312414561 -0.660545091
vn 0.682698561 0.375654940 -0.626742404
vn 0.682698561 0.375654940 -0.626742404
vn 0.682698561 0.435277557 -0.586903845
vn 0.682698561 0.435277557 -0.586903845
vn 0.682698561 0.490708213 -0.541413081
vn 0.682698561 0.490708213 -0.541413081
vn 0.682698561 0.541413081 -0.490708213
vn 0.682698561 0.541413081 -0.490708213
vn 0.682698561 0.586903845 -0.435277557
vn 0.682698561 0.586903845 -0.435277557
vn 0.682698561 0.626742404 -0.375654940
vn 0.682698561 0.626742404 -0.375654940
vn 0.682698561 0.660545091 -0.312414561
vn 0.682698561 0.660545091 -0.312414561
vn 0.682698561 0.687986368 -0.246165459
vn 0.682698561 0.687986368 -0.246165459
vn 0.682698561 0.708801960 -0.177545648
vn 0.682698561 0.708801960 -0.177545648
vn 0.682698561 0.722791401 -0.107215976
vn 0.682698561 0.722791401 -0.107215976
vn 0.682698561 0.729819966 -0.035853756
vn 0.682698561 0.729819966 -0.035853756
vn 0.740606866 0.671129211 0.032970464
vn 0.740606866 0.671129211 0.032970464
vn 0.740606866 0.664665870 0.098593868
vn 0.740606866 0.664665870 0.098593868
vn 0.740606866 0.651801433 0.163267760
vn 0.740606866 0.651801433 0.163267760
vn 0.740606866 0.632659792 0.226369293
vn 0.740606866 0.632659792 0.226369293
vn 0.740606866 0.607425291 0.287290767
vn 0.740606866 0.607425291 0.287290767
vn 0.740606866 0.576340953 0.345445473
vn 0.740606866 0.576340953 0.345445473
vn 0.740606866 0.539706137 0.400273351
vn 0.740606866 0.539706137 0.400273351
vn 0.740606866 0.497873655 0.451246378
vn 0.740606866 0.497873655 0.451246378
vn 0.740606866 0.451246378 0.497873655
vn 0.740606866 0.451246378 0.497873655
vn 0.740606866 0.400273351 0.539706137
vn 0.740606866 0.400273351 0.539706137
vn 0.740606866 0.345445473 0.576340953
vn 0.740606866 0.345445473 0.576340953
vn 0.740606866 0.287290767 0.607425291
vn 0.740606866 0.287290767 0.607425291
vn 0.740606866 0.226369293 0.632659792
vn 0.740606866 0.226369293 0.632659792
vn 0.740606866 0.163267760 0.651801433
vn 0.740606866 0.163267760 0.651801433
vn 0.740606866 0.098593868 0.664665870
vn 0.740606866 0.098593868 0.664665870
vn 0.740606866 0.032970464 0.671129211
vn 0.740606866 0.032970464 0.671129211
vn 0.740606866 -0.032970464 0.671129211
vn 0.740606866 -0.032970464 0.671129211
vn 0.740606866 -0.098593868 0.664665870
vn 0.740606866 -0.098593868 0.664665870
vn 0.740606866 -0.163267760 0.651801433
vn 0.740606866 -0.163267760 0.651801433
vn 0.740606866 -0.226369293 0.632659792
vn 0.740606866 -0.226369293 0.632659792
vn 0.740606866 -0.287290767 0.607425291
vn 0.740606866 -0.287290767 0.607425291
vn 0.740606866 -0.345445473 0.576340953
vn 0.740606866 -0.345445473 0.576340953
vn 0.740606866 -0.400273351 0.539706137
vn 0.740606866 -0.400273351 0.539706137
vn 0.740606866 -0.451246378 0.497873655
vn 0.740606866 -0.451246378 0.497873655
vn 0.740606866 -0.497873655 0.451246378
vn 0.740606866 -0.497873655 0.451246378
vn 0.740606866 -0.539706137 0.400273351
vn 0.740606866 -0.539706137 0.400273351
vn 0.740606866 -0.576340953 0.345445473
vn 0.740606866 -0.576340953 0.345445473
vn 0.740606866 -0.607425291 0.287290767
vn 0.740606866 -0.607425291 0.287290767
vn 0.740606866 -0.632659792 0.226369293
vn 0.740606866 -0.632659792 0.226369293
vn 0.740606866 -0.651801433 0.163267760
vn 0.740606866 -0.651801433 0.163267760
vn 0.740606866 -0.664665870 0.098593868
vn 0.740606866 -0.664665870 0.098593868
vn 0.740606866 -0.671129211 0.032970464
vn 0.740606866 -0.671129211 0.032970464
vn 0.740606866 -0.671129211 -0.032970464
vn 0.740606866 -0.671129211 -0.032970464
vn 0.740606866 -0.664665870 -0.098593868
vn 0.740606866 -0.664665870 -0.098593868
vn 0.740606866 -0.651801433 -0.163267760
vn 0.740606866 -0.651801433 -0.163267760
vn 0.740606866 -0.632659792 -0.226369293
vn 0.740606866 -0.632659792 -0.226369293
vn 0.740606866 -0.607425291 -0.287290767
vn 0.740606866 -0.607425291 -0.287290767
vn 0.740606866 -0.576340953 -0.345445473
vn 0.740606866 -0.576340953 -0.345445473
vn 0.740606866 -0.539706137 -0.400273351
vn 0.740606866 -0.539706137 -0.400273351
vn 0.740606866 -0.497873655 -0.451246378
vn 0.740606866 -0.497873655 -0.451246378
vn 0.740606866 -0.451246378 -0.497873655
vn 0.740606866 -0.451246378 -0.497873655
vn 0.740606866 -0.400273351 -0.539706137
vn 0.740606866 -0.400273351 -0.539706137
vn 0.740606866 -0.345445473 -0.576340953
vn 0.740606866 -0.345445473 -0.576340953
vn 0.740606866 -0.287290767 -0.607425291
vn 0.740606866 -0.287290767 -0.607425291
vn 0.740606866 -0.226369293 -0.632659792
vn 0.740606866 -0.226369293 -0.632659792
vn 0.740606866 -0.163267760 -0.651801433
vn 0.740606866 -0.163267760 -0.651801433
vn 0.740606866 -0.098593868 -0.664665870
vn 0.740606866 -0.098593868 -0.664665870
vn 0.740606866 -0.032970464 -0.671129211
vn 0.740606866 -0.032970464 -0.671129211
vn 0.740606866 0.032970464 -0.671129211
vn 0.740606866 0.032970464 -0.671129211
vn 0.740606866 0.098593868 -0.664665870
vn 0.740606866 0.098593868 -0.664665870
vn 0.740606866 0.163267760 -0.651801433
vn 0.740606866 0.163267760 -0.651801433
vn 0.740606866 0.226369293 -0.632659792
vn 0.740606866 0.226369293 -0.632659792
vn 0.740606866 0.287290767 -0.607425291
vn 0.740606866 0.287290767 -0.607425291
vn 0.740606866 0.345445473 -0.576340953
vn 0.740606866 0.345445473 -0.576340953
vn 0.740606866 0.400273351 -0.539706137
vn 0.740606866 0.400273351 -0.539706137
vn 0.740606866 0.451246378 -0.497873655
vn 0.740606866 0.451246378 -0.497873655
vn 0.740606866 0.497873655 -0.451246378
vn 0.740606866 0.497873655 -0.451246378
vn 0.740606866 0.539706137 -0.400273351
vn 0.740606866 0.539706137 -0.400273351
vn 0.740606866 0.576340953 -0.345445473
vn 0.740606866 0.576340953 -0.345445473
vn 0.740606866 0.607425291 -0.287290767
vn 0.740606866 0.607425291 -0.287290767
vn 0.740606866 0.632659792 -0.226369293
vn 0.740606866 0.632659792 -0.226369293
vn 0.740606866 0.651801433 -0.163267760
vn 0.740606866 0.651801433 -0.163267760
vn 0.740606866 0.664665870 -0.098593868
vn 0.740606866 0.664665870 -0.098593868
vn 0.740606866 0.671129211 -0.032970464
vn 0.740606866 0.671129211 -0.032970464
vn 0.798596950 0.601141217 0.029532174
vn 0.798596950 0.601141217 0.029532174
vn 0.798596950 0.595351898 0.088312112
vn 0.798596950 0.595351898 0.088312112
vn 0.798596950 0.583829016 0.146241555
vn 0.798596950 0.583829016 0.146241555
vn 0.798596950 0.566683540 0.202762613
vn 0.798596950 0.566683540 0.202762613
vn 0.798596950 0.544080593 0.257330956
vn 0.798596950 0.544080593 0.257330956
vn 0.798596950 0.516237851 0.309421060
vn 0.798596950 0.516237851 0.309421060
vn 0.798596950 0.483423458 0.358531271
vn 0.798596950 0.483423458 0.358531271
vn 0.798596950 0.445953432 0.404188630
vn 0.798596950 0.445953432 0.404188630
vn 0.798596950 0.404188630 0.445953432
vn 0.798596950 0.404188630 0.445953432
vn 0.798596950 0.358531271 0.483423458
vn 0.798596950 0.358531271 0.483423458
vn 0.798596950 0.309421060 0.516237851
vn 0.798596950 0.309421060 0.516237851
vn 0.798596950 0.257330956 0.544080593
vn 0.798596950 0.257330956 0.544080593
vn 0.798596950 0.202762613 0.566683540
vn 0.798596950 0.202762613 0.566683540
vn 0.798596950 0.146241555 0.583829016
vn 0.798596950 0.146241555 0.583829016
vn 0.798596950 0.088312112 0.595351898
vn 0.798596950 0.088312112 0.595351898
vn 0.798596950 0.029532174 0.601141217
vn 0.798596950 0.029532174 0.601141217
vn 0.798596950 -0.029532174 0.601141217
vn 0.798596950 -0.029532174 0.601141217
vn 0.798596950 -0.088312112 0.595351898
vn 0.798596950 -0.088312112 0.595351898
vn 0.798596950 -0.146241555 0.583829016
vn 0.798596950 -0.146241555 0.583829016
vn 0.798596950 -0.202762613 0.566683540
vn 0.798596950 -0.202762613 0.566683540
vn 0.798596950 -0.257330956 0.544080593
vn 0.798596950 -0.257330956 0.544080593
vn 0.798596950 -0.309421060 0.516237851
vn 0.798596950 -0.309421060 0.516237851
vn 0.798596950 -0.358531271 0.483423458
vn 0.798596950 -0.358531271 0.483423458
vn 0.798596950 -0.404188630 0.445953432
vn 0.798596950 -0.404188630 0.445953432
vn 0.798596950 -0.445953432 0.404188630
vn 0.798596950 -0.445953432 0.404188630
vn 0.798596950 -0.483423458 0.358531271
vn 0.798596950 -0.483423458 0.358531271
vn 0.798596950 -0.516237851 0.309421060
vn 0.798596950 -0.516237851 0.309421060
vn 0.798596950 -0.544080593 0.257330956
vn 0.798596950 -0.544080593 0.257330956
vn 0.798596950 -0.566683540 0.202762613
vn 0.798596950 -0.566683540 0.202762613
vn 0.798596950 -0.583829016 0.146241555
vn 0.798596950 -0.583829016 0.146241555
vn 0.798596950 -0.595351898 0.088312112
vn 0.798596950 -0.595351898 0.088312112
vn 0.798596950 -0.601141217 0.029532174
vn 0.798596950 -0.601141217 0.029532174
vn 0.798596950 -0.601141217 -0.029532174
vn 0.798596950 -0.601141217 -0.029532174
vn 0.798596950 -0.595351898 -0.088312112
vn 0.798596950 -0.595351898 -0.088312112
vn 0.798596950 -0.583829016 -0.146241555
vn 0.798596950 -0.583829016 -0.146241555
vn 0.798596950 -0.566683540 -0.202762613
vn 0.798596950 -0.566683540 -0.202762613
vn 0.798596950 -0.544080593 -0.257330956
vn 0.798596950 -0.544080593 -0.257330956
vn 0.798596950 -0.516237851 -0.309421060
vn 0.798596950 -0.516237851 -0.309421060
vn 0.798596950 -0.483423458 -0.358531271
vn 0.798596950 -0.483423458 -0.358531271
vn 0.798596950 -0.445953432 -0.404188630
vn 0.798596950 -0.445953432 -0.404188630
vn 0.798596950 -0.404188630 -0.445953432
vn 0.798596950 -0.404188630 -0.445953432
vn 0.798596950 -0.358531271 -0.483423458
vn 0.798596950 -0.358531271 -0.483423458
vn 0.798596950 -0.309421060 -0.516237851
vn 0.798596950 -0.309421060 -0.516237851
vn 0.798596950 -0.257330956 -0.544080593
vn 0.798596950 -0.257330956 -0.544080593
vn 0.798596950 -0.202762613 -0.566683540
vn 0.798596950 -0.202762613 -0.566683540
vn 0.798596950 -0.146241555 -0.583829016
vn 0.798596950 -0.146241555 -0.583829016
vn 0.798596950 -0.088312112 -0.595351898
vn 0.798596950 -0.088312112 -0.595351898
vn 0.798596950 -0.029532174 -0.601141217
vn 0.798596950 -0.029532174 -0.601141217
vn 0.798596950 0.029532174 -0.601141217
vn 0.798596950 0.029532174 -0.601141217
vn 0.798596950 0.088312112 -0.595351898
vn 0.798596950 0.088312112 -0.595351898
vn 0.798596950 0.146241555 -0.583829016
vn 0.798596950 0.146241555 -0.583829016
vn 0.798596950 0.202762613 -0.566683540
vn 0.798596950 0.202762613 -0.566683540
vn 0.798596950 0.257330956 -0.544080593
vn 0.798596950 0.257330956 -0.544080593
vn 0.798596950 0.309421060 -0.516237851
vn 0.798596950 0.309421060 -0.516237851
vn 0.798596950 0.358531271 -0.483423458
vn 0.798596950 0.358531271 -0.483423458
vn 0.798596950 0.404188630 -0.445953432
vn 0.798596950 0.404188630 -0.445953432
vn 0.798596950 0.445953432 -0.404188630
vn 0.798596950 0.445953432 -0.404188630
vn 0.798596950 0.483423458 -0.358531271
vn 0.798596950 0.483423458 -0.358531271
vn 0.798596950 0.516237851 -0.309421060
vn 0.798596950 0.516237851 -0.309421060
vn 0.798596950 0.544080593 -0.257330956
vn 0.798596950 0.544080593 -0.257330956
vn 0.798596950 0.566683540 -0.202762613
vn 0.798596950 0.566683540 -0.202762613
vn 0.798596950 0.583829016 -0.146241555
vn 0.798596950 0.583829016 -0.146241555
vn 0.798596950 0.595351898 -0.088312112
vn 0.798596950 0.595351898 -0.088312112
vn 0.798596950 0.601141217 -0.029532174
vn 0.798596950 0.601141217 -0.029532174
vn 0.854680508 0.518528996 0.025473696
vn 0.854680508 0.518528996 0.025473696
vn 0.854680508 0.513535278 0.076175763
vn 0.854680508 0.513535278 0.076175763
vn 0.854680508 0.503595935 0.126144215
vn 0.854680508 0.503595935 0.126144215
vn 0.854680508 0.488806687 0.174897829
vn 0.854680508 0.488806687 0.174897829
vn 0.854680508 0.469309965 0.221967082
vn 0.854680508 0.469309965 0.221967082
vn 0.854680508 0.445293530 0.266898671
vn 0.854680508 0.445293530 0.266898671
vn 0.854680508 0.416988676 0.309259879
vn 0.854680508 0.416988676 0.309259879
vn 0.854680508 0.384667992 0.348642746
vn 0.854680508 0.384667992 0.348642746
vn 0.854680508 0.348642746 0.384667992
vn 0.854680508 0.348642746 0.384667992
vn 0.854680508 0.309259879 0.416988676
vn 0.854680508 0.309259879 0.416988676
vn 0.854680508 0.266898671 0.445293530
vn 0.854680508 0.266898671 0.445293530
vn 0.854680508 0.221967082 0.469309965
vn 0.854680508 0.221967082 0.469309965
vn 0.854680508 0.174897829 0.488806687
vn 0.854680508 0.174897829 0.488806687
vn 0.854680508 0.126144215 0.503595935
vn 0.854680508 0.126144215 0.503595935
vn 0.854680508 0.076175763 0.513535278
vn 0.854680508 0.076175763 0.513535278
vn 0.854680508 0.025473696 0.518528996
vn 0.854680508 0.025473696 0.518528996
vn 0.854680508 -0.025473696 0.518528996
vn 0.854680508 -0.025473696 0.518528996
vn 0.854680508 -0.076175763 0.513535278
vn 0.854680508 -0.076175763 0.513535278
vn 0.854680508 -0.126144215 0.503595935
vn 0.854680508 -0.126144215 0.503595935
vn 0.854680508 -0.174897829 0.488806687
vn 0.854680508 -0.174897829 0.488806687
vn 0.854680508 -0.221967082 0.469309965
vn 0.854680508 -0.221967082 0.469309965
vn 0.854680508 -0.266898671 0.445293530
vn 0.854680508 -0.266898671 0.445293530
vn 0.854680508 -0.309259879 0.416988676
vn 0.854680508 -0.309259879 0.416988676
vn 0.854680508 -0.348642746 0.384667992
vn 0.854680508 -0.348642746 0.384667992
vn 0.854680508 -0.384667992 0.348642746
vn 0.854680508 -0.384667992 0.348642746
vn 0.854680508 -0.416988676 0.309259879
vn 0.854680508 -0.416988676 0.309259879
vn 0.854680508 -0.445293530 0.266898671
vn 0.854680508 -0.445293530 0.266898671
vn 0.854680508 -0.469309965 0.221967082
vn 0.854680508 -0.469309965 0.221967082
vn 0.854680508 -0.488806687 0.174897829
vn 0.854680508 -0.488806687 0.174897829
vn 0.854680508 -0.503595935 0.126144215
vn 0.854680508 -0.503595935 0.126144215
vn 0.854680508 -0.513535278 0.076175763
vn 0.854680508 -0.513535278 0.076175763
vn 0.854680508 -0.518528996 0.025473696
vn 0.854680508 -0.518528996 0.025473696
vn 0.854680508 -0.518528996 -0.025473696
vn 0.854680508 -0.518528996 -0.025473696
vn 0.854680508 -0.513535278 -0.076175763
vn 0.854680508 -0.513535278 -0.076175763
vn 0.854680508 -0.503595935 -0.126144215
vn 0.854680508 -0.503595935 -0.126144215
vn 0.854680508 -0.488806687 -0.174897829
vn 0.854680508 -0.488806687 -0.174897829
vn 0.854680508 -0.469309965 -0.221967082
vn 0.854680508 -0.469309965 -0.221967082
vn 0.854680508 -0.445293530 -0.266898671
vn 0.854680508 -0.445293530 -0.266898671
vn 0.854680508 -0.416988676 -0.309259879
vn 0.854680508 -0.416988676 -0.309259879
vn 0.854680508 -0.384667992 -0.348642746
vn 0.854680508 -0.384667992 -0.348642746
vn 0.854680508 -0.348642746 -0.384667992
vn 0.854680508 -0.348642746 -0.384667992
vn 0.854680508 -0.309259879 -0.416988676
vn 0.854680508 -0.309259879 -0.416988676
vn 0.854680508 -0.266898671 -0.445293530
vn 0.854680508 -0.266898671 -0.445293530
vn 0.854680508 -0.221967082 -0.469309965
vn 0.854680508 -0.221967082 -0.469309965
vn 0.854680508 -0.174897829 -0.488806687
vn 0.854680508 -0.174897829 -0.488806687
vn 0.854680508 -0.126144215 -0.503595935
vn 0.854680508 -0.126144215 -0.503595935
vn 0.854680508 -0.076175763 -0.513535278
vn 0.854680508 -0.076175763 -0.513535278
vn 0.854680508 -0.025473696 -0.518528996
vn 0.854680508 -0.025473696 -0.518528996
vn 0.854680508 0.025473696 -0.518528996
vn 0.854680508 0.025473696 -0.518528996
vn 0.854680508 0.076175763 -0.513535278
vn 0.854680508 0.076175763 -0.513535278
vn 0.854680508 0.126144215 -0.503595935
vn 0.854680508 0.126144215 -0.503595935
vn 0.854680508 0.174897829 -0.488806687
vn 0.854680508 0.174897829 -0.488806687
vn 0.854680508 0.221967082 -0.469309965
vn 0.854680508 0.221967082 -0.469309965
vn 0.854680508 0.266898671 -0.445293530
vn 0.854680508 0.266898671 -0.445293530
vn 0.854680508 0.309259879 -0.416988676
vn 0.854680508 0.309259879 -0.416988676
vn 0.854680508 0.348642746 -0.384667992
vn 0.854680508 0.348642746 -0.384667992
vn 0.854680508 0.384667992 -0.348642746
vn 0.854680508 0.384667992 -0.348642746
vn 0.854680508 0.416988676 -0.309259879
vn 0.854680508 0.416988676 -0.309259879
vn 0.854680508 0.445293530 -0.266898671
vn 0.854680508 0.445293530 -0.266898671
vn 0.854680508 0.469309965 -0.221967082
vn 0.854680508 0.469309965 -0.221967082
vn 0.854680508 0.488806687 -0.174897829
vn 0.854680508 0.488806687 -0.174897829
vn 0.854680508 0.503595935 -0.126144215
vn 0.854680508 0.503595935 -0.126144215
vn 0.854680508 0.513535278 -0.076175763
vn 0.854680508 0.513535278 -0.076175763
vn 0.854680508 0.518528996 -0.025473696
vn 0.854680508 0.518528996 -0.025473696
vn 0.906103148 0.422547244 0.020758415
vn 0.906103148 0.422547244 0.020758415
vn 0.906103148 0.418477883 0.062075330
vn 0.906103148 0.418477883 0.062075330
vn 0.906103148 0.410378351 0.102794426
vn 0.906103148 0.410378351 0.102794426
vn 0.906103148 0.398326652 0.142523555
vn 0.906103148 0.398326652 0.142523555
vn 0.906103148 0.382438849 0.180880104
vn 0.906103148 0.382438849 0.180880104
vn 0.906103148 0.362867951 0.217494680
vn 0.906103148 0.362867951 0.217494680
vn 0.906103148 0.339802436 0.252014662
vn 0.906103148 0.339802436 0.252014662
vn 0.906103148 0.313464438 0.284107606
vn 0.906103148 0.313464438 0.284107606
vn 0.906103148 0.284107606 0.313464438
vn 0.906103148 0.284107606 0.313464438
vn 0.906103148 0.252014662 0.339802436
vn 0.906103148 0.252014662 0.339802436
vn 0.906103148 0.217494680 0.362867951
vn 0.906103148 0.217494680 0.362867951
vn 0.906103148 0.180880104 0.382438849
vn 0.906103148 0.180880104 0.382438849
vn 0.906103148 0.142523555 0.398326652
vn 0.906103148 0.142523555 0.398326652
vn 0.906103148 0.102794426 0.410378351
vn 0.906103148 0.102794426 0.410378351
vn 0.906103148 0.062075330 0.418477883
vn 0.906103148 0.062075330 0.418477883
vn 0.906103148 0.020758415 0.422547244
vn 0.906103148 0.020758415 0.422547244
vn 0.906103148 -0.020758415 0.422547244
vn 0.906103148 -0.020758415 0.422547244
vn 0.906103148 -0.062075330 0.418477883
vn 0.906103148 -0.062075330 0.418477883
vn 0.906103148 -0.102794426 0.410378351
vn 0.906103148 -0.102794426 0.410378351
vn 0.906103148 -0.142523555 0.398326652
vn 0.906103148 -0.142523555 0.398326652
vn 0.906103148 -0.180880104 0.382438849
vn 0.906103148 -0.180880104 0.382438849
vn 0.906103148 -0.217494680 0.362867951
vn 0.906103148 -0.217494680 0.362867951
vn 0.906103148 -0.252014662 0.339802436
vn 0.906103148 -0.252014662 0.339802436
vn 0.906103148 -0.284107606 0.313464438
vn 0.906103148 -0.284107606 0.313464438
vn 0.906103148 -0.313464438 0.284107606
vn 0.906103148 -0.313464438 0.284107606
vn 0.906103148 -0.339802436 0.252014662
vn 0.906103148 -0.339802436 0.252014662
vn 0.906103148 -0.362867951 0.217494680
vn 0.906103148 -0.362867951 0.217494680
vn 0.906103148 -0.382438849 0.180880104
vn 0.906103148 -0.382438849 0.180880104
vn 0.906103148 -0.398326652 0.142523555
vn 0.906103148 -0.398326652 0.142523555
vn 0.906103148 -0.410378351 0.102794426
vn 0.906103148 -0.410378351 0.102794426
vn 0.906103148 -0.418477883 0.062075330
vn 0.906103148 -0.418477883 0.062075330
vn 0.906103148 -0.422547244 0.020758415
vn 0.906103148 -0.422547244 0.020758415
vn 0.906103148 -0.422547244 -0.020758415
vn 0.906103148 -0.422547244 -0.020758415
vn 0.906103148 -0.418477883 -0.062075330
vn 0.906103148 -0.418477883 -0.062075330
vn 0.906103148 -0.410378351 -0.102794426
vn 0.906103148 -0.410378351 -0.102794426
vn 0.906103148 -0.398326652 -0.142523555
vn 0.906103148 -0.398326652 -0.142523555
vn 0.906103148 -0.382438849 -0.180880104
vn 0.906103148 -0.382438849 -0.180880104
vn 0.906103148 -0.362867951 -0.217494680
vn 0.906103148 -0.362867951 -0.217494680
vn 0.906103148 -0.339802436 -0.252014662
vn 0.906103148 -0.339802436 -0.252014662
vn 0.906103148 -0.313464438 -0.284107606
vn 0.906103148 -0.313464438 -0.284107606
vn 0.906103148 -0.284107606 -0.313464438
vn 0.906103148 -0.284107606 -0.313464438
vn 0.906103148 -0.252014662 -0.339802436
vn 0.906103148 -0.252014662 -0.339802436
vn 0.906103148 -0.217494680 -0.362867951
vn 0.906103148 -0.217494680 -0.362867951
vn 0.906103148 -0.180880104 -0.382438849
vn 0.906103148 -0.180880104 -0.382438849
vn 0.906103148 -0.142523555 -0.398326652
vn 0.906103148 -0.142523555 -0.398326652
vn 0.906103148 -0.102794426 -0.410378351
vn 0.906103148 -0.102794426 -0.410378351
vn 0.906103148 -0.062075330 -0.418477883
vn 0.906103148 -0.062075330 -0.418477883
vn 0.906103148 -0.020758415 -0.422547244
vn 0.906103148 -0.020758415 -0.422547244
vn 0.906103148 0.020758415 -0.422547244
vn 0.906103148 0.020758415 -0.422547244
vn 0.906103148 0.062075330 -0.418477883
vn 0.906103148 0.062075330 -0.418477883
vn 0.906103148 0.102794426 -0.410378351
vn 0.906103148 0.102794426 -0.410378351
vn 0.906103148 0.142523555 -0.398326652
vn 0.906103148 0.142523555 -0.398326652
vn 0.906103148 0.180880104 -0.382438849
vn 0.906103148 0.180880104 -0.382438849
vn 0.906103148 0.217494680 -0.362867951
vn 0.906103148 0.217494680 -0.362867951
vn 0.906103148 0.252014662 -0.339802436
vn 0.906103148 0.252014662 -0.339802436
vn 0.906103148 0.284107606 -0.313464438
vn 0.906103148 0.284107606 -0.313464438
vn 0.906103148 0.313464438 -0.284107606
vn 0.906103148 0.313464438 -0.284107606
vn 0.906103148 0.339802436 -0.252014662
vn 0.906103148 0.339802436 -0.252014662
vn 0.906103148 0.362867951 -0.217494680
vn 0.906103148 0.362867951 -0.217494680
vn 0.906103148 0.382438849 -0.180880104
vn 0.906103148 0.382438849 -0.180880104
vn 0.906103148 0.398326652 -0.142523555
vn 0.906103148 0.398326652 -0.142523555
vn 0.906103148 0.410378351 -0.102794426
vn 0.906103148 0.410378351 -0.102794426
vn 0.906103148 0.418477883 -0.062075330
vn 0.906103148 0.418477883 -0.062075330
vn 0.906103148 0.422547244 -0.020758415
vn 0.906103148 0.422547244 -0.020758415
vn 0.949459104 0.313512665 0.015401890
vn 0.949459104 0.313512665 0.015401890
vn 0.949459104 0.310493367 0.046057340
vn 0.949459104 0.310493367 0.046057340
vn 0.949459104 0.304483848 0.076269233
vn 0.949459104 0.304483848 0.076269233
vn 0.949459104 0.295541982 0.105746612
vn 0.949459104 0.295541982 0.105746612
vn 0.949459104 0.283753886 0.134205593
vn 0.949459104 0.283753886 0.134205593
vn 0.949459104 0.269233085 0.161372101
vn 0.949459104 0.269233085 0.161372101
vn 0.949459104 0.252119423 0.186984508
vn 0.949459104 0.252119423 0.186984508
vn 0.949459104 0.232577712 0.210796151
vn 0.949459104 0.232577712 0.210796151
vn 0.949459104 0.210796151 0.232577712
vn 0.949459104 0.210796151 0.232577712
vn 0.949459104 0.186984508 0.252119423
vn 0.949459104 0.186984508 0.252119423
vn 0.949459104 0.161372101 0.269233085
vn 0.949459104 0.161372101 0.269233085
vn 0.949459104 0.134205593 0.283753886
vn 0.949459104 0.134205593 0.283753886
vn 0.949459104 0.105746612 0.295541982
vn 0.949459104 0.105746612 0.295541982
vn 0.949459104 0.076269233 0.304483848
vn 0.949459104 0.076269233 0.304483848
vn 0.949459104 0.046057340 0.310493367
vn 0.949459104 0.046057340 0.310493367
vn 0.949459104 0.015401890 0.313512665
vn 0.949459104 0.015401890 0.313512665
vn 0.949459104 -0.015401890 0.313512665
vn 0.949459104 -0.015401890 0.313512665
vn 0.949459104 -0.046057340 0.310493367
vn 0.949459104 -0.046057340 0.310493367
vn 0.949459104 -0.076269233 0.304483848
vn 0.949459104 -0.076269233 0.304483848
vn 0.949459104 -0.105746612 0.295541982
vn 0.949459104 -0.105746612 0.295541982
vn 0.949459104 -0.134205593 0.283753886
vn 0.949459104 -0.134205593 0.283753886
vn 0.949459104 -0.161372101 0.269233085
vn 0.949459104 -0.161372101 0.269233085
vn 0.949459104 -0.186984508 0.252119423
vn 0.949459104 -0.186984508 0.252119423
vn 0.949459104 -0.210796151 0.232577712
vn 0.949459104 -0.210796151 0.232577712
vn 0.949459104 -0.232577712 0.210796151
vn 0.949459104 -0.232577712 0.210796151
vn 0.949459104 -0.252119423 0.186984508
vn 0.949459104 -0.252119423 0.186984508
vn 0.949459104 -0.269233085 0.161372101
vn 0.949459104 -0.269233085 0.161372101
vn 0.949459104 -0.283753886 0.134205593
vn 0.949459104 -0.283753886 0.134205593
vn 0.949459104 -0.295541982 0.105746612
vn 0.949459104 -0.295541982 0.105746612
vn 0.949459104 -0.304483848 0.076269233
vn 0.949459104 -0.304483848 0.076269233
vn 0.949459104 -0.310493367 0.046057340
vn 0.949459104 -0.310493367 0.046057340
vn 0.949459104 -0.313512665 0.015401890
vn 0.949459104 -0.313512665 0.015401890
vn 0.949459104 -0.313512665 -0.015401890
vn 0.949459104 -0.313512665 -0.015401890
vn 0.949459104 -0.310493367 -0.046057340
vn 0.949459104 -0.310493367 -0.046057340
vn 0.949459104 -0.304483848 -0.076269233
vn 0.949459104 -0.304483848 -0.076269233
vn 0.949459104 -0.295541982 -0.105746612
vn 0.949459104 -0.295541982 -0.105746612
vn 0.949459104 -0.283753886 -0.134205593
vn 0.949459104 -0.283753886 -0.134205593
vn 0.949459104 -0.269233085 -0.161372101
vn 0.949459104 -0.269233085 -0.161372101
vn 0.949459104 -0.252119423 -0.186984508
vn 0.949459104 -0.252119423 -0.186984508
vn 0.949459104 -0.232577712 -0.210796151
vn 0.949459104 -0.232577712 -0.210796151
vn 0.949459104 -0.210796151 -0.232577712
vn 0.949459104 -0.210796151 -0.232577712
vn 0.949459104 -0.186984508 -0.252119423
vn 0.949459104 -0.186984508 -0.252119423
vn 0.949459104 -0.161372101 -0.269233085
vn 0.949459104 -0.161372101 -0.269233085
vn 0.949459104 -0.134205593 -0.283753886
vn 0.949459104 -0.134205593 -0.283753886
vn 0.949459104 -0.105746612 -0.295541982
vn 0.949459104 -0.105746612 -0.295541982
vn 0.949459104 -0.076269233 -0.304483848
vn 0.949459104 -0.076269233 -0.304483848
vn 0.949459104 -0.046057340 -0.310493367
vn 0.949459104 -0.046057340 -0.310493367
vn 0.949459104 -0.015401890 -0.313512665
vn 0.949459104 -0.015401890 -0.313512665
vn 0.949459104 0.015401890 -0.313512665
vn 0.949459104 0.015401890 -0.313512665
vn 0.949459104 0.046057340 -0.310493367
vn 0.949459104 0.046057340 -0.310493367
vn 0.949459104 0.076269233 -0.304483848
vn 0.949459104 0.076269233 -0.304483848
vn 0.949459104 0.105746612 -0.295541982
vn 0.949459104 0.105746612 -0.295541982
vn 0.949459104 0.134205593 -0.283753886
vn 0.949459104 0.134205593 -0.283753886
vn 0.949459104 0.161372101 -0.269233085
vn 0.949459104 0.161372101 -0.269233085
vn 0.949459104 0.186984508 -0.252119423
vn 0.949459104 0.186984508 -0.252119423
vn 0.949459104 0.210796151 -0.232577712
vn 0.949459104 0.210796151 -0.232577712
vn 0.949459104 0.232577712 -0.210796151
vn 0.949459104 0.232577712 -0.210796151
vn 0.949459104 0.252119423 -0.186984508
vn 0.949459104 0.252119423 -0.186984508
vn 0.949459104 0.269233085 -0.161372101
vn 0.949459104 0.269233085 -0.161372101
vn 0.949459104 0.283753886 -0.134205593
vn 0.949459104 0.283753886 -0.134205593
vn 0.949459104 0.295541982 -0.105746612
vn 0.949459104 0.295541982 -0.105746612
vn 0.949459104 0.304483848 -0.076269233
vn 0.949459104 0.304483848 -0.076269233
vn 0.949459104 0.310493367 -0.046057340
vn 0.949459104 0.310493367 -0.046057340
vn 0.949459104 0.313512665 -0.015401890
vn 0.949459104 0.313512665 -0.015401890
vn 0.981101612 0.193260149 0.009494262
vn 0.981101612 0.193260149 0.009494262
vn 0.981101612 0.191398948 0.028391352
vn 0.981101612 0.191398948 0.028391352
vn 0.981101612 0.187694471 0.047015017
vn 0.981101612 0.187694471 0.047015017
vn 0.981101612 0.182182393 0.065185903
vn 0.981101612 0.182182393 0.065185903
vn 0.981101612 0.174915799 0.082729012
vn 0.981101612 0.174915799 0.082729012
vn 0.981101612 0.165964671 0.099475396
vn 0.981101612 0.165964671 0.099475396
vn 0.981101612 0.155415212 0.115263777
vn 0.981101612 0.155415212 0.115263777
vn 0.981101612 0.143369019 0.129942105
vn 0.981101612 0.143369019 0.129942105
vn 0.981101612 0.129942105 0.143369019
vn 0.981101612 0.129942105 0.143369019
vn 0.981101612 0.115263777 0.155415212
vn 0.981101612 0.115263777 0.155415212
vn 0.981101612 0.099475396 0.165964671
vn 0.981101612 0.099475396 0.165964671
vn 0.981101612 0.082729012 0.174915799
vn 0.981101612 0.082729012 0.174915799
vn 0.981101612 0.065185903 0.182182393
vn 0.981101612 0.065185903 0.182182393
vn 0.981101612 0.047015017 0.187694471
vn 0.981101612 0.047015017 0.187694471
vn 0.981101612 0.028391352 0.191398948
vn 0.981101612 0.028391352 0.191398948
vn 0.981101612 0.009494262 0.193260149
vn 0.981101612 0.009494262 0.193260149
vn 0.981101612 -0.009494262 0.193260149
vn 0.981101612 -0.009494262 0.193260149
vn 0.981101612 -0.028391352 0.191398948
vn 0.981101612 -0.028391352 0.191398948
vn 0.981101612 -0.047015017 0.187694471
vn 0.981101612 -0.047015017 0.187694471
vn 0.981101612 -0.065185903 0.182182393
vn 0.981101612 -0.065185903 0.182182393
vn 0.981101612 -0.082729012 0.174915799
vn 0.981101612 -0.082729012 0.174915799
vn 0.981101612 -0.099475396 0.165964671
vn 0.981101612 -0.099475396 0.165964671
vn 0.981101612 -0.115263777 0.155415212
vn 0.981101612 -0.115263777 0.155415212
vn 0.981101612 -0.129942105 0.143369019
vn 0.981101612 -0.129942105 0.143369019
vn 0.981101612 -0.143369019 0.129942105
vn 0.981101612 -0.143369019 0.129942105
vn 0.981101612 -0.155415212 0.115263777
vn 0.981101612 -0.155415212 0.115263777
vn 0.981101612 -0.165964671 0.099475396
vn 0.981101612 -0.165964671 0.099475396
vn 0.981101612 -0.174915799 0.082729012
vn 0.981101612 -0.174915799 0.082729012
vn 0.981101612 -0.182182393 0.065185903
vn 0.981101612 -0.182182393 0.065185903
vn 0.981101612 -0.187694471 0.047015017
vn 0.981101612 -0.187694471 0.047015017
vn 0.981101612 -0.191398948 0.028391352
vn 0.981101612 -0.191398948 0.028391352
vn 0.981101612 -0.193260149 0.009494262
vn 0.981101612 -0.193260149 0.009494262
vn 0.981101612 -0.193260149 -0.009494262
vn 0.981101612 -0.193260149 -0.009494262
vn 0.981101612 -0.191398948 -0.028391352
vn 0.981101612 -0.191398948 -0.028391352
vn 0.981101612 -0.187694471 -0.047015017
vn 0.981101612 -0.187694471 -0.047015017
vn 0.981101612 -0.182182393 -0.065185903
vn 0.981101612 -0.182182393 -0.065185903
vn 0.981101612 -0.174915799 -0.082729012
vn 0.981101612 -0.174915799 -0.082729012
vn 0.981101612 -0.165964671 -0.099475396
vn 0.981101612 -0.165964671 -0.099475396
vn 0.981101612 -0.155415212 -0.115263777
vn 0.981101612 -0.155415212 -0.115263777
vn 0.981101612 -0.143369019 -0.129942105
vn 0.981101612 -0.143369019 -0.129942105
vn 0.981101612 -0.129942105 -0.143369019
vn 0.981101612 -0.129942105 -0.143369019
vn 0.981101612 -0.115263777 -0.155415212
vn 0.981101612 -0.115263777 -0.155415212
vn 0.981101612 -0.099475396 -0.165964671
vn 0.981101612 -0.099475396 -0.165964671
vn 0.981101612 -0.082729012 -0.174915799
vn 0.981101612 -0.082729012 -0.174915799
vn 0.981101612 -0.065185903 -0.182182393
vn 0.981101612 -0.065185903 -0.182182393
vn 0.981101612 -0.047015017 -0.187694471
vn 0.981101612 -0.047015017 -0.187694471
vn 0.981101612 -0.028391352 -0.191398948
vn 0.981101612 -0.028391352 -0.191398948
vn 0.981101612 -0.009494262 -0.193260149
vn 0.981101612 -0.009494262 -0.193260149
vn 0.981101612 0.009494262 -0.193260149
vn 0.981101612 0.009494262 -0.193260149
vn 0.981101612 0.028391352 -0.191398948
vn 0.981101612 0.028391352 -0.191398948
vn 0.981101612 0.047015017 -0.187694471
vn 0.981101612 0.047015017 -0.187694471
vn 0.981101612 0.065185903 -0.182182393
vn 0.981101612 0.065185903 -0.182182393
vn 0.981101612 0.082729012 -0.174915799
vn 0.981101612 0.082729012 -0.174915799
vn 0.981101612 0.099475396 -0.165964671
vn 0.981101612 0.099475396 -0.165964671
vn 0.981101612 0.115263777 -0.155415212
vn 0.981101612 0.115263777 -0.155415212
vn 0.981101612 0.129942105 -0.143369019
vn 0.981101612 0.129942105 -0.143369019
vn 0.981101612 0.143369019 -0.129942105
vn 0.981101612 0.143369019 -0.129942105
vn 0.981101612 0.155415212 -0.115263777
vn 0.981101612 0.155415212 -0.115263777
vn 0.981101612 0.165964671 -0.099475396
vn 0.981101612 0.165964671 -0.099475396
vn 0.981101612 0.174915799 -0.082729012
vn 0.981101612 0.174915799 -0.082729012
vn 0.981101612 0.182182393 -0.065185903
vn 0.981101612 0.182182393 -0.065185903
vn 0.981101612 0.187694471 -0.047015017
vn 0.981101612 0.187694471 -0.047015017
vn 0.981101612 0.191398948 -0.028391352
vn 0.981101612 0.191398948 -0.028391352
vn 0.981101612 0.193260149 -0.009494262
vn 0.981101612 0.193260149 -0.009494262
vn 0.997858355 0.065333000 0.003209604
vn 0.997858355 0.064703808 0.009597903
vn 0.997858355 0.063451482 0.015893769
vn 0.997858355 0.061588084 0.022036569
vn 0.997858355 0.059131559 0.027967145
vn 0.997858355 0.056105565 0.033628382
vn 0.997858355 0.052539244 0.038965759
vn 0.997858355 0.048466941 0.043927875
vn 0.997858355 0.043927875 0.048466941
vn 0.997858355 0.038965759 0.052539244
vn 0.997858355 0.033628382 0.056105565
vn 0.997858355 0.027967145 0.059131559
vn 0.997858355 0.022036569 0.061588084
vn 0.997858355 0.015893769 0.063451482
vn 0.997858355 0.009597903 0.064703808
vn 0.997858355 0.003209604 0.065333000
vn 0.997858355 -0.003209604 0.065333000
vn 0.997858355 -0.009597903 0.064703808
vn 0.997858355 -0.015893769 0.063451482
vn 0.997858355 -0.022036569 0.061588084
vn 0.997858355 -0.027967145 0.059131559
vn 0.997858355 -0.033628382 0.056105565
vn 0.997858355 -0.038965759 0.052539244
vn 0.997858355 -0.043927875 0.048466941
vn 0.997858355 -0.048466941 0.043927875
vn 0.997858355 -0.052539244 0.038965759
vn 0.997858355 -0.056105565 0.033628382
vn 0.997858355 -0.059131559 0.027967145
vn 0.997858355 -0.061588084 0.022036569
vn 0.997858355 -0.063451482 0.015893769
vn 0.997858355 -0.064703808 0.009597903
vn 0.997858355 -0.065333000 0.003209604
vn 0.997858355 -0.065333000 -0.003209604
vn 0.997858355 -0.064703808 -0.009597903
vn 0.997858355 -0.063451482 -0.015893769
vn 0.997858355 -0.061588084 -0.022036569
vn 0.997858355 -0.059131559 -0.027967145
vn 0.997858355 -0.056105565 -0.033628382
vn 0.997858355 -0.052539244 -0.038965759
vn 0.997858355 -0.048466941 -0.043927875
vn 0.997858355 -0.043927875 -0.048466941
vn 0.997858355 -0.038965759 -0.052539244
vn 0.997858355 -0.033628382 -0.056105565
vn 0.997858355 -0.027967145 -0.059131559
vn 0.997858355 -0.022036569 -0.061588084
vn 0.997858355 -0.015893769 -0.063451482
vn 0.997858355 -0.009597903 -0.064703808
vn 0.997858355 -0.003209604 -0.065333000
vn 0.997858355 0.003209604 -0.065333000
vn 0.997858355 0.009597903 -0.064703808
vn 0.997858355 0.015893769 -0.063451482
vn 0.997858355 0.022036569 -0.061588084
vn 0.997858355 0.027967145 -0.059131559
vn 0.997858355 0.033628382 -0.056105565
vn 0.997858355 0.038965759 -0.052539244
vn 0.997858355 0.043927875 -0.048466941
vn 0.997858355 0.048466941 -0.043927875
vn 0.997858355 0.052539244 -0.038965759
vn 0.997858355 0.056105565 -0.033628382
vn 0.997858355 0.059131559 -0.027967145
vn 0.997858355 0.061588084 -0.022036569
vn 0.997858355 0.063451482 -0.015893769
vn 0.997858355 0.064703808 -0.009597903
vn 0.997858355 0.065333000 -0.003209604
f 1//1 3//1 2//1
f 1//2 4//2 3//2
f 1//3 5//3 4//3
f 1//4 6//4 5//4
f 1//5 7//5 6//5
f 1//6 8//6 7//6
f 1//7 9//7 8//7
f 1//8 10//8 9//8
f 1//9 11//9 10//9
f 1//10 12//10 11//10
f 1//11 13//11 12//11
f 1//12 14//12 13//12
f 1//13 15//13 14//13
f 1//14 16//14 15//14
f 1//15 17//15 16//15
f 1//16 18//16 17//16
f 1//17 19//17 18//17
f 1//18 20//18 19//18
f 1//19 21//19 20//19
f 1//20 22//20 21//20
f 1//21 23//21 22//21
f 1//22 24//22 23//22
f 1//23 25//23 24//23
f 1//24 26//24 25//24
f 1//25 27//25 26//25
f 1//26 28//26 27//26
f 1//27 29//27 28//27
f 1//28 30//28 29//28
f 1//29 31//29 30//29
f 1//30 32//30 31//30
f 1//31 33//31 32//31
f 1//32 34//32 33//32
f 1//33 35//33 34//33
f 1//34 36//34 35//34
f 1//35 37//35 36//35
f 1//36 38//36 37//36
f 1//37 39//37 38//37
f 1//38 40//38 39//38
f 1//39 41//39 40//39
f 1//40 42//40 41//40
f 1//41 43//41 42//41
f 1//42 44//42 43//42
f 1//43 45//43 44//43
f 1//44 46//44 45//44
f 1//45 47//45 46//45
f 1//46 48//46 47//46
f 1//47 49//47 48//47
f 1//48 50//48 49//48
f 1//49 51//49 50//49
f 1//50 52//50 51//50
f 1//51 53//51 52//51
f 1//52 54//52 53//52
f 1//53 55//53 54//53
f 1//54 56//54 55//54
f 1//55 57//55 56//55
f 1//56 58//56 57//56
f 1//57 59//57 58//57
f 1//58 60//58 59//58
f 1//59 61//59 60//59
f 1//60 62//60 61//60
f 1//61 63//61 62//61
f 1//62 64//62 63//62
f 1//63 65//63 64//63
f 1//64 2//64 65//64
f 2//65 3//65 67//65
f 2//66 67//66 66//66
f 3//67 4//67 68//67
f 3//68 68//68 67//68
f 4//69 5//69 69//69
f 4//70 69//70 68//70
f 5//71 6//71 70//71
f 5//72 70//72 69//72
f 6//73 7//73 71//73
f 6//74 71//74 70//74
f 7//75 8//75 72//75
f 7//76 72//76 71//76
f 8//77 9//77 73//77
f 8//78 73//78 72//78
f 9//79 10//79 74//79
f 9//80 74//80 73//80
f 10//81 11//81 75//81
f 10//82 75//82 74//82
f 11//83 12//83 76//83
f 11//84 76//84 75//84
f 12//85 13//85 77//85
f 12//86 77//86 76//86
f 13//87 14//87 78//87
f 13//88 78//88 77//88
f 14//89 15//89 79//89
f 14//90 79//90 78//90
f 15//91 16//91 80//91
f 15//92 80//92 79//92
f 16//93 17//93 81//93
f 16//94 81//94 80//94
f 17//95 18//95 82//95
f 17//96 82//96 81//96
f 18//97 19//97 83//97
f 18//98 83//98 82//98
f 19//99 20//99 84//99
f 19//100 84//100 83//100
f 20//101 21//101 85//101
f 20//102 85//102 84//102
f 21//103 22//103 86//103
f 21//104 86//104 85//104
f 22//105 23//105 87//105
f 22//106 87//106 86//106
f 23//107 24//107 88//107
f 23//108 88//108 87//108
f 24//109 25//109 89//109
f 24//110 89//110 88//110
f 25//111 26//111 90//111
f 25//112 90//112 89//112
f 26//113 27//113 91//113
f 26//114 91//114 90//114
f 27//115 28//115 92//115
f 27//116 92//116 91//116
f 28//117 29//117 93//117
f 28//118 93//118 92//118
f 29//119 30//119 94//119
f 29//120 94//120 93//120
f 30//121 31//121 95//121
f 30//122 95//122 94//122
f 31//123 32//123 96//123
f 31//124 96//124 95//124
f 32//125 33//125 97//125
f 32//126 97//126 96//126
f 33//127 34//127 98//127
f 33//128 98//128 97//128
f 34//129 35//129 99//129
f 34//130 99//130 98//130
f 35//131 36//131 100//131
f 35//132 100//132 99//132
f 36//133 37//133 101//133
f 36//134 101//134 100//134
f 37//135 38//135 102//135
f 37//136 102//136 101//136
f 38//137 39//137 103//137
f 38//138 103//138 102//138
f 39//139 40//139 104//139
f 39//140 104//140 103//140
f 40//141 41//141 105//141
f 40//142 105//142 104//142
f 41//143 42//143 106//143
f 41//144 106//144 105//144
f 42//145 43//145 107//145
f 42//146 107//146 106//146
f 43//147 44//147 108//147
f 43//148 108//148 107//148
f 44//149 45//149 109//149
f 44//150 109//150 108//150
f 45//151 46//151 110//151
f 45//152 110//152 109//152
f 46//153 47//153 111//153
f 46//154 111//154 110//154
f 47//155 48//155 112//155
f 47//156 112//156 111//156
f 48//157 49//157 113//157
f 48//158 113//158 112//158
f 49//159 50//159 114//159
f 49//160 114//160 113//160
f 50//161 51//161 115//161
f 50//162 115//162 114//162
f 51//163 52//163 116//163
f 51//164 116//164 115//164
f 52//165 53//165 117//165
f 52//166 117//166 116//166
f 53//167 54//167 118//167
f 53//168 118//168 117//168
f 54//169 55//169 119//169
f 54//170 119//170 118//170
f 55//171 56//171 120//171
f 55//172 120//172 119//172
f 56//173 57//173 121//173
f 56//174 121//174 120//174
f 57//175 58//175 122//175
f 57//176 122//176 121//176
f 58//177 59//177 123//177
f 58//178 123//178 122//178
f 59//179 60//179 124//179
f 59//180 124//180 123//180
f 60//181 61//181 125//181
f 60//182 125//182 124//182
f 61//183 62//183 126//183
f 61//184 126//184 125//184
f 62//185 63//185 127//185
f 62//186 127//186 126//186
f 63//187 64//187 128//187
f 63//188 128//188 127//188
f 64//189 65//189 129//189
f 64//190 129//190 128//190
f 65//191 2//191 66//191
f 65//192 66//192 129//192
f 66//193 67//193 131//193
f 66//194 131//194 130//194
f 67//195 68//195 132//195
f 67//196 132//196 131//196
f 68//197 69//197 133//197
f 68//198 133//198 132//198
f 69//199 70//199 134//199
f 69//200 134//200 133//200
f 70//201 71//201 135//201
f 70//202 135//202 134//202
f 71//203 72//203 136//203
f 71//204 136//204 135//204
f 72//205 73//205 137//205
f 72//206 137//206 136//206
f 73//207 74//207 138//207
f 73//208 138//208 137//208
f 74//209 75//209 139//209
f 74//210 139//210 138//210
f 75//211 76//211 140//211
f 75//212 140//212 139//212
f 76//213 77//213 141//213
f 76//214 141//214 140//214
f 77//215 78//215 142//215
f 77//216 142//216 141//216
f 78//217 79//217 143//217
f 78//218 143//218 142//218
f 79//219 80//219 144//219
f 79//220 144//220 143//220
f 80//221 81//221 145//221
f 80//222 145//222 144//222
f 81//223 82//223 146//223
f 81//224 146//224 145//224
f 82//225 83//225 147//225
f 82//226 147//226 146//226
f 83//227 84//227 148//227
f 83//228 148//228 147//228
f 84//229 85//229 149//229
f 84//230 149//230 148//230
f 85//231 86//231 150//231
f 85//232 150//232 149//232
f 86//233 87//233 151//233
f 86//234 151//234 150//234
f 87//235 88//235 152//235
f 87//236 152//236 151//236
f 88//237 89//237 153//237
f 88//238 153//238 152//238
f 89//239 90//239 154//239
f 89//240 154//240 153//240
f 90//241 91//241 155//241
f 90//242 155//242 154//242
f 91//243 92//243 156//243
f 91//244 156//244 155//244
f 92//245 93//245 157//245
f 92//246 157//246 156//246
f 93//247 94//247 158//247
f 93//248 158//248 157//248
f 94//249 95//249 159//249
f 94//250 159//250 158//250
f 95//251 96//251 160//251
f 95//252 160//252 159//252
f 96//253 97//253 161//253
f 96//254 161//254 160//254
f 97//255 98//255 162//255
f 97//256 162//256 161//256
f 98//257 99//257 163//257
f 98//258 163//258 162//258
f 99//259 100//259 164//259
f 99//260 164//260 163//260
f 100//261 101//261 165//261
f 100//262 165//262 164//262
f 101//263 102//263 166//263
f 101//264 166//264 165//264
f 102//265 103//265 167//265
f 102//266 167//266 166//266
f 103//267 104//267 168//267
f 103//268 168//268 167//268
f 104//269 105//269 169//269
f 104//270 169//270 168//270
f 105//271 106//271 170//271
f 105//272 170//272 169//272
f 106//273 107//273 171//273
f 106//274 171//274 170//274
f 107//275 108//275 172//275
f 107//276 172//276 171//276
f 108//277 109//277 173//277
f 108//278 173//278 172//278
f 109//279 110//279 174//279
f 109//280 174//280 173//280
f 110//281 111//281 175//281
f 110//282 175//282 174//282
f 111//283 112//283 176//283
f 111//284 176//284 175//284
f 112//285 113//285 177//285
f 112//286 177//286 176//286
f 113//287 114//287 178//287
f 113//288 178//288 177//288
f 114//289 115//289 179//289
f 114//290 179//290 178//290
f 115//291 116//291 180//291
f 115//292 180//292 179//292
f 116//293 117//293 181//293
f 116//294 181//294 180//294
f 117//295 118//295 182//295
f 117//296 182//296 181//296
f 118//297 119//297 183//297
f 118//298 183//298 182//298
f 119//299 120//299 184//299
f 119//300 184//300 183//300
f 120//301 121//301 185//301
f 120//302 185//302 184//302
f 121//303 122//303 186//303
f 121//304 186//304 185//304
f 122//305 123//305 187//305
f 122//306 187//306 186//306
f 123//307 124//307 188//307
f 123//308 188//308 187//308
f 124//309 125//309 189//309
f 124//310 189//310 188//310
f 125//311 126//311 190//311
f 125//312 190//312 189//312
f 126//313 127//313 191//313
f 126//314 191//314 190//314
f 127//315 128//315 192//315
f 127//316 192//316 191//316
f 128//317 129//317 193//317
f 128//318 193//318 192//318
f 129//319 66//319 130//319
f 129//320 130//320 193//320
f 130//321 131//321 195//321
f 130//322 195//322 194//322
f 131//323 132//323 196//323
f 131//324 196//324 195//324
f 132//325 133//325 197//325
f 132//326 197//326 196//326
f 133//327 134//327 198//327
f 133//328 198//328 197//328
f 134//329 135//329 199//329
f 134//330 199//330 198//330
f 135//331 136//331 200//331
f 135//332 200//332 199//332
f 136//333 137//333 201//333
f 136//334 201//334 200//334
f 137//335 138//335 202//335
f 137//336 202//336 201//336
f 138//337 139//337 203//337
f 138//338 203//338 202//338
f 139//339 140//339 204//339
f 139//340 204//340 203//340
f 140//341 141//341 205//341
f 140//342 205//342 204//342
f 141//343 142//343 206//343
f 141//344 206//344 205//344
f 142//345 143//345 207//345
f 142//346 207//346 206//346
f 143//347 144//347 208//347
f 143//348 208//348 207//348
f 144//349 145//349 209//349
f 144//350 209//350 208//350
f 145//351 146//351 210//351
f 145//352 210//352 209//352
f 146//353 147//353 211//353
f 146//354 211//354 210//354
f 147//355 148//355 212//355
f 147//356 212//356 211//356
f 148//357 149//357 213//357
f 148//358 213//358 212//358
f 149//359 150//359 214//359
f 149//360 214//360 213//360
f 150//361 151//361 215//361
f 150//362 215//362 214//362
f 151//363 152//363 216//363
f 151//364 216//364 215//364
f 152//365 153//365 217//365
f 152//366 217//366 216//366
f 153//367 154//367 218//367
f 153//368 218//368 217//368
f 154//369 155//369 219//369
f 154//370 219//370 218//370
f 155//371 156//371 220//371
f 155//372 220//372 219//372
f 156//373 157//373 221//373
f 156//374 221//374 220//374
f 157//375 158//375 222//375
f 157//376 222//376 221//376
f 158//377 159//377 223//377
f 158//378 223//378 222//378
f 159//379 160//379 224//379
f 159//380 224//380 223//380
f 160//381 161//381 225//381
f 160//382 225//382 224//382
f 161//383 162//383 226//383
f 161//384 226//384 225//384
f 162//385 163//385 227//385
f 162//386 227//386 226//386
f 163//387 164//387 228//387
f 163//388 228//388 227//388
f 164//389 165//389 229//389
f 164//390 229//390 228//390
f 165//391 166//391 230//391
f 165//392 230//392 229//392
f 166//393 167//393 231//393
f 166//394 231//394 230//394
f 167//395 168//395 232//395
f 167//396 232//396 231//396
f 168//397 169//397 233//397
f 168//398 233//398 232//398
f 169//399 170//399 234//399
f 169//400 234//400 233//400
f 170//401 171//401 235//401
f 170//402 235//402 234//402
f 171//403 172//403 236//403
f 171//404 236//404 235//404
f 172//405 173//405 237//405
f 172//406 237//406 236//406
f 173//407 174//407 238//407
f 173//408 238//408 237//408
f 174//409 175//409 239//409
f 174//410 239//410 238//410
f 175//411 176//411 240//411
f 175//412 240//412 239//412
f 176//413 177//413 241//413
f 176//414 241//414 240//414
f 177//415 178//415 242//415
f 177//416 242//416 241//416
f 178//417 179//417 243//417
f 178//418 243//418 242//418
f 179//419 180//419 244//419
f 179//420 244//420 243//420
f 180//421 181//421 245//421
f 180//422 245//422 244//422
f 181//423 182//423 246//423
f 181//424 246//424 245//424
f 182//425 183//425 247//425
f 182//426 247//426 246//426
f 183//427 184//427 248//427
f 183//428 248//428 247//428
f 184//429 185//429 249//429
f 184//430 249//430 248//430
f 185//431 186//431 250//431
f 185//432 250//432 249//432
f 186//433 187//433 251//433
f 186//434 251//434 250//434
f 187//435 188//435 252//435
f 187//436 252//436 251//436
f 188//437 189//437 253//437
f 188//438 253//438 252//438
f 189//439 190//439 254//439
f 189//440 254//440 253//440
f 190//441 191//441 255//441
f 190//442 255//442 254//442
f 191//443 192//443 256//443
f 191//444 256//444 255//444
f 192//445 193//445 257//445
f 192//446 257//446 256//446
f 193//447 130//447 194//447
f 193//448 194//448 257//448
f 194//449 195//449 259//449
f 194//450 259//450 258//450
f 195//451 196//451 260//451
f 195//452 260//452 259//452
f 196//453 197//453 261//453
f 196//454 261//454 260//454
f 197//455 198//455 262//455
f 197//456 262//456 261//456
f 198//457 199//457 263//457
f 198//458 263//458 262//458
f 199//459 200//459 264//459
f 199//460 264//460 263//460
f 200//461 201//461 265//461
f 200//462 265//462 264//462
f 201//463 202//463 266//463
f 201//464 266//464 265//464
f 202//465 203//465 267//465
f 202//466 267//466 266//466
f 203//467 204//467 268//467
f 203//468 268//468 267//468
f 204//469 205//469 269//469
f 204//470 269//470 268//470
f 205//471 206//471 270//471
f 205//472 270//472 269//472
f 206//473 207//473 271//473
f 206//474 271//474 270//474
f 207//475 208//475 272//475
f 207//476 272//476 271//476
f 208//477 209//477 273//477
f 208//478 273//478 272//478
f 209//479 210//479 274//479
f 209//480 274//480 273//480
f 210//481 211//481 275//481
f 210//482 275//482 274//482
f 211//483 212//483 276//483
f 211//484 276//484 275//484
f 212//485 213//485 277//485
f 212//486 277//486 276//486
f 213//487 214//487 278//487
f 213//488 278//488 277//488
f 214//489 215//489 279//489
f 214//490 279//490 278//490
f 215//491 216//491 280//491
f 215//492 280//492 279//492
f 216//493 217//493 281//493
f 216//494 281//494 280//494
f 217//495 218//495 282//495
f 217//496 282//496 281//496
f 218//497 219//497 283//497
f 218//498 283//498 282//498
f 219//499 220//499 284//499
f 219//500 284//500 283//500
f 220//501 221//501 285//501
f 220//502 285//502 284//502
f 221//503 222//503 286//503
f 221//504 286//504 285//504
f 222//505 223//505 287//505
f 222//506 287//506 286//506
f 223//507 224//507 288//507
f 223//508 288//508 287//508
f 224//509 225//509 289//509
f 224//510 289//510 288//510
f 225//511 226//511 290//511
f 225//512 290//512 289//512
f 226//513 227//513 291//513
f 226//514 291//514 290//514
f 227//515 228//515 292//515
f 227//516 292//516 291//516
f 228//517 229//517 293//517
f 228//518 293//518 292//518
f 229//519 230//519 294//519
f 229//520 294//520 293//520
f 230//521 231//521 295//521
f 230//522 295//522 294//522
f 231//523 232//523 296//523
f 231//524 296//524 295//524
f 232//525 233//525 297//525
f 232//526 297//526 296//526
f 233//527 234//527 298//527
f 233//528 298//528 297//528
f 234//529 235//529 299//529
f 234//530 299//530 298//530
f 235//531 236//531 300//531
f 235//532 300//532 299//532
f 236//533 237//533 301//533
f 236//534 301//534 300//534
f 237//535 238//535 302//535
f 237//536 302//536 301//536
f 238//537 239//537 303//537
f 238//538 303//538 302//538
f 239//539 240//539 304//539
f 239//540 304//540 303//540
f 240//541 241//541 305//541
f 240//542 305//542 304//542
f 241//543 242//543 306//543
f 241//544 306//544 305//544
f 242//545 243//545 307//545
f 242//546 307//546 306//546
f 243//547 244//547 308//547
f 243//548 308//548 307//548
f 244//549 245//549 309//549
f 244//550 309//550 308//550
f 245//551 246//551 310//551
f 245//552 310//552 309//552
f 246//553 247//553 311//553
f 246//554 311//554 310//554
f 247//555 248//555 312//555
f 247//556 312//556 311//556
f 248//557 249//557 313//557
f 248//558 313//558 312//558
f 249//559 250//559 314//559
f 249//560 314//560 313//560
f 250//561 251//561 315//561
f 250//562 315//562 314//562
f 251//563 252//563 316//563
f 251//564 316//564 315//564
f 252//565 253//565 317//565
f 252//566 317//566 316//566
f 253//567 254//567 318//567
f 253//568 318//568 317//568
f 254//569 255//569 319//569
f 254//570 319//570 318//570
f 255//571 256//571 320//571
f 255//572 320//572 319//572
f 256//573 257//573 321//573
f 256//574 321//574 320//574
f 257//575 194//575 258//575
f 257//576 258//576 321//576
f 258//577 259//577 323//577
f 258//578 323//578 322//578
f 259//579 260//579 324//579
f 259//580 324//580 323//580
f 260//581 261//581 325//581
f 260//582 325//582 324//582
f 261//583 262//583 326//583
f 261//584 326//584 325//584
f 262//585 263//585 327//585
f 262//586 327//586 326//586
f 263//587 264//587 328//587
f 263//588 328//588 327//588
f 264//589 265//589 329//589
f 264//590 329//590 328//590
f 265//591 266//591 330//591
f 265//592 330//592 329//592
f 266//593 267//593 331//593
f 266//594 331//594 330//594
f 267//595 268//595 332//595
f 267//596 332//596 331//596
f 268//597 269//597 333//597
f 268//598 333//598 332//598
f 269//599 270//599 334//599
f 269//600 334//600 333//600
f 270//601 271//601 335//601
f 270//602 335//602 334//602
f 271//603 272//603 336//603
f 271//604 336//604 335//604
f 272//605 273//605 337//605
f 272//606 337//606 336//606
f 273//607 274//607 338//607
f 273//608 338//608 337//608
f 274//609 275//609 339//609
f 274//610 339//610 338//610
f 275//611 276//611 340//611
f 275//612 340//612 339//612
f 276//613 277//613 341//613
f 276//614 341//614 340//614
f 277//615 278//615 342//615
f 277//616 342//616 341//616
f 278//617 279//617 343//617
f 278//618 343//618 342//618
f 279//619 280//619 344//619
f 279//620 344//620 343//620
f 280//621 281//621 345//621
f 280//622 345//622 344//622
f 281//623 282//623 346//623
f 281//624 346//624 345//624
f 282//625 283//625 347//625
f 282//626 347//626 346//626
f 283//627 284//627 348//627
f 283//628 348//628 347//628
f 284//629 285//629 349//629
f 284//630 349//630 348//630
f 285//631 286//631 350//631
f 285//632 350//632 349//632
f 286//633 287//633 351//633
f 286//634 351//634 350//634
f 287//635 288//635 352//635
f 287//636 352//636 351//636
f 288//637 289//637 353//637
f 288//638 353//638 352//638
f 289//639 290//639 354//639
f 289//640 354//640 353//640
f 290//641 291//641 355//641
f 290//642 355//642 354//642
f 291//643 292//643 356//643
f 291//644 356//644 355//644
f 292//645 293//645 357//645
f 292//646 357//646 356//646
f 293//647 294//647 358//647
f 293//648 358//648 357//648
f 294//649 295//649 359//649
f 294//650 359//650 358//650
f 295//651 296//651 360//651
f 295//652 360//652 359//652
f 296//653 297//653 361//653
f 296//654 361//654 360//654
f 297//655 298//655 362//655
f 297//656 362//656 361//656
f 298//657 299//657 363//657
f 298//658 363//658 362//658
f 299//659 300//659 364//659
f 299//660 364//660 363//660
f 300//661 301//661 365//661
f 300//662 365//662 364//662
f 301//663 302//663 366//663
f 301//664 366//664 365//664
f 302//665 303//665 367//665
f 302//666 367//666 366//666
f 303//667 304//667 368//667
f 303//668 368//668 367//668
f 304//669 305//669 369//669
f 304//670 369//670 368//670
f 305//671 306//671 370//671
f 305//672 370//672 369//672
f 306//673 307//673 371//673
f 306//674 371//674 370//674
f 307//675 308//675 372//675
f 307//676 372//676 371//676
f 308//677 309//677 373//677
f 308//678 373//678 372//678
f 309//679 310//679 374//679
f 309//680 374//680 373//680
f 310//681 311//681 375//681
f 310//682 375//682 374//682
f 311//683 312//683 376//683
f 311//684 376//684 375//684
f 312//685 313//685 377//685
f 312//686 377//686 376//686
f 313//687 314//687 378//687
f 313//688 378//688 377//688
f 314//689 315//689 379//689
f 314//690 379//690 378//690
f 315//691 316//691 380//691
f 315//692 380//692 379//692
f 316//693 317//693 381//693
f 316//694 381//694 380//694
f 317//695 318//695 382//695
f 317//696 382//696 381//696
f 318//697 319//697 383//697
f 318//698 383//698 382//698
f 319//699 320//699 384//699
f 319//700 384//700 383//700
f 320//701 321//701 385//701
f 320//702 385//702 384//702
f 321//703 258//703 322//703
f 321//704 322//704 385//704
f 322//705 323//705 387//705
f 322//706 387//706 386//706
f 323//707 324//707 388//707
f 323//708 388//708 387//708
f 324//709 325//709 389//709
f 324//710 389//710 388//710
f 325//711 326//711 390//711
f 325//712 390//712 389//712
f 326//713 327//713 391//713
f 326//714 391//714 390//714
f 327//715 328//715 392//715
f 327//716 392//716 391//716
f 328//717 329//717 393//717
f 328//718 393//718 392//718
f 329//719 330//719 394//719
f 329//720 394//720 393//720
f 330//721 331//721 395//721
f 330//722 395//722 394//722
f 331//723 332//723 396//723
f 331//724 396//724 395//724
f 332//725 333//725 397//725
f 332//726 397//726 396//726
f 333//727 334//727 398//727
f 333//728 398//728 397//728
f 334//729 335//729 399//729
f 334//730 399//730 398//730
f 335//731 336//731 400//731
f 335//732 400//732 399//732
f 336//733 337//733 401//733
f 336//734 401//734 400//734
f 337//735 338//735 402//735
f 337//736 402//736 401//736
f 338//737 339//737 403//737
f 338//738 403//738 402//738
f 339//739 340//739 404//739
f 339//740 404//740 403//740
f 340//741 341//741 405//741
f 340//742 405//742 404//742
f 341//743 342//743 406//743
f 341//744 406//744 405//744
f 342//745 343//745 407//745
f 342//746 407//746 406//746
f 343//747 344//747 408//747
f 343//748 408//748 407//748
f 344//749 345//749 409//749
f 344//750 409//750 408//750
f 345//751 346//751 410//751
f 345//752 410//752 409//752
f 346//753 347//753 411//753
f 346//754 411//754 410//754
f 347//755 348//755 412//755
f 347//756 412//756 411//756
f 348//757 349//757 413//757
f 348//758 413//758 412//758
f 349//759 350//759 414//759
f 349//760 414//760 413//760
f 350//761 351//761 415//761
f 350//762 415//762 414//762
f 351//763 352//763 416//763
f 351//764 416//764 415//764
f 352//765 353//765 417//765
f 352//766 417//766 416//766
f 353//767 354//767 418//767
f 353//768 418//768 417//768
f 354//769 355//769 419//769
f 354//770 419//770 418//770
f 355//771 356//771 420//771
f 355//772 420//772 419//772
f 356//773 357//773 421//773
f 356//774 421//774 420//774
f 357//775 358//775 422//775
f 357//776 422//776 421//776
f 358//777 359//777 423//777
f 358//778 423//778 422//778
f 359//779 360//779 424//779
f 359//780 424//780 423//780
f 360//781 361//781 425//781
f 360//782 425//782 424//782
f 361//783 362//783 426//783
f 361//784 426//784 425//784
f 362//785 363//785 427//785
f 362//786 427//786 426//786
f 363//787 364//787 428//787
f 363//788 428//788 427//788
f 364//789 365//789 429//789
f 364//790 429//790 428//790
f 365//791 366//791 430//791
f 365//792 430//792 429//792
f 366//793 367//793 431//793
f 366//794 431//794 430//794
f 367//795 368//795 432//795
f 367//796 432//796 431//796
f 368//797 369//797 433//797
f 368//798 433//798 432//798
f 369//799 370//799 434//799
f 369//800 434//800 433//800
f 370//801 371//801 435//801
f 370//802 435//802 434//802
f 371//803 372//803 436//803
f 371//804 436//804 435//804
f 372//805 373//805 437//805
f 372//806 437//806 436//806
f 373//807 374//807 438//807
f 373//808 438//808 437//808
f 374//809 375//809 439//809
f 374//810 439//810 438//810
f 375//811 376//811 440//811
f 375//812 440//812 439//812
f 376//813 377//813 441//813
f 376//814 441//814 440//814
f 377//815 378//815 442//815
f 377//816 442//816 441//816
f 378//817 379//817 443//817
f 378//818 443//818 442//818
f 379//819 380//819 444//819
f 379//820 444//820 443//820
f 380//821 381//821 445//821
f 380//822 445//822 444//822
f 381//823 382//823 446//823
f 381//824 446//824 445//824
f 382//825 383//825 447//825
f 382//826 447//826 446//826
f 383//827 384//827 448//827
f 383//828 448//828 447//828
f 384//829 385//829 449//829
f 384//830 449//830 448//830
f 385//831 322//831 386//831
f 385//832 386//832 449//832
f 386//833 387//833 451//833
f 386//834 451//834 450//834
f 387//835 388//835 452//835
f 387//836 452//836 451//836
f 388//837 389//837 453//837
f 388//838 453//838 452//838
f 389//839 390//839 454//839
f 389//840 454//840 453//840
f 390//841 391//841 455//841
f 390//842 455//842 454//842
f 391//843 392//843 456//843
f 391//844 456//844 455//844
f 392//845 393//845 457//845
f 392//846 457//846 456//846
f 393//847 394//847 458//847
f 393//848 458//848 457//848
f 394//849 395//849 459//849
f 394//850 459//850 458//850
f 395//851 396//851 460//851
f 395//852 460//852 459//852
f 396//853 397//853 461//853
f 396//854 461//854 460//854
f 397//855 398//855 462//855
f 397//856 462//856 461//856
f 398//857 399//857 463//857
f 398//858 463//858 462//858
f 399//859 400//859 464//859
f 399//860 464//860 463//860
f 400//861 401//861 465//861
f 400//862 465//862 464//862
f 401//863 402//863 466//863
f 401//864 466//864 465//864
f 402//865 403//865 467//865
f 402//866 467//866 466//866
f 403//867 404//867 468//867
f 403//868 468//868 467//868
f 404//869 405//869 469//869
f 404//870 469//870 468//870
f 405//871 406//871 470//871
f 405//872 470//872 469//872
f 406//873 407//873 471//873
f 406//874 471//874 470//874
f 407//875 408//875 472//875
f 407//876 472//876 471//876
f 408//877 409//877 473//877
f 408//878 473//878 472//878
f 409//879 410//879 474//879
f 409//880 474//880 473//880
f 410//881 411//881 475//881
f 410//882 475//882 474//882
f 411//883 412//883 476//883
f 411//884 476//884 475//884
f 412//885 413//885 477//885
f 412//886 477//886 476//886
f 413//887 414//887 478//887
f 413//888 478//888 477//888
f 414//889 415//889 479//889
f 414//890 479//890 478//890
f 415//891 416//891 480//891
f 415//892 480//892 479//892
f 416//893 417//893 481//893
f 416//894 481//894 480//894
f 417//895 418//895 482//895
f 417//896 482//896 481//896
f 418//897 419//897 483//897
f 418//898 483//898 482//898
f 419//899 420//899 484//899
f 419//900 484//900 483//900
f 420//901 421//901 485//901
f 420//902 485//902 484//902
f 421//903 422//903 486//903
f 421//904 486//904 485//904
f 422//905 423//905 487//905
f 422//906 487//906 486//906
f 423//907 424//907 488//907
f 423//908 488//908 487//908
f 424//909 425//909 489//909
f 424//910 489//910 488//910
f 425//911 426//911 490//911
f 425//912 490//912 489//912
f 426//913 427//913 491//913
f 426//914 491//914 490//914
f 427//915 428//915 492//915
f 427//916 492//916 491//916
f 428//917 429//917 493//917
f 428//918 493//918 492//918
f 429//919 430//919 494//919
f 429//920 494//920 493//920
f 430//921 431//921 495//921
f 430//922 495//922 494//922
f 431//923 432//923 496//923
f 431//924 496//924 495//924
f 432//925 433//925 497//925
f 432//926 497//926 496//926
f 433//927 434//927 498//927
f 433//928 498//928 497//928
f 434//929 435//929 499//929
f 434//930 499//930 498//930
f 435//931 436//931 500//931
f 435//932 500//932 499//932
f 436//933 437//933 501//933
f 436//934 501//934 500//934
f 437//935 438//935 502//935
f 437//936 502//936 501//936
f 438//937 439//937 503//937
f 438//938 503//938 502//938
f 439//939 440//939 504//939
f 439//940 504//940 503//940
f 440//941 441//941 505//941
f 440//942 505//942 504//942
f 441//943 442//943 506//943
f 441//944 506//944 505//944
f 442//945 443//945 507//945
f 442//946 507//946 506//946
f 443//947 444//947 508//947
f 443//948 508//948 507//948
f 444//949 445//949 509//949
f 444//950 509//950 508//950
f 445//951 446//951 510//951
f 445//952 510//952 509//952
f 446//953 447//953 511//953
f 446//954 511//954 510//954
f 447//955 448//955 512//955
f 447//956 512//956 511//956
f 448//957 449//957 513//957
f 448//958 513//958 512//958
f 449//959 386//959 450//959
f 449//960 450//960 513//960
f 450//961 451//961 515//961
f 450//962 515//962 514//962
f 451//963 452//963 516//963
f 451//964 516//964 515//964
f 452//965 453//965 517//965
f 452//966 517//966 516//966
f 453//967 454//967 518//967
f 453//968 518//968 517//968
f 454//969 455//969 519//969
f 454//970 519//970 518//970
f 455//971 456//971 520//971
f 455//972 520//972 519//972
f 456//973 457//973 521//973
f 456//974 521//974 520//974
f 457//975 458//975 522//975
f 457//976 522//976 521//976
f 458//977 459//977 523//977
f 458//978 523//978 522//978
f 459//979 460//979 524//979
f 459//980 524//980 523//980
f 460//981 461//981 525//981
f 460//982 525//982 524//982
f 461//983 462//983 526//983
f 461//984 526//984 525//984
f 462//985 463//985 527//985
f 462//986 527//986 526//986
f 463//987 464//987 528//987
f 463//988 528//988 527//988
f 464//989 465//989 529//989
f 464//990 529//990 528//990
f 465//991 466//991 530//991
f 465//992 530//992 529//992
f 466//993 467//993 531//993
f 466//994 531//994 530//994
f 467//995 468//995 532//995
f 467//996 532//996 531//996
f 468//997 469//997 533//997
f 468//998 533//998 532//998
f 469//999 470//999 534//999
f 469//1000 534//1000 533//1000
f 470//1001 471//1001 535//1001
f 470//1002 535//1002 534//1002
f 471//1003 472//1003 536//1003
f 471//1004 536//1004 535//1004
f 472//1005 473//1005 537//1005
f 472//1006 537//1006 536//1006
f 473//1007 474//1007 538//1007
f 473//1008 538//1008 537//1008
f 474//1009 475//1009 539//1009
f 474//1010 539//1010 538//1010
f 475//1011 476//1011 540//1011
f 475//1012 540//1012 539//1012
f 476//1013 477//1013 541//1013
f 476//1014 541//1014 540//1014
f 477//1015 478//1015 542//1015
f 477//1016 542//1016 541//1016
f 478//1017 479//1017 543//1017
f 478//1018 543//1018 542//1018
f 479//1019 480//1019 544//1019
f 479//1020 544//1020 543//1020
f 480//1021 481//1021 545//1021
f 480//1022 545//1022 544//1022
f 481//1023 482//1023 546//1023
f 481//1024 546//1024 545//1024
f 482//1025 483//1025 547//1025
f 482//1026 547//1026 546//1026
f 483//1027 484//1027 548//1027
f 483//1028 548//1028 547//1028
f 484//1029 485//1029 549//1029
f 484//1030 549//1030 548//1030
f 485//1031 486//1031 550//1031
f 485//1032 550//1032 549//1032
f 486//1033 487//1033 551//1033
f 486//1034 551//1034 550//1034
f 487//1035 488//1035 552//1035
f 487//1036 552//1036 551//1036
f 488//1037 489//1037 553//1037
f 488//1038 553//1038 552//1038
f 489//1039 490//1039 554//1039
f 489//1040 554//1040 553//1040
f 490//1041 491//1041 555//1041
f 490//1042 555//1042 554//1042
f 491//1043 492//1043 556//1043
f 491//1044 556//1044 555//1044
f 492//1045 493//1045 557//1045
f 492//1046 557//1046 556//1046
f 493//1047 494//1047 558//1047
f 493//1048 558//1048 557//1048
f 494//1049 495//1049 559//1049
f 494//1050 559//1050 558//1050
f 495//1051 496//1051 560//1051
f 495//1052 560//1052 559//1052
f 496//1053 497//1053 561//1053
f 496//1054 561//1054 560//1054
f 497//1055 498//1055 562//1055
f 497//1056 562//1056 561//1056
f 498//1057 499//1057 563//1057
f 498//1058 563//1058 562//1058
f 499//1059 500//1059 564//1059
f 499//1060 564//1060 563//1060
f 500//1061 501//1061 565//1061
f 500//1062 565//1062 564//1062
f 501//1063 502//1063 566//1063
f 501//1064 566//1064 565//1064
f 502//1065 503//1065 567//1065
f 502//1066 567//1066 566//1066
f 503//1067 504//1067 568//1067
f 503//1068 568//1068 567//1068
f 504//1069 505//1069 569//1069
f 504//1070 569//1070 568//1070
f 505//1071 506//1071 570//1071
f 505//1072 570//1072 569//1072
f 506//1073 507//1073 571//1073
f 506//1074 571//1074 570//1074
f 507//1075 508//1075 572//1075
f 507//1076 572//1076 571//1076
f 508//1077 509//1077 573//1077
f 508//1078 573//1078 572//1078
f 509//1079 510//1079 574//1079
f 509//1080 574//1080 573//1080
f 510//1081 511//1081 575//1081
f 510//1082 575//1082 574//1082
f 511//1083 512//1083 576//1083
f 511//1084 576//1084 575//1084
f 512//1085 513//1085 577//1085
f 512//1086 577//1086 576//1086
f 513//1087 450//1087 514//1087
f 513//1088 514//1088 577//1088
f 514//1089 515//1089 579//1089
f 514//1090 579//1090 578//1090
f 515//1091 516//1091 580//1091
f 515//1092 580//1092 579//1092
f 516//1093 517//1093 581//1093
f 516//1094 581//1094 580//1094
f 517//1095 518//1095 582//1095
f 517//1096 582//1096 581//1096
f 518//1097 519//1097 583//1097
f 518//1098 583//1098 582//1098
f 519//1099 520//1099 584//1099
f 519//1100 584//1100 583//1100
f 520//1101 521//1101 585//1101
f 520//1102 585//1102 584//1102
f 521//1103 522//1103 586//1103
f 521//1104 586//1104 585//1104
f 522//1105 523//1105 587//1105
f 522//1106 587//1106 586//1106
f 523//1107 524//1107 588//1107
f 523//1108 588//1108 587//1108
f 524//1109 525//1109 589//1109
f 524//1110 589//1110 588//1110
f 525//1111 526//1111 590//1111
f 525//1112 590//1112 589//1112
f 526//1113 527//1113 591//1113
f 526//1114 591//1114 590//1114
f 527//1115 528//1115 592//1115
f 527//1116 592//1116 591//1116
f 528//1117 529//1117 593//1117
f 528//1118 593//1118 592//1118
f 529//1119 530//1119 594//1119
f 529//1120 594//1120 593//1120
f 530//1121 531//1121 595//1121
f 530//1122 595//1122 594//1122
f 531//1123 532//1123 596//1123
f 531//1124 596//1124 595//1124
f 532//1125 533//1125 597//1125
f 532//1126 597//1126 596//1126
f 533//1127 534//1127 598//1127
f 533//1128 598//1128 597//1128
f 534//1129 535//1129 599//1129
f 534//1130 599//1130 598//1130
f 535//1131 536//1131 600//1131
f 535//1132 600//1132 599//1132
f 536//1133 537//1133 601//1133
f 536//1134 601//1134 600//1134
f 537//1135 538//1135 602//1135
f 537//1136 602//1136 601//1136
f 538//1137 539//1137 603//1137
f 538//1138 603//1138 602//1138
f 539//1139 540//1139 604//1139
f 539//1140 604//1140 603//1140
f 540//1141 541//1141 605//1141
f 540//1142 605//1142 604//1142
f 541//1143 542//1143 606//1143
f 541//1144 606//1144 605//1144
f 542//1145 543//1145 607//1145
f 542//1146 607//1146 606//1146
f 543//1147 544//1147 608//1147
f 543//1148 608//1148 607//1148
f 544//1149 545//1149 609//1149
f 544//1150 609//1150 608//1150
f 545//1151 546//1151 610//1151
f 545//1152 610//1152 609//1152
f 546//1153 547//1153 611//1153
f 546//1154 611//1154 610//1154
f 547//1155 548//1155 612//1155
f 547//1156 612//1156 611//1156
f 548//1157 549//1157 613//1157
f 548//1158 613//1158 612//1158
f 549//1159 550//1159 614//1159
f 549//1160 614//1160 613//1160
f 550//1161 551//1161 615//1161
f 550//1162 615//1162 614//1162
f 551//1163 552//1163 616//1163
f 551//1164 616//1164 615//1164
f 552//1165 553//1165 617//1165
f 552//1166 617//1166 616//1166
f 553//1167 554//1167 618//1167
f 553//1168 618//1168 617//1168
f 554//1169 555//1169 619//1169
f 554//1170 619//1170 618//1170
f 555//1171 556//1171 620//1171
f 555//1172 620//1172 619//1172
f 556//1173 557//1173 621//1173
f 556//1174 621//1174 620//1174
f 557//1175 558//1175 622//1175
f 557//1176 622//1176 621//1176
f 558//1177 559//1177 623//1177
f 558//1178 623//1178 622//1178
f 559//1179 560//1179 624//1179
f 559//1180 624//1180 623//1180
f 560//1181 561//1181 625//1181
f 560//1182 625//1182 624//1182
f 561//1183 562//1183 626//1183
f 561//1184 626//1184 625//1184
f 562//1185 563//1185 627//1185
f 562//1186 627//1186 626//1186
f 563//1187 564//1187 628//1187
f 563//1188 628//1188 627//1188
f 564//1189 565//1189 629//1189
f 564//1190 629//1190 628//1190
f 565//1191 566//1191 630//1191
f 565//1192 630//1192 629//1192
f 566//1193 567//1193 631//1193
f 566//1194 631//1194 630//1194
f 567//1195 568//1195 632//1195
f 567//1196 632//1196 631//1196
f 568//1197 569//1197 633//1197
f 568//1198 633//1198 632//1198
f 569//1199 570//1199 634//1199
f 569//1200 634//1200 633//1200
f 570//1201 571//1201 635//1201
f 570//1202 635//1202 634//1202
f 571//1203 572//1203 636//1203
f 571//1204 636//1204 635//1204
f 572//1205 573//1205 637//1205
f 572//1206 637//1206 636//1206
f 573//1207 574//1207 638//1207
f 573//1208 638//1208 637//1208
f 574//1209 575//1209 639//1209
f 574//1210 639//1210 638//1210
f 575//1211 576//1211 640//1211
f 575//1212 640//1212 639//1212
f 576//1213 577//1213 641//1213
f 576//1214 641//1214 640//1214
f 577//1215 514//1215 578//1215
f 577//1216 578//1216 641//1216
f 578//1217 579//1217 643//1217
f 578//1218 643//1218 642//1218
f 579//1219 580//1219 644//1219
f 579//1220 644//1220 643//1220
f 580//1221 581//1221 645//1221
f 580//1222 645//1222 644//1222
f 581//1223 582//1223 646//1223
f 581//1224 646//1224 645//1224
f 582//1225 583//1225 647//1225
f 582//1226 647//1226 646//1226
f 583//1227 584//1227 648//1227
f 583//1228 648//1228 647//1228
f 584//1229 585//1229 649//1229
f 584//1230 649//1230 648//1230
f 585//1231 586//1231 650//1231
f 585//1232 650//1232 649//1232
f 586//1233 587//1233 651//1233
f 586//1234 651//1234 650//1234
f 587//1235 588//1235 652//1235
f 587//1236 652//1236 651//1236
f 588//1237 589//1237 653//1237
f 588//1238 653//1238 652//1238
f 589//1239 590//1239 654//1239
f 589//1240 654//1240 653//1240
f 590//1241 591//1241 655//1241
f 590//1242 655//1242 654//1242
f 591//1243 592//1243 656//1243
f 591//1244 656//1244 655//1244
f 592//1245 593//1245 657//1245
f 592//1246 657//1246 656//1246
f 593//1247 594//1247 658//1247
f 593//1248 658//1248 657//1248
f 594//1249 595//1249 659//1249
f 594//1250 659//1250 658//1250
f 595//1251 596//1251 660//1251
f 595//1252 660//1252 659//1252
f 596//1253 597//1253 661//1253
f 596//1254 661//1254 660//1254
f 597//1255 598//1255 662//1255
f 597//1256 662//1256 661//1256
f 598//1257 599//1257 663//1257
f 598//1258 663//1258 662//1258
f 599//1259 600//1259 664//1259
f 599//1260 664//1260 663//1260
f 600//1261 601//1261 665//1261
f 600//1262 665//1262 664//1262
f 601//1263 602//1263 666//1263
f 601//1264 666//1264 665//1264
f 602//1265 603//1265 667//1265
f 602//1266 667//1266 666//1266
f 603//1267 604//1267 668//1267
f 603//1268 668//1268 667//1268
f 604//1269 605//1269 669//1269
f 604//1270 669//1270 668//1270
f 605//1271 606//1271 670//1271
f 605//1272 670//1272 669//1272
f 606//1273 607//1273 671//1273
f 606//1274 671//1274 670//1274
f 607//1275 608//1275 672//1275
f 607//1276 672//1276 671//1276
f 608//1277 609//1277 673//1277
f 608//1278 673//1278 672//1278
f 609//1279 610//1279 674//1279
f 609//1280 674//1280 673//1280
f 610//1281 611//1281 675//1281
f 610//1282 675//1282 674//1282
f 611//1283 612//1283 676//1283
f 611//1284 676//1284 675//1284
f 612//1285 613//1285 677//1285
f 612//1286 677//1286 676//1286
f 613//1287 614//1287 678//1287
f 613//1288 678//1288 677//1288
f 614//1289 615//1289 679//1289
f 614//1290 679//1290 678//1290
f 615//1291 616//1291 680//1291
f 615//1292 680//1292 679//1292
f 616//1293 617//1293 681//1293
f 616//1294 681//1294 680//1294
f 617//1295 618//1295 682//1295
f 617//1296 682//1296 681//1296
f 618//1297 619//1297 683//1297
f 618//1298 683//1298 682//1298
f 619//1299 620//1299 684//1299
f 619//1300 684//1300 683//1300
f 620//1301 621//1301 685//1301
f 620//1302 685//1302 684//1302
f 621//1303 622//1303 686//1303
f 621//1304 686//1304 685//1304
f 622//1305 623//1305 687//1305
f 622//1306 687//1306 686//1306
f 623//1307 624//1307 688//1307
f 623//1308 688//1308 687//1308
f 624//1309 625//1309 689//1309
f 624//1310 689//1310 688//1310
f 625//1311 626//1311 690//1311
f 625//1312 690//1312 689//1312
f 626//1313 627//1313 691//1313
f 626//1314 691//1314 690//1314
f 627//1315 628//1315 692//1315
f 627//1316 692//1316 691//1316
f 628//1317 629//1317 693//1317
f 628//1318 693//1318 692//1318
f 629//1319 630//1319 694//1319
f 629//1320 694//1320 693//1320
f 630//1321 631//1321 695//1321
f 630//1322 695//1322 694//1322
f 631//1323 632//1323 696//1323
f 631//1324 696//1324 695//1324
f 632//1325 633//1325 697//1325
f 632//1326 697//1326 696//1326
f 633//1327 634//1327 698//1327
f 633//1328 698//1328 697//1328
f 634//1329 635//1329 699//1329
f 634//1330 699//1330 698//1330
f 635//1331 636//1331 700//1331
f 635//1332 700//1332 699//1332
f 636//1333 637//1333 701//1333
f 636//1334 701//1334 700//1334
f 637//1335 638//1335 702//1335
f 637//1336 702//1336 701//1336
f 638//1337 639//1337 703//1337
f 638//1338 703//1338 702//1338
f 639//1339 640//1339 704//1339
f 639//1340 704//1340 703//1340
f 640//1341 641//1341 705//1341
f 640//1342 705//1342 704//1342
f 641//1343 578//1343 642//1343
f 641//1344 642//1344 705//1344
f 642//1345 643//1345 707//1345
f 642//1346 707//1346 706//1346
f 643//1347 644//1347 708//1347
f 643//1348 708//1348 707//1348
f 644//1349 645//1349 709//1349
f 644//1350 709//1350 708//1350
f 645//1351 646//1351 710//1351
f 645//1352 710//1352 709//1352
f 646//1353 647//1353 711//1353
f 646//1354 711//1354 710//1354
f 647//1355 648//1355 712//1355
f 647//1356 712//1356 711//1356
f 648//1357 649//1357 713//1357
f 648//1358 713//1358 712//1358
f 649//1359 650//1359 714//1359
f 649//1360 714//1360 713//1360
f 650//1361 651//1361 715//1361
f 650//1362 715//1362 714//1362
f 651//1363 652//1363 716//1363
f 651//1364 716//1364 715//1364
f 652//1365 653//1365 717//1365
f 652//1366 717//1366 716//1366
f 653//1367 654//1367 718//1367
f 653//1368 718//1368 717//1368
f 654//1369 655//1369 719//1369
f 654//1370 719//1370 718//1370
f 655//1371 656//1371 720//1371
f 655//1372 720//1372 719//1372
f 656//1373 657//1373 721//1373
f 656//1374 721//1374 720//1374
f 657//1375 658//1375 722//1375
f 657//1376 722//1376 721//1376
f 658//1377 659//1377 723//1377
f 658//1378 723//1378 722//1378
f 659//1379 660//1379 724//1379
f 659//1380 724//1380 723//1380
f 660//1381 661//1381 725//1381
f 660//1382 725//1382 724//1382
f 661//1383 662//1383 726//1383
f 661//1384 726//1384 725//1384
f 662//1385 663//1385 727//1385
f 662//1386 727//1386 726//1386
f 663//1387 664//1387 728//1387
f 663//1388 728//1388 727//1388
f 664//1389 665//1389 729//1389
f 664//1390 729//1390 728//1390
f 665//1391 666//1391 730//1391
f 665//1392 730//1392 729//1392
f 666//1393 667//1393 731//1393
f 666//1394 731//1394 730//1394
f 667//1395 668//1395 732//1395
f 667//1396 732//1396 731//1396
f 668//1397 669//1397 733//1397
f 668//1398 733//1398 732//1398
f 669//1399 670//1399 734//1399
f 669//1400 734//1400 733//1400
f 670//1401 671//1401 735//1401
f 670//1402 735//1402 734//1402
f 671//1403 672//1403 736//1403
f 671//1404 736//1404 735//1404
f 672//1405 673//1405 737//1405
f 672//1406 737//1406 736//1406
f 673//1407 674//1407 738//1407
f 673//1408 738//1408 737//1408
f 674//1409 675//1409 739//1409
f 674//1410 739//1410 738//1410
f 675//1411 676//1411 740//1411
f 675//1412 740//1412 739//1412
f 676//1413 677//1413 741//1413
f 676//1414 741//1414 740//1414
f 677//1415 678//1415 742//1415
f 677//1416 742//1416 741//1416
f 678//1417 679//1417 743//1417
f 678//1418 743//1418 742//1418
f 679//1419 680//1419 744//1419
f 679//1420 744//1420 743//1420
f 680//1421 681//1421 745//1421
f 680//1422 745//1422 744//1422
f 681//1423 682//1423 746//1423
f 681//1424 746//1424 745//1424
f 682//1425 683//1425 747//1425
f 682//1426 747//1426 746//1426
f 683//1427 684//1427 748//1427
f 683//1428 748//1428 747//1428
f 684//1429 685//1429 749//1429
f 684//1430 749//1430 748//1430
f 685//1431 686//1431 750//1431
f 685//1432 750//1432 749//1432
f 686//1433 687//1433 751//1433
f 686//1434 751//1434 750//1434
f 687//1435 688//1435 752//1435
f 687//1436 752//1436 751//1436
f 688//1437 689//1437 753//1437
f 688//1438 753//1438 752//1438
f 689//1439 690//1439 754//1439
f 689//1440 754//1440 753//1440
f 690//1441 691//1441 755//1441
f 690//1442 755//1442 754//1442
f 691//1443 692//1443 756//1443
f 691//1444 756//1444 755//1444
f 692//1445 693//1445 757//1445
f 692//1446 757//1446 756//1446
f 693//1447 694//1447 758//1447
f 693//1448 758//1448 757//1448
f 694//1449 695//1449 759//1449
f 694//1450 759//1450 758//1450
f 695//1451 696//1451 760//1451
f 695//1452 760//1452 759//1452
f 696//1453 697//1453 761//1453
f 696//1454 761//1454 760//1454
f 697//1455 698//1455 762//1455
f 697//1456 762//1456 761//1456
f 698//1457 699//1457 763//1457
f 698//1458 763//1458 762//1458
f 699//1459 700//1459 764//1459
f 699//1460 764//1460 763//1460
f 700//1461 701//1461 765//1461
f 700//1462 765//1462 764//1462
f 701//1463 702//1463 766//1463
f 701//1464 766//1464 765//1464
f 702//1465 703//1465 767//1465
f 702//1466 767//1466 766//1466
f 703//1467 704//1467 768//1467
f 703//1468 768//1468 767//1468
f 704//1469 705//1469 769//1469
f 704//1470 769//1470 768//1470
f 705//1471 642//1471 706//1471
f 705//1472 706//1472 769//1472
f 706//1473 707//1473 771//1473
f 706//1474 771//1474 770//1474
f 707//1475 708//1475 772//1475
f 707//1476 772//1476 771//1476
f 708//1477 709//1477 773//1477
f 708//1478 773//1478 772//1478
f 709//1479 710//1479 774//1479
f 709//1480 774//1480 773//1480
f 710//1481 711//1481 775//1481
f 710//1482 775//1482 774//1482
f 711//1483 712//1483 776//1483
f 711//1484 776//1484 775//1484
f 712//1485 713//1485 777//1485
f 712//1486 777//1486 776//1486
f 713//1487 714//1487 778//1487
f 713//1488 778//1488 777//1488
f 714//1489 715//1489 779//1489
f 714//1490 779//1490 778//1490
f 715//1491 716//1491 780//1491
f 715//1492 780//1492 779//1492
f 716//1493 717//1493 781//1493
f 716//1494 781//1494 780//1494
f 717//1495 718//1495 782//1495
f 717//1496 782//1496 781//1496
f 718//1497 719//1497 783//1497
f 718//1498 783//1498 782//1498
f 719//1499 720//1499 784//1499
f 719//1500 784//1500 783//1500
f 720//1501 721//1501 785//1501
f 720//1502 785//1502 784//1502
f 721//1503 722//1503 786//1503
f 721//1504 786//1504 785//1504
f 722//1505 723//1505 787//1505
f 722//1506 787//1506 786//1506
f 723//1507 724//1507 788//1507
f 723//1508 788//1508 787//1508
f 724//1509 725//1509 789//1509
f 724//1510 789//1510 788//1510
f 725//1511 726//1511 790//1511
f 725//1512 790//1512 789//1512
f 726//1513 727//1513 791//1513
f 726//1514 791//1514 790//1514
f 727//1515 728//1515 792//1515
f 727//1516 792//1516 791//1516
f 728//1517 729//1517 793//1517
f 728//1518 793//1518 792//1518
f 729//1519 730//1519 794//1519
f 729//1520 794//1520 793//1520
f 730//1521 731//1521 795//1521
f 730//1522 795//1522 794//1522
f 731//1523 732//1523 796//1523
f 731//1524 796//1524 795//1524
f 732//1525 733//1525 797//1525
f 732//1526 797//1526 796//1526
f 733//1527 734//1527 798//1527
f 733//1528 798//1528 797//1528
f 734//1529 735//1529 799//1529
f 734//1530 799//1530 798//1530
f 735//1531 736//1531 800//1531
f 735//1532 800//1532 799//1532
f 736//1533 737//1533 801//1533
f 736//1534 801//1534 800//1534
f 737//1535 738//1535 802//1535
f 737//1536 802//1536 801//1536
f 738//1537 739//1537 803//1537
f 738//1538 803//1538 802//1538
f 739//1539 740//1539 804//1539
f 739//1540 804//1540 803//1540
f 740//1541 741//1541 805//1541
f 740//1542 805//1542 804//1542
f 741//1543 742//1543 806//1543
f 741//1544 806//1544 805//1544
f 742//1545 743//1545 807//1545
f 742//1546 807//1546 806//1546
f 743//1547 744//1547 808//1547
f 743//1548 808//1548 807//1548
f 744//1549 745//1549 809//1549
f 744//1550 809//1550 808//1550
f 745//1551 746//1551 810//1551
f 745//1552 810//1552 809//1552
f 746//1553 747//1553 811//1553
f 746//1554 811//1554 810//1554
f 747//1555 748//1555 812//1555
f 747//1556 812//1556 811//1556
f 748//1557 749//1557 813//1557
f 748//1558 813//1558 812//1558
f 749//1559 750//1559 814//1559
f 749//1560 814//1560 813//1560
f 750//1561 751//1561 815//1561
f 750//1562 815//1562 814//1562
f 751//1563 752//1563 816//1563
f 751//1564 816//1564 815//1564
f 752//1565 753//1565 817//1565
f 752//1566 817//1566 816//1566
f 753//1567 754//1567 818//1567
f 753//1568 818//1568 817//1568
f 754//1569 755//1569 819//1569
f 754//1570 819//1570 818//1570
f 755//1571 756//1571 820//1571
f 755//1572 820//1572 819//1572
f 756//1573 757//1573 821//1573
f 756//1574 821//1574 820//1574
f 757//1575 758//1575 822//1575
f 757//1576 822//1576 821//1576
f 758//1577 759//1577 823//1577
f 758//1578 823//1578 822//1578
f 759//1579 760//1579 824//1579
f 759//1580 824//1580 823//1580
f 760//1581 761//1581 825//1581
f 760//1582 825//1582 824//1582
f 761//1583 762//1583 826//1583
f 761//1584 826//1584 825//1584
f 762//1585 763//1585 827//1585
f 762//1586 827//1586 826//1586
f 763//1587 764//1587 828//1587
f 763//1588 828//1588 827//1588
f 764//1589 765//1589 829//1589
f 764//1590 829//1590 828//1590
f 765//1591 766//1591 830//1591
f 765//1592 830//1592 829//1592
f 766//1593 767//1593 831//1593
f 766//1594 831//1594 830//1594
f 767//1595 768//1595 832//1595
f 767//1596 832//1596 831//1596
f 768//1597 769//1597 833//1597
f 768//1598 833//1598 832//1598
f 769//1599 706//1599 770//1599
f 769//1600 770//1600 833//1600
f 770//1601 771//1601 835//1601
f 770//1602 835//1602 834//1602
f 771//1603 772//1603 836//1603
f 771//1604 836//1604 835//1604
f 772//1605 773//1605 837//1605
f 772//1606 837//1606 836//1606
f 773//1607 774//1607 838//1607
f 773//1608 838//1608 837//1608
f 774//1609 775//1609 839//1609
f 774//1610 839//1610 838//1610
f 775//1611 776//1611 840//1611
f 775//1612 840//1612 839//1612
f 776//1613 777//1613 841//1613
f 776//1614 841//1614 840//1614
f 777//1615 778//1615 842//1615
f 777//1616 842//1616 841//1616
f 778//1617 779//1617 843//1617
f 778//1618 843//1618 842//1618
f 779//1619 780//1619 844//1619
f 779//1620 844//1620 843//1620
f 780//1621 781//1621 845//1621
f 780//1622 845//1622 844//1622
f 781//1623 782//1623 846//1623
f 781//1624 846//1624 845//1624
f 782//1625 783//1625 847//1625
f 782//1626 847//1626 846//1626
f 783//1627 784//1627 848//1627
f 783//1628 848//1628 847//1628
f 784//1629 785//1629 849//1629
f 784//1630 849//1630 848//1630
f 785//1631 786//1631 850//1631
f 785//1632 850//1632 849//1632
f 786//1633 787//1633 851//1633
f 786//1634 851//1634 850//1634
f 787//1635 788//1635 852//1635
f 787//1636 852//1636 851//1636
f 788//1637 789//1637 853//1637
f 788//1638 853//1638 852//1638
f 789//1639 790//1639 854//1639
f 789//1640 854//1640 853//1640
f 790//1641 791//1641 855//1641
f 790//1642 855//1642 854//1642
f 791//1643 792//1643 856//1643
f 791//1644 856//1644 855//1644
f 792//1645 793//1645 857//1645
f 792//1646 857//1646 856//1646
f 793//1647 794//1647 858//1647
f 793//1648 858//1648 857//1648
f 794//1649 795//1649 859//1649
f 794//1650 859//1650 858//1650
f 795//1651 796//1651 860//1651
f 795//1652 860//1652 859//1652
f 796//1653 797//1653 861//1653
f 796//1654 861//1654 860//1654
f 797//1655 798//1655 862//1655
f 797//1656 862//1656 861//1656
f 798//1657 799//1657 863//1657
f 798//1658 863//1658 862//1658
f 799//1659 800//1659 864//1659
f 799//1660 864//1660 863//1660
f 800//1661 801//1661 865//1661
f 800//1662 865//1662 864//1662
f 801//1663 802//1663 866//1663
f 801//1664 866//1664 865//1664
f 802//1665 803//1665 867//1665
f 802//1666 867//1666 866//1666
f 803//1667 804//1667 868//1667
f 803//1668 868//1668 867//1668
f 804//1669 805//1669 869//1669
f 804//1670 869//1670 868//1670
f 805//1671 806//1671 870//1671
f 805//1672 870//1672 869//1672
f 806//1673 807//1673 871//1673
f 806//1674 871//1674 870//1674
f 807//1675 808//1675 872//1675
f 807//1676 872//1676 871//1676
f 808//1677 809//1677 873//1677
f 808//1678 873//1678 872//1678
f 809//1679 810//1679 874//1679
f 809//1680 874//1680 873//1680
f 810//1681 811//1681 875//1681
f 810//1682 875//1682 874//1682
f 811//1683 812//1683 876//1683
f 811//1684 876//1684 875//1684
f 812//1685 813//1685 877//1685
f 812//1686 877//1686 876//1686
f 813//1687 814//1687 878//1687
f 813//1688 878//1688 877//1688
f 814//1689 815//1689 879//1689
f 814//1690 879//1690 878//1690
f 815//1691 816//1691 880//1691
f 815//1692 880//1692 879//1692
f 816//1693 817//1693 881//1693
f 816//1694 881//1694 880//1694
f 817//1695 818//1695 882//1695
f 817//1696 882//1696 881//1696
f 818//1697 819//1697 883//1697
f 818//1698 883//1698 882//1698
f 819//1699 820//1699 884//1699
f 819//1700 884//1700 883//1700
f 820//1701 821//1701 885//1701
f 820//1702 885//1702 884//1702
f 821//1703 822//1703 886//1703
f 821//1704 886//1704 885//1704
f 822//1705 823//1705 887//1705
f 822//1706 887//1706 886//1706
f 823//1707 824//1707 888//1707
f 823//1708 888//1708 887//1708
f 824//1709 825//1709 889//1709
f 824//1710 889//1710 888//1710
f 825//1711 826//1711 890//1711
f 825//1712 890//1712 889//1712
f 826//1713 827//1713 891//1713
f 826//1714 891//1714 890//1714
f 827//1715 828//1715 892//1715
f 827//1716 892//1716 891//1716
f 828//1717 829//1717 893//1717
f 828//1718 893//1718 892//1718
f 829//1719 830//1719 894//1719
f 829//1720 894//1720 893//1720
f 830//1721 831//1721 895//1721
f 830//1722 895//1722 894//1722
f 831//1723 832//1723 896//1723
f 831//1724 896//1724 895//1724
f 832//1725 833//1725 897//1725
f 832//1726 897//1726 896//1726
f 833//1727 770//1727 834//1727
f 833//1728 834//1728 897//1728
f 834//1729 835//1729 899//1729
f 834//1730 899//1730 898//1730
f 835//1731 836//1731 900//1731
f 835//1732 900//1732 899//1732
f 836//1733 837//1733 901//1733
f 836//1734 901//1734 900//1734
f 837//1735 838//1735 902//1735
f 837//1736 902//1736 901//1736
f 838//1737 839//1737 903//1737
f 838//1738 903//1738 902//1738
f 839//1739 840//1739 904//1739
f 839//1740 904//1740 903//1740
f 840//1741 841//1741 905//1741
f 840//1742 905//1742 904//1742
f 841//1743 842//1743 906//1743
f 841//1744 906//1744 905//1744
f 842//1745 843//1745 907//1745
f 842//1746 907//1746 906//1746
f 843//1747 844//1747 908//1747
f 843//1748 908//1748 907//1748
f 844//1749 845//1749 909//1749
f 844//1750 909//1750 908//1750
f 845//1751 846//1751 910//1751
f 845//1752 910//1752 909//1752
f 846//1753 847//1753 911//1753
f 846//1754 911//1754 910//1754
f 847//1755 848//1755 912//1755
f 847//1756 912//1756 911//1756
f 848//1757 849//1757 913//1757
f 848//1758 913//1758 912//1758
f 849//1759 850//1759 914//1759
f 849//1760 914//1760 913//1760
f 850//1761 851//1761 915//1761
f 850//1762 915//1762 914//1762
f 851//1763 852//1763 916//1763
f 851//1764 916//1764 915//1764
f 852//1765 853//1765 917//1765
f 852//1766 917//1766 916//1766
f 853//1767 854//1767 918//1767
f 853//1768 918//1768 917//1768
f 854//1769 855//1769 919//1769
f 854//1770 919//1770 918//1770
f 855//1771 856//1771 920//1771
f 855//1772 920//1772 919//1772
f 856//1773 857//1773 921//1773
f 856//1774 921//1774 920//1774
f 857//1775 858//1775 922//1775
f 857//1776 922//1776 921//1776
f 858//1777 859//1777 923//1777
f 858//1778 923//1778 922//1778
f 859//1779 860//1779 924//1779
f 859//1780 924//1780 923//1780
f 860//1781 861//1781 925//1781
f 860//1782 925//1782 924//1782
f 861//1783 862//1783 926//1783
f 861//1784 926//1784 925//1784
f 862//1785 863//1785 927//1785
f 862//1786 927//1786 926//1786
f 863//1787 864//1787 928//1787
f 863//1788 928//1788 927//1788
f 864//1789 865//1789 929//1789
f 864//1790 929//1790 928//1790
f 865//1791 866//1791 930//1791
f 865//1792 930//1792 929//1792
f 866//1793 867//1793 931//1793
f 866//1794 931//1794 930//1794
f 867//1795 868//1795 932//1795
f 867//1796 932//1796 931//1796
f 868//1797 869//1797 933//1797
f 868//1798 933//1798 932//1798
f 869//1799 870//1799 934//1799
f 869//1800 934//1800 933//1800
f 870//1801 871//1801 935//1801
f 870//1802 935//1802 934//1802
f 871//1803 872//1803 936//1803
f 871//1804 936//1804 935//1804
f 872//1805 873//1805 937//1805
f 872//1806 937//1806 936//1806
f 873//1807 874//1807 938//1807
f 873//1808 938//1808 937//1808
f 874//1809 875//1809 939//1809
f 874//1810 939//1810 938//1810
f 875//1811 876//1811 940//1811
f 875//1812 940//1812 939//1812
f 876//1813 877//1813 941//1813
f 876//1814 941//1814 940//1814
f 877//1815 878//1815 942//1815
f 877//1816 942//1816 941//1816
f 878//1817 879//1817 943//1817
f 878//1818 943//1818 942//1818
f 879//1819 880//1819 944//1819
f 879//1820 944//1820 943//1820
f 880//1821 881//1821 945//1821
f 880//1822 945//1822 944//1822
f 881//1823 882//1823 946//1823
f 881//1824 946//1824 945//1824
f 882//1825 883//1825 947//1825
f 882//1826 947//1826 946//1826
f 883//1827 884//1827 948//1827
f 883//1828 948//1828 947//1828
f 884//1829 885//1829 949//1829
f 884//1830 949//1830 948//1830
f 885//1831 886//1831 950//1831
f 885//1832 950//1832 949//1832
f 886//1833 887//1833 951//1833
f 886//1834 951//1834 950//1834
f 887//1835 888//1835 952//1835
f 887//1836 952//1836 951//1836
f 888//1837 889//1837 953//1837
f 888//1838 953//1838 952//1838
f 889//1839 890//1839 954//1839
f 889//1840 954//1840 953//1840
f 890//1841 891//1841 955//1841
f 890//1842 955//1842 954//1842
f 891//1843 892//1843 956//1843
f 891//1844 956//1844 955//1844
f 892//1845 893//1845 957//1845
f 892//1846 957//1846 956//1846
f 893//1847 894//1847 958//1847
f 893//1848 958//1848 957//1848
f 894//1849 895//1849 959//1849
f 894//1850 959//1850 958//1850
f 895//1851 896//1851 960//1851
f 895//1852 960//1852 959//1852
f 896//1853 897//1853 961//1853
f 896//1854 961//1854 960//1854
f 897//1855 834//1855 898//1855
f 897//1856 898//1856 961//1856
f 898//1857 899//1857 963//1857
f 898//1858 963//1858 962//1858
f 899//1859 900//1859 964//1859
f 899//1860 964//1860 963//1860
f 900//1861 901//1861 965//1861
f 900//1862 965//1862 964//1862
f 901//1863 902//1863 966//1863
f 901//1864 966//1864 965//1864
f 902//1865 903//1865 967//1865
f 902//1866 967//1866 966//1866
f 903//1867 904//1867 968//1867
f 903//1868 968//1868 967//1868
f 904//1869 905//1869 969//1869
f 904//1870 969//1870 968//1870
f 905//1871 906//1871 970//1871
f 905//1872 970//1872 969//1872
f 906//1873 907//1873 971//1873
f 906//1874 971//1874 970//1874
f 907//1875 908//1875 972//1875
f 907//1876 972//1876 971//1876
f 908//1877 909//1877 973//1877
f 908//1878 973//1878 972//1878
f 909//1879 910//1879 974//1879
f 909//1880 974//1880 973//1880
f 910//1881 911//1881 975//1881
f 910//1882 975//1882 974//1882
f 911//1883 912//1883 976//1883
f 911//1884 976//1884 975//1884
f 912//1885 913//1885 977//1885
f 912//1886 977//1886 976//1886
f 913//1887 914//1887 978//1887
f 913//1888 978//1888 977//1888
f 914//1889 915//1889 979//1889
f 914//1890 979//1890 978//1890
f 915//1891 916//1891 980//1891
f 915//1892 980//1892 979//1892
f 916//1893 917//1893 981//1893
f 916//1894 981//1894 980//1894
f 917//1895 918//1895 982//1895
f 917//1896 982//1896 981//1896
f 918//1897 919//1897 983//1897
f 918//1898 983//1898 982//1898
f 919//1899 920//1899 984//1899
f 919//1900 984//1900 983//1900
f 920//1901 921//1901 985//1901
f 920//1902 985//1902 984//1902
f 921//1903 922//1903 986//1903
f 921//1904 986//1904 985//1904
f 922//1905 923//1905 987//1905
f 922//1906 987//1906 986//1906
f 923//1907 924//1907 988//1907
f 923//1908 988//1908 987//1908
f 924//1909 925//1909 989//1909
f 924//1910 989//1910 988//1910
f 925//1911 926//1911 990//1911
f 925//1912 990//1912 989//1912
f 926//1913 927//1913 991//1913
f 926//1914 991//1914 990//1914
f 927//1915 928//1915 992//1915
f 927//1916 992//1916 991//1916
f 928//1917 929//1917 993//1917
f 928//1918 993//1918 992//1918
f 929//1919 930//1919 994//1919
f 929//1920 994//1920 993//1920
f 930//1921 931//1921 995//1921
f 930//1922 995//1922 994//1922
f 931//1923 932//1923 996//1923
f 931//1924 996//1924 995//1924
f 932//1925 933//1925 997//1925
f 932//1926 997//1926 996//1926
f 933//1927 934//1927 998//1927
f 933//1928 998//1928 997//1928
f 934//1929 935//1929 999//1929
f 934//1930 999//1930 998//1930
f 935//1931 936//1931 1000//1931
f 935//1932 1000//1932 999//1932
f 936//1933 937//1933 1001//1933
f 936//1934 1001//1934 1000//1934
f 937//1935 938//1935 1002//1935
f 937//1936 1002//1936 1001//1936
f 938//1937 939//1937 1003//1937
f 938//1938 1003//1938 1002//1938
f 939//1939 940//1939 1004//1939
f 939//1940 1004//1940 1003//1940
f 940//1941 941//1941 1005//1941
f 940//1942 1005//1942 1004//1942
f 941//1943 942//1943 1006//1943
f 941//1944 1006//1944 1005//1944
f 942//1945 943//1945 1007//1945
f 942//1946 1007//1946 1006//1946
f 943//1947 944//1947 1008//1947
f 943//1948 1008//1948 1007//1948
f 944//1949 945//1949 1009//1949
f 944//1950 1009//1950 1008//1950
f 945//1951 946//1951 1010//1951
f 945//1952 1010//1952 1009//1952
f 946//1953 947//1953 1011//1953
f 946//1954 1011//1954 1010//1954
f 947//1955 948//1955 1012//1955
f 947//1956 1012//1956 1011//1956
f 948//1957 949//1957 1013//1957
f 948//1958 1013//1958 1012//1958
f 949//1959 950//1959 1014//1959
f 949//1960 1014//1960 1013//1960
f 950//1961 951//1961 1015//1961
f 950//1962 1015//1962 1014//1962
f 951//1963 952//1963 1016//1963
f 951//1964 1016//1964 1015//1964
f 952//1965 953//1965 1017//1965
f 952//1966 1017//1966 1016//1966
f 953//1967 954//1967 1018//1967
f 953//1968 1018//1968 1017//1968
f 954//1969 955//1969 1019//1969
f 954//1970 1019//1970 1018//1970
f 955//1971 956//1971 1020//1971
f 955//1972 1020//1972 1019//1972
f 956//1973 957//1973 1021//1973
f 956//1974 1021//1974 1020//1974
f 957//1975 958//1975 1022//1975
f 957//1976 1022//1976 1021//1976
f 958//1977 959//1977 1023//1977
f 958//1978 1023//1978 1022//1978
f 959//1979 960//1979 1024//1979
f 959//1980 1024//1980 1023//1980
f 960//1981 961//1981 1025//1981
f 960//1982 1025//1982 1024//1982
f 961//1983 898//1983 962//1983
f 961//1984 962//1984 1025//1984
f 962//1985 963//1985 1027//1985
f 962//1986 1027//1986 1026//1986
f 963//1987 964//1987 1028//1987
f 963//1988 1028//1988 1027//1988
f 964//1989 965//1989 1029//1989
f 964//1990 1029//1990 1028//1990
f 965//1991 966//1991 1030//1991
f 965//1992 1030//1992 1029//1992
f 966//1993 967//1993 1031//1993
f 966//1994 1031//1994 1030//1994
f 967//1995 968//1995 1032//1995
f 967//1996 1032//1996 1031//1996
f 968//1997 969//1997 1033//1997
f 968//1998 1033//1998 1032//1998
f 969//1999 970//1999 1034//1999
f 969//2000 1034//2000 1033//2000
f 970//2001 971//2001 1035//2001
f 970//2002 1035//2002 1034//2002
f 971//2003 972//2003 1036//2003
f 971//2004 1036//2004 1035//2004
f 972//2005 973//2005 1037//2005
f 972//2006 1037//2006 1036//2006
f 973//2007 974//2007 1038//2007
f 973//2008 1038//2008 1037//2008
f 974//2009 975//2009 1039//2009
f 974//2010 1039//2010 1038//2010
f 975//2011 976//2011 1040//2011
f 975//2012 1040//2012 1039//2012
f 976//2013 977//2013 1041//2013
f 976//2014 1041//2014 1040//2014
f 977//2015 978//2015 1042//2015
f 977//2016 1042//2016 1041//2016
f 978//2017 979//2017 1043//2017
f 978//2018 1043//2018 1042//2018
f 979//2019 980//2019 1044//2019
f 979//2020 1044//2020 1043//2020
f 980//2021 981//2021 1045//2021
f 980//2022 1045//2022 1044//2022
f 981//2023 982//2023 1046//2023
f 981//2024 1046//2024 1045//2024
f 982//2025 983//2025 1047//2025
f 982//2026 1047//2026 1046//2026
f 983//2027 984//2027 1048//2027
f 983//2028 1048//2028 1047//2028
f 984//2029 985//2029 1049//2029
f 984//2030 1049//2030 1048//2030
f 985//2031 986//2031 1050//2031
f 985//2032 1050//2032 1049//2032
f 986//2033 987//2033 1051//2033
f 986//2034 1051//2034 1050//2034
f 987//2035 988//2035 1052//2035
f 987//2036 1052//2036 1051//2036
f 988//2037 989//2037 1053//2037
f 988//2038 1053//2038 1052//2038
f 989//2039 990//2039 1054//2039
f 989//2040 1054//2040 1053//2040
f 990//2041 991//2041 1055//2041
f 990//2042 1055//2042 1054//2042
f 991//2043 992//2043 1056//2043
f 991//2044 1056//2044 1055//2044
f 992//2045 993//2045 1057//2045
f 992//2046 1057//2046 1056//2046
f 993//2047 994//2047 1058//2047
f 993//2048 1058//2048 1057//2048
f 994//2049 995//2049 1059//2049
f 994//2050 1059//2050 1058//2050
f 995//2051 996//2051 1060//2051
f 995//2052 1060//2052 1059//2052
f 996//2053 997//2053 1061//2053
f 996//2054 1061//2054 1060//2054
f 997//2055 998//2055 1062//2055
f 997//2056 1062//2056 1061//2056
f 998//2057 999//2057 1063//2057
f 998//2058 1063//2058 1062//2058
f 999//2059 1000//2059 1064//2059
f 999//2060 1064//2060 1063//2060
f 1000//2061 1001//2061 1065//2061
f 1000//2062 1065//2062 1064//2062
f 1001//2063 1002//2063 1066//2063
f 1001//2064 1066//2064 1065//2064
f 1002//2065 1003//2065 1067//2065
f 1002//2066 1067//2066 1066//2066
f 1003//2067 1004//2067 1068//2067
f 1003//2068 1068//2068 1067//2068
f 1004//2069 1005//2069 1069//2069
f 1004//2070 1069//2070 1068//2070
f 1005//2071 1006//2071 1070//2071
f 1005//2072 1070//2072 1069//2072
f 1006//2073 1007//2073 1071//2073
f 1006//2074 1071//2074 1070//2074
f 1007//2075 1008//2075 1072//2075
f 1007//2076 1072//2076 1071//2076
f 1008//2077 1009//2077 1073//2077
f 1008//2078 1073//2078 1072//2078
f 1009//2079 1010//2079 1074//2079
f 1009//2080 1074//2080 1073//2080
f 1010//2081 1011//2081 1075//2081
f 1010//2082 1075//2082 1074//2082
f 1011//2083 1012//2083 1076//2083
f 1011//2084 1076//2084 1075//2084
f 1012//2085 1013//2085 1077//2085
f 1012//2086 1077//2086 1076//2086
f 1013//2087 1014//2087 1078//2087
f 1013//2088 1078//2088 1077//2088
f 1014//2089 1015//2089 1079//2089
f 1014//2090 1079//2090 1078//2090
f 1015//2091 1016//2091 1080//2091
f 1015//2092 1080//2092 1079//2092
f 1016//2093 1017//2093 1081//2093
f 1016//2094 1081//2094 1080//2094
f 1017//2095 1018//2095 1082//2095
f 1017//2096 1082//2096 1081//2096
f 1018//2097 1019//2097 1083//2097
f 1018//2098 1083//2098 1082//2098
f 1019//2099 1020//2099 1084//2099
f 1019//2100 1084//2100 1083//2100
f 1020//2101 1021//2101 1085//2101
f 1020//2102 1085//2102 1084//2102
f 1021//2103 1022//2103 1086//2103
f 1021//2104 1086//2104 1085//2104
f 1022//2105 1023//2105 1087//2105
f 1022//2106 1087//2106 1086//2106
f 1023//2107 1024//2107 1088//2107
f 1023//2108 1088//2108 1087//2108
f 1024//2109 1025//2109 1089//2109
f 1024//2110 1089//2110 1088//2110
f 1025//2111 962//2111 1026//2111
f 1025//2112 1026//2112 1089//2112
f 1026//2113 1027//2113 1091//2113
f 1026//2114 1091//2114 1090//2114
f 1027//2115 1028//2115 1092//2115
f 1027//2116 1092//2116 1091//2116
f 1028//2117 1029//2117 1093//2117
f 1028//2118 1093//2118 1092//2118
f 1029//2119 1030//2119 1094//2119
f 1029//2120 1094//2120 1093//2120
f 1030//2121 1031//2121 1095//2121
f 1030//2122 1095//2122 1094//2122
f 1031//2123 1032//2123 1096//2123
f 1031//2124 1096//2124 1095//2124
f 1032//2125 1033//2125 1097//2125
f 1032//2126 1097//2126 1096//2126
f 1033//2127 1034//2127 1098//2127
f 1033//2128 1098//2128 1097//2128
f 1034//2129 1035//2129 1099//2129
f 1034//2130 1099//2130 1098//2130
f 1035//2131 1036//2131 1100//2131
f 1035//2132 1100//2132 1099//2132
f 1036//2133 1037//2133 1101//2133
f 1036//2134 1101//2134 1100//2134
f 1037//2135 1038//2135 1102//2135
f 1037//2136 1102//2136 1101//2136
f 1038//2137 1039//2137 1103//2137
f 1038//2138 1103//2138 1102//2138
f 1039//2139 1040//2139 1104//2139
f 1039//2140 1104//2140 1103//2140
f 1040//2141 1041//2141 1105//2141
f 1040//2142 1105//2142 1104//2142
f 1041//2143 1042//2143 1106//2143
f 1041//2144 1106//2144 1105//2144
f 1042//2145 1043//2145 1107//2145
f 1042//2146 1107//2146 1106//2146
f 1043//2147 1044//2147 1108//2147
f 1043//2148 1108//2148 1107//2148
f 1044//2149 1045//2149 1109//2149
f 1044//2150 1109//2150 1108//2150
f 1045//2151 1046//2151 1110//2151
f 1045//2152 1110//2152 1109//2152
f 1046//2153 1047//2153 1111//2153
f 1046//2154 1111//2154 1110//2154
f 1047//2155 1048//2155 1112//2155
f 1047//2156 1112//2156 1111//2156
f 1048//2157 1049//2157 1113//2157
f 1048//2158 1113//2158 1112//2158
f 1049//2159 1050//2159 1114//2159
f 1049//2160 1114//2160 1113//2160
f 1050//2161 1051//2161 1115//2161
f 1050//2162 1115//2162 1114//2162
f 1051//2163 1052//2163 1116//2163
f 1051//2164 1116//2164 1115//2164
f 1052//2165 1053//2165 1117//2165
f 1052//2166 1117//2166 1116//2166
f 1053//2167 1054//2167 1118//2167
f 1053//2168 1118//2168 1117//2168
f 1054//2169 1055//2169 1119//2169
f 1054//2170 1119//2170 1118//2170
f 1055//2171 1056//2171 1120//2171
f 1055//2172 1120//2172 1119//2172
f 1056//2173 1057//2173 1121//2173
f 1056//2174 1121//2174 1120//2174
f 1057//2175 1058//2175 1122//2175
f 1057//2176 1122//2176 1121//2176
f 1058//2177 1059//2177 1123//2177
f 1058//2178 1123//2178 1122//2178
f 1059//2179 1060//2179 1124//2179
f 1059//2180 1124//2180 1123//2180
f 1060//2181 1061//2181 1125//2181
f 1060//2182 1125//2182 1124//2182
f 1061//2183 1062//2183 1126//2183
f 1061//2184 1126//2184 1125//2184
f 1062//2185 1063//2185 1127//2185
f 1062//2186 1127//2186 1126//2186
f 1063//2187 1064//2187 1128//2187
f 1063//2188 1128//2188 1127//2188
f 1064//2189 1065//2189 1129//2189
f 1064//2190 1129//2190 1128//2190
f 1065//2191 1066//2191 1130//2191
f 1065//2192 1130//2192 1129//2192
f 1066//2193 1067//2193 1131//2193
f 1066//2194 1131//2194 1130//2194
f 1067//2195 1068//2195 1132//2195
f 1067//2196 1132//2196 1131//2196
f 1068//2197 1069//2197 1133//2197
f 1068//2198 1133//2198 1132//2198
f 1069//2199 1070//2199 1134//2199
f 1069//2200 1134//2200 1133//2200
f 1070//2201 1071//2201 1135//2201
f 1070//2202 1135//2202 1134//2202
f 1071//2203 1072//2203 1136//2203
f 1071//2204 1136//2204 1135//2204
f 1072//2205 1073//2205 1137//2205
f 1072//2206 1137//2206 1136//2206
f 1073//2207 1074//2207 1138//2207
f 1073//2208 1138//2208 1137//2208
f 1074//2209 1075//2209 1139//2209
f 1074//2210 1139//2210 1138//2210
f 1075//2211 1076//2211 1140//2211
f 1075//2212 1140//2212 1139//2212
f 1076//2213 1077//2213 1141//2213
f 1076//2214 1141//2214 1140//2214
f 1077//2215 1078//2215 1142//2215
f 1077//2216 1142//2216 1141//2216
f 1078//2217 1079//2217 1143//2217
f 1078//2218 1143//2218 1142//2218
f 1079//2219 1080//2219 1144//2219
f 1079//2220 1144//2220 1143//2220
f 1080//2221 1081//2221 1145//2221
f 1080//2222 1145//2222 1144//2222
f 1081//2223 1082//2223 1146//2223
f 1081//2224 1146//2224 1145//2224
f 1082//2225 1083//2225 1147//2225
f 1082//2226 1147//2226 1146//2226
f 1083//2227 1084//2227 1148//2227
f 1083//2228 1148//2228 1147//2228
f 1084//2229 1085//2229 1149//2229
f 1084//2230 1149//2230 1148//2230
f 1085//2231 1086//2231 1150//2231
f 1085//2232 1150//2232 1149//2232
f 1086//2233 1087//2233 1151//2233
f 1086//2234 1151//2234 1150//2234
f 1087//2235 1088//2235 1152//2235
f 1087//2236 1152//2236 1151//2236
f 1088//2237 1089//2237 1153//2237
f 1088//2238 1153//2238 1152//2238
f 1089//2239 1026//2239 1090//2239
f 1089//2240 1090//2240 1153//2240
f 1090//2241 1091//2241 1155//2241
f 1090//2242 1155//2242 1154//2242
f 1091//2243 1092//2243 1156//2243
f 1091//2244 1156//2244 1155//2244
f 1092//2245 1093//2245 1157//2245
f 1092//2246 1157//2246 1156//2246
f 1093//2247 1094//2247 1158//2247
f 1093//2248 1158//2248 1157//2248
f 1094//2249 1095//2249 1159//2249
f 1094//2250 1159//2250 1158//2250
f 1095//2251 1096//2251 1160//2251
f 1095//2252 1160//2252 1159//2252
f 1096//2253 1097//2253 1161//2253
f 1096//2254 1161//2254 1160//2254
f 1097//2255 1098//2255 1162//2255
f 1097//2256 1162//2256 1161//2256
f 1098//2257 1099//2257 1163//2257
f 1098//2258 1163//2258 1162//2258
f 1099//2259 1100//2259 1164//2259
f 1099//2260 1164//2260 1163//2260
f 1100//2261 1101//2261 1165//2261
f 1100//2262 1165//2262 1164//2262
f 1101//2263 1102//2263 1166//2263
f 1101//2264 1166//2264 1165//2264
f 1102//2265 1103//2265 1167//2265
f 1102//2266 1167//2266 1166//2266
f 1103//2267 1104//2267 1168//2267
f 1103//2268 1168//2268 1167//2268
f 1104//2269 1105//2269 1169//2269
f 1104//2270 1169//2270 1168//2270
f 1105//2271 1106//2271 1170//2271
f 1105//2272 1170//2272 1169//2272
f 1106//2273 1107//2273 1171//2273
f 1106//2274 1171//2274 1170//2274
f 1107//2275 1108//2275 1172//2275
f 1107//2276 1172//2276 1171//2276
f 1108//2277 1109//2277 1173//2277
f 1108//2278 1173//2278 1172//2278
f 1109//2279 1110//2279 1174//2279
f 1109//2280 1174//2280 1173//2280
f 1110//2281 1111//2281 1175//2281
f 1110//2282 1175//2282 1174//2282
f 1111//2283 1112//2283 1176//2283
f 1111//2284 1176//2284 1175//2284
f 1112//2285 1113//2285 1177//2285
f 1112//2286 1177//2286 1176//2286
f 1113//2287 1114//2287 1178//2287
f 1113//2288 1178//2288 1177//2288
f 1114//2289 1115//2289 1179//2289
f 1114//2290 1179//2290 1178//2290
f 1115//2291 1116//2291 1180//2291
f 1115//2292 1180//2292 1179//2292
f 1116//2293 1117//2293 1181//2293
f 1116//2294 1181//2294 1180//2294
f 1117//2295 1118//2295 1182//2295
f 1117//2296 1182//2296 1181//2296
f 1118//2297 1119//2297 1183//2297
f 1118//2298 1183//2298 1182//2298
f 1119//2299 1120//2299 1184//2299
f 1119//2300 1184//2300 1183//2300
f 1120//2301 1121//2301 1185//2301
f 1120//2302 1185//2302 1184//2302
f 1121//2303 1122//2303 1186//2303
f 1121//2304 1186//2304 1185//2304
f 1122//2305 1123//2305 1187//2305
f 1122//2306 1187//2306 1186//2306
f 1123//2307 1124//2307 1188//2307
f 1123//2308 1188//2308 1187//2308
f 1124//2309 1125//2309 1189//2309
f 1124//2310 1189//2310 1188//2310
f 1125//2311 1126//2311 1190//2311
f 1125//2312 1190//2312 1189//2312
f 1126//2313 1127//2313 1191//2313
f 1126//2314 1191//2314 1190//2314
f 1127//2315 1128//2315 1192//2315
f 1127//2316 1192//2316 1191//2316
f 1128//2317 1129//2317 1193//2317
f 1128//2318 1193//2318 1192//2318
f 1129//2319 1130//2319 1194//2319
f 1129//2320 1194//2320 1193//2320
f 1130//2321 1131//2321 1195//2321
f 1130//2322 1195//2322 1194//2322
f 1131//2323 1132//2323 1196//2323
f 1131//2324 1196//2324 1195//2324
f 1132//2325 1133//2325 1197//2325
f 1132//2326 1197//2326 1196//2326
f 1133//2327 1134//2327 1198//2327
f 1133//2328 1198//2328 1197//2328
f 1134//2329 1135//2329 1199//2329
f 1134//2330 1199//2330 1198//2330
f 1135//2331 1136//2331 1200//2331
f 1135//2332 1200//2332 1199//2332
f 1136//2333 1137//2333 1201//2333
f 1136//2334 1201//2334 1200//2334
f 1137//2335 1138//2335 1202//2335
f 1137//2336 1202//2336 1201//2336
f 1138//2337 1139//2337 1203//2337
f 1138//2338 1203//2338 1202//2338
f 1139//2339 1140//2339 1204//2339
f 1139//2340 1204//2340 1203//2340
f 1140//2341 1141//2341 1205//2341
f 1140//2342 1205//2342 1204//2342
f 1141//2343 1142//2343 1206//2343
f 1141//2344 1206//2344 1205//2344
f 1142//2345 1143//2345 1207//2345
f 1142//2346 1207//2346 1206//2346
f 1143//2347 1144//2347 1208//2347
f 1143//2348 1208//2348 1207//2348
f 1144//2349 1145//2349 1209//2349
f 1144//2350 1209//2350 1208//2350
f 1145//2351 1146//2351 1210//2351
f 1145//2352 1210//2352 1209//2352
f 1146//2353 1147//2353 1211//2353
f 1146//2354 1211//2354 1210//2354
f 1147//2355 1148//2355 1212//2355
f 1147//2356 1212//2356 1211//2356
f 1148//2357 1149//2357 1213//2357
f 1148//2358 1213//2358 1212//2358
f 1149//2359 1150//2359 1214//2359
f 1149//2360 1214//2360 1213//2360
f 1150//2361 1151//2361 1215//2361
f 1150//2362 1215//2362 1214//2362
f 1151//2363 1152//2363 1216//2363
f 1151//2364 1216//2364 1215//2364
f 1152//2365 1153//2365 1217//2365
f 1152//2366 1217//2366 1216//2366
f 1153//2367 1090//2367 1154//2367
f 1153//2368 1154//2368 1217//2368
f 1154//2369 1155//2369 1219//2369
f 1154//2370 1219//2370 1218//2370
f 1155//2371 1156//2371 1220//2371
f 1155//2372 1220//2372 1219//2372
f 1156//2373 1157//2373 1221//2373
f 1156//2374 1221//2374 1220//2374
f 1157//2375 1158//2375 1222//2375
f 1157//2376 1222//2376 1221//2376
f 1158//2377 1159//2377 1223//2377
f 1158//2378 1223//2378 1222//2378
f 1159//2379 1160//2379 1224//2379
f 1159//2380 1224//2380 1223//2380
f 1160//2381 1161//2381 1225//2381
f 1160//2382 1225//2382 1224//2382
f 1161//2383 1162//2383 1226//2383
f 1161//2384 1226//2384 1225//2384
f 1162//2385 1163//2385 1227//2385
f 1162//2386 1227//2386 1226//2386
f 1163//2387 1164//2387 1228//2387
f 1163//2388 1228//2388 1227//2388
f 1164//2389 1165//2389 1229//2389
f 1164//2390 1229//2390 1228//2390
f 1165//2391 1166//2391 1230//2391
f 1165//2392 1230//2392 1229//2392
f 1166//2393 1167//2393 1231//2393
f 1166//2394 1231//2394 1230//2394
f 1167//2395 1168//2395 1232//2395
f 1167//2396 1232//2396 1231//2396
f 1168//2397 1169//2397 1233//2397
f 1168//2398 1233//2398 1232//2398
f 1169//2399 1170//2399 1234//2399
f 1169//2400 1234//2400 1233//2400
f 1170//2401 1171//2401 1235//2401
f 1170//2402 1235//2402 1234//2402
f 1171//2403 1172//2403 1236//2403
f 1171//2404 1236//2404 1235//2404
f 1172//2405 1173//2405 1237//2405
f 1172//2406 1237//2406 1236//2406
f 1173//2407 1174//2407 1238//2407
f 1173//2408 1238//2408 1237//2408
f 1174//2409 1175//2409 1239//2409
f 1174//2410 1239//2410 1238//2410
f 1175//2411 1176//2411 1240//2411
f 1175//2412 1240//2412 1239//2412
f 1176//2413 1177//2413 1241//2413
f 1176//2414 1241//2414 1240//2414
f 1177//2415 1178//2415 1242//2415
f 1177//2416 1242//2416 1241//2416
f 1178//2417 1179//2417 1243//2417
f 1178//2418 1243//2418 1242//2418
f 1179//2419 1180//2419 1244//2419
f 1179//2420 1244//2420 1243//2420
f 1180//2421 1181//2421 1245//2421
f 1180//2422 1245//2422 1244//2422
f 1181//2423 1182//2423 1246//2423
f 1181//2424 1246//2424 1245//2424
f 1182//2425 1183//2425 1247//2425
f 1182//2426 1247//2426 1246//2426
f 1183//2427 1184//2427 1248//2427
f 1183//2428 1248//2428 1247//2428
f 1184//2429 1185//2429 1249//2429
f 1184//2430 1249//2430 1248//2430
f 1185//2431 1186//2431 1250//2431
f 1185//2432 1250//2432 1249//2432
f 1186//2433 1187//2433 1251//2433
f 1186//2434 1251//2434 1250//2434
f 1187//2435 1188//2435 1252//2435
f 1187//2436 1252//2436 1251//2436
f 1188//2437 1189//2437 1253//2437
f 1188//2438 1253//2438 1252//2438
f 1189//2439 1190//2439 1254//2439
f 1189//2440 1254//2440 1253//2440
f 1190//2441 1191//2441 1255//2441
f 1190//2442 1255//2442 1254//2442
f 1191//2443 1192//2443 1256//2443
f 1191//2444 1256//2444 1255//2444
f 1192//2445 1193//2445 1257//2445
f 1192//2446 1257//2446 1256//2446
f 1193//2447 1194//2447 1258//2447
f 1193//2448 1258//2448 1257//2448
f 1194//2449 1195//2449 1259//2449
f 1194//2450 1259//2450 1258//2450
f 1195//2451 1196//2451 1260//2451
f 1195//2452 1260//2452 1259//2452
f 1196//2453 1197//2453 1261//2453
f 1196//2454 1261//2454 1260//2454
f 1197//2455 1198//2455 1262//2455
f 1197//2456 1262//2456 1261//2456
f 1198//2457 1199//2457 1263//2457
f 1198//2458 1263//2458 1262//2458
f 1199//2459 1200//2459 1264//2459
f 1199//2460 1264//2460 1263//2460
f 1200//2461 1201//2461 1265//2461
f 1200//2462 1265//2462 1264//2462
f 1201//2463 1202//2463 1266//2463
f 1201//2464 1266//2464 1265//2464
f 1202//2465 1203//2465 1267//2465
f 1202//2466 1267//2466 1266//2466
f 1203//2467 1204//2467 1268//2467
f 1203//2468 1268//2468 1267//2468
f 1204//2469 1205//2469 1269//2469
f 1204//2470 1269//2470 1268//2470
f 1205//2471 1206//2471 1270//2471
f 1205//2472 1270//2472 1269//2472
f 1206//2473 1207//2473 1271//2473
f 1206//2474 1271//2474 1270//2474
f 1207//2475 1208//2475 1272//2475
f 1207//2476 1272//2476 1271//2476
f 1208//2477 1209//2477 1273//2477
f 1208//2478 1273//2478 1272//2478
f 1209//2479 1210//2479 1274//2479
f 1209//2480 1274//2480 1273//2480
f 1210//2481 1211//2481 1275//2481
f 1210//2482 1275//2482 1274//2482
f 1211//2483 1212//2483 1276//2483
f 1211//2484 1276//2484 1275//2484
f 1212//2485 1213//2485 1277//2485
f 1212//2486 1277//2486 1276//2486
f 1213//2487 1214//2487 1278//2487
f 1213//2488 1278//2488 1277//2488
f 1214//2489 1215//2489 1279//2489
f 1214//2490 1279//2490 1278//2490
f 1215//2491 1216//2491 1280//2491
f 1215//2492 1280//2492 1279//2492
f 1216//2493 1217//2493 1281//2493
f 1216//2494 1281//2494 1280//2494
f 1217//2495 1154//2495 1218//2495
f 1217//2496 1218//2496 1281//2496
f 1218//2497 1219//2497 1283//2497
f 1218//2498 1283//2498 1282//2498
f 1219//2499 1220//2499 1284//2499
f 1219//2500 1284//2500 1283//2500
f 1220//2501 1221//2501 1285//2501
f 1220//2502 1285//2502 1284//2502
f 1221//2503 1222//2503 1286//2503
f 1221//2504 1286//2504 1285//2504
f 1222//2505 1223//2505 1287//2505
f 1222//2506 1287//2506 1286//2506
f 1223//2507 1224//2507 1288//2507
f 1223//2508 1288//2508 1287//2508
f 1224//2509 1225//2509 1289//2509
f 1224//2510 1289//2510 1288//2510
f 1225//2511 1226//2511 1290//2511
f 1225//2512 1290//2512 1289//2512
f 1226//2513 1227//2513 1291//2513
f 1226//2514 1291//2514 1290//2514
f 1227//2515 1228//2515 1292//2515
f 1227//2516 1292//2516 1291//2516
f 1228//2517 1229//2517 1293//2517
f 1228//2518 1293//2518 1292//2518
f 1229//2519 1230//2519 1294//2519
f 1229//2520 1294//2520 1293//2520
f 1230//2521 1231//2521 1295//2521
f 1230//2522 1295//2522 1294//2522
f 1231//2523 1232//2523 1296//2523
f 1231//2524 1296//2524 1295//2524
f 1232//2525 1233//2525 1297//2525
f 1232//2526 1297//2526 1296//2526
f 1233//2527 1234//2527 1298//2527
f 1233//2528 1298//2528 1297//2528
f 1234//2529 1235//2529 1299//2529
f 1234//2530 1299//2530 1298//2530
f 1235//2531 1236//2531 1300//2531
f 1235//2532 1300//2532 1299//2532
f 1236//2533 1237//2533 1301//2533
f 1236//2534 1301//2534 1300//2534
f 1237//2535 1238//2535 1302//2535
f 1237//2536 1302//2536 1301//2536
f 1238//2537 1239//2537 1303//2537
f 1238//2538 1303//2538 1302//2538
f 1239//2539 1240//2539 1304//2539
f 1239//2540 1304//2540 1303//2540
f 1240//2541 1241//2541 1305//2541
f 1240//2542 1305//2542 1304//2542
f 1241//2543 1242//2543 1306//2543
f 1241//2544 1306//2544 1305//2544
f 1242//2545 1243//2545 1307//2545
f 1242//2546 1307//2546 1306//2546
f 1243//2547 1244//2547 1308//2547
f 1243//2548 1308//2548 1307//2548
f 1244//2549 1245//2549 1309//2549
f 1244//2550 1309//2550 1308//2550
f 1245//2551 1246//2551 1310//2551
f 1245//2552 1310//2552 1309//2552
f 1246//2553 1247//2553 1311//2553
f 1246//2554 1311//2554 1310//2554
f 1247//2555 1248//2555 1312//2555
f 1247//2556 1312//2556 1311//2556
f 1248//2557 1249//2557 1313//2557
f 1248//2558 1313//2558 1312//2558
f 1249//2559 1250//2559 1314//2559
f 1249//2560 1314//2560 1313//2560
f 1250//2561 1251//2561 1315//2561
f 1250//2562 1315//2562 1314//2562
f 1251//2563 1252//2563 1316//2563
f 1251//2564 1316//2564 1315//2564
f 1252//2565 1253//2565 1317//2565
f 1252//2566 1317//2566 1316//2566
f 1253//2567 1254//2567 1318//2567
f 1253//2568 1318//2568 1317//2568
f 1254//2569 1255//2569 1319//2569
f 1254//2570 1319//2570 1318//2570
f 1255//2571 1256//2571 1320//2571
f 1255//2572 1320//2572 1319//2572
f 1256//2573 1257//2573 1321//2573
f 1256//2574 1321//2574 1320//2574
f 1257//2575 1258//2575 1322//2575
f 1257//2576 1322//2576 1321//2576
f 1258//2577 1259//2577 1323//2577
f 1258//2578 1323//2578 1322//2578
f 1259//2579 1260//2579 1324//2579
f 1259//2580 1324//2580 1323//2580
f 1260//2581 1261//2581 1325//2581
f 1260//2582 1325//2582 1324//2582
f 1261//2583 1262//2583 1326//2583
f 1261//2584 1326//2584 1325//2584
f 1262//2585 1263//2585 1327//2585
f 1262//2586 1327//2586 1326//2586
f 1263//2587 1264//2587 1328//2587
f 1263//2588 1328//2588 1327//2588
f 1264//2589 1265//2589 1329//2589
f 1264//2590 1329//2590 1328//2590
f 1265//2591 1266//2591 1330//2591
f 1265//2592 1330//2592 1329//2592
f 1266//2593 1267//2593 1331//2593
f 1266//2594 1331//2594 1330//2594
f 1267//2595 1268//2595 1332//2595
f 1267//2596 1332//2596 1331//2596
f 1268//2597 1269//2597 1333//2597
f 1268//2598 1333//2598 1332//2598
f 1269//2599 1270//2599 1334//2599
f 1269//2600 1334//2600 1333//2600
f 1270//2601 1271//2601 1335//2601
f 1270//2602 1335//2602 1334//2602
f 1271//2603 1272//2603 1336//2603
f 1271//2604 1336//2604 1335//2604
f 1272//2605 1273//2605 1337//2605
f 1272//2606 1337//2606 1336//2606
f 1273//2607 1274//2607 1338//2607
f 1273//2608 1338//2608 1337//2608
f 1274//2609 1275//2609 1339//2609
f 1274//2610 1339//2610 1338//2610
f 1275//2611 1276//2611 1340//2611
f 1275//2612 1340//2612 1339//2612
f 1276//2613 1277//2613 1341//2613
f 1276//2614 1341//2614 1340//2614
f 1277//2615 1278//2615 1342//2615
f 1277//2616 1342//2616 1341//2616
f 1278//2617 1279//2617 1343//2617
f 1278//2618 1343//2618 1342//2618
f 1279//2619 1280//2619 1344//2619
f 1279//2620 1344//2620 1343//2620
f 1280//2621 1281//2621 1345//2621
f 1280//2622 1345//2622 1344//2622
f 1281//2623 1218//2623 1282//2623
f 1281//2624 1282//2624 1345//2624
f 1282//2625 1283//2625 1347//2625
f 1282//2626 1347//2626 1346//2626
f 1283//2627 1284//2627 1348//2627
f 1283//2628 1348//2628 1347//2628
f 1284//2629 1285//2629 1349//2629
f 1284//2630 1349//2630 1348//2630
f 1285//2631 1286//2631 1350//2631
f 1285//2632 1350//2632 1349//2632
f 1286//2633 1287//2633 1351//2633
f 1286//2634 1351//2634 1350//2634
f 1287//2635 1288//2635 1352//2635
f 1287//2636 1352//2636 1351//2636
f 1288//2637 1289//2637 1353//2637
f 1288//2638 1353//2638 1352//2638
f 1289//2639 1290//2639 1354//2639
f 1289//2640 1354//2640 1353//2640
f 1290//2641 1291//2641 1355//2641
f 1290//2642 1355//2642 1354//2642
f 1291//2643 1292//2643 1356//2643
f 1291//2644 1356//2644 1355//2644
f 1292//2645 1293//2645 1357//2645
f 1292//2646 1357//2646 1356//2646
f 1293//2647 1294//2647 1358//2647
f 1293//2648 1358//2648 1357//2648
f 1294//2649 1295//2649 1359//2649
f 1294//2650 1359//2650 1358//2650
f 1295//2651 1296//2651 1360//2651
f 1295//2652 1360//2652 1359//2652
f 1296//2653 1297//2653 1361//2653
f 1296//2654 1361//2654 1360//2654
f 1297//2655 1298//2655 1362//2655
f 1297//2656 1362//2656 1361//2656
f 1298//2657 1299//2657 1363//2657
f 1298//2658 1363//2658 1362//2658
f 1299//2659 1300//2659 1364//2659
f 1299//2660 1364//2660 1363//2660
f 1300//2661 1301//2661 1365//2661
f 1300//2662 1365//2662 1364//2662
f 1301//2663 1302//2663 1366//2663
f 1301//2664 1366//2664 1365//2664
f 1302//2665 1303//2665 1367//2665
f 1302//2666 1367//2666 1366//2666
f 1303//2667 1304//2667 1368//2667
f 1303//2668 1368//2668 1367//2668
f 1304//2669 1305//2669 1369//2669
f 1304//2670 1369//2670 1368//2670
f 1305//2671 1306//2671 1370//2671
f 1305//2672 1370//2672 1369//2672
f 1306//2673 1307//2673 1371//2673
f 1306//2674 1371//2674 1370//2674
f 1307//2675 1308//2675 1372//2675
f 1307//2676 1372//2676 1371//2676
f 1308//2677 1309//2677 1373//2677
f 1308//2678 1373//2678 1372//2678
f 1309//2679 1310//2679 1374//2679
f 1309//2680 1374//2680 1373//2680
f 1310//2681 1311//2681 1375//2681
f 1310//2682 1375//2682 1374//2682
f 1311//2683 1312//2683 1376//2683
f 1311//2684 1376//2684 1375//2684
f 1312//2685 1313//2685 1377//2685
f 1312//2686 1377//2686 1376//2686
f 1313//2687 1314//2687 1378//2687
f 1313//2688 1378//2688 1377//2688
f 1314//2689 1315//2689 1379//2689
f 1314//2690 1379//2690 1378//2690
f 1315//2691 1316//2691 1380//2691
f 1315//2692 1380//2692 1379//2692
f 1316//2693 1317//2693 1381//2693
f 1316//2694 1381//2694 1380//2694
f 1317//2695 1318//2695 1382//2695
f 1317//2696 1382//2696 1381//2696
f 1318//2697 1319//2697 1383//2697
f 1318//2698 1383//2698 1382//2698
f 1319//2699 1320//2699 1384//2699
f 1319//2700 1384//2700 1383//2700
f 1320//2701 1321//2701 1385//2701
f 1320//2702 1385//2702 1384//2702
f 1321//2703 1322//2703 1386//2703
f 1321//2704 1386//2704 1385//2704
f 1322//2705 1323//2705 1387//2705
f 1322//2706 1387//2706 1386//2706
f 1323//2707 1324//2707 1388//2707
f 1323//2708 1388//2708 1387//2708
f 1324//2709 1325//2709 1389//2709
f 1324//2710 1389//2710 1388//2710
f 1325//2711 1326//2711 1390//2711
f 1325//2712 1390//2712 1389//2712
f 1326//2713 1327//2713 1391//2713
f 1326//2714 1391//2714 1390//2714
f 1327//2715 1328//2715 1392//2715
f 1327//2716 1392//2716 1391//2716
f 1328//2717 1329//2717 1393//2717
f 1328//2718 1393//2718 1392//2718
f 1329//2719 1330//2719 1394//2719
f 1329//2720 1394//2720 1393//2720
f 1330//2721 1331//2721 1395//2721
f 1330//2722 1395//2722 1394//2722
f 1331//2723 1332//2723 1396//2723
f 1331//2724 1396//2724 1395//2724
f 1332//2725 1333//2725 1397//2725
f 1332//2726 1397//2726 1396//2726
f 1333//2727 1334//2727 1398//2727
f 1333//2728 1398//2728 1397//2728
f 1334//2729 1335//2729 1399//2729
f 1334//2730 1399//2730 1398//2730
f 1335//2731 1336//2731 1400//2731
f 1335//2732 1400//2732 1399//2732
f 1336//2733 1337//2733 1401//2733
f 1336//2734 1401//2734 1400//2734
f 1337//2735 1338//2735 1402//2735
f 1337//2736 1402//2736 1401//2736
f 1338//2737 1339//2737 1403//2737
f 1338//2738 1403//2738 1402//2738
f 1339//2739 1340//2739 1404//2739
f 1339//2740 1404//2740 1403//2740
f 1340//2741 1341//2741 1405//2741
f 1340//2742 1405//2742 1404//2742
f 1341//2743 1342//2743 1406//2743
f 1341//2744 1406//2744 1405//2744
f 1342//2745 1343//2745 1407//2745
f 1342//2746 1407//2746 1406//2746
f 1343//2747 1344//2747 1408//2747
f 1343//2748 1408//2748 1407//2748
f 1344//2749 1345//2749 1409//2749
f 1344//2750 1409//2750 1408//2750
f 1345//2751 1282//2751 1346//2751
f 1345//2752 1346//2752 1409//2752
f 1346//2753 1347//2753 1411//2753
f 1346//2754 1411//2754 1410//2754
f 1347//2755 1348//2755 1412//2755
f 1347//2756 1412//2756 1411//2756
f 1348//2757 1349//2757 1413//2757
f 1348//2758 1413//2758 1412//2758
f 1349//2759 1350//2759 1414//2759
f 1349//2760 1414//2760 1413//2760
f 1350//2761 1351//2761 1415//2761
f 1350//2762 1415//2762 1414//2762
f 1351//2763 1352//2763 1416//2763
f 1351//2764 1416//2764 1415//2764
f 1352//2765 1353//2765 1417//2765
f 1352//2766 1417//2766 1416//2766
f 1353//2767 1354//2767 1418//2767
f 1353//2768 1418//2768 1417//2768
f 1354//2769 1355//2769 1419//2769
f 1354//2770 1419//2770 1418//2770
f 1355//2771 1356//2771 1420//2771
f 1355//2772 1420//2772 1419//2772
f 1356//2773 1357//2773 1421//2773
f 1356//2774 1421//2774 1420//2774
f 1357//2775 1358//2775 1422//2775
f 1357//2776 1422//2776 1421//2776
f 1358//2777 1359//2777 1423//2777
f 1358//2778 1423//2778 1422//2778
f 1359//2779 1360//2779 1424//2779
f 1359//2780 1424//2780 1423//2780
f 1360//2781 1361//2781 1425//2781
f 1360//2782 1425//2782 1424//2782
f 1361//2783 1362//2783 1426//2783
f 1361//2784 1426//2784 1425//2784
f 1362//2785 1363//2785 1427//2785
f 1362//2786 1427//2786 1426//2786
f 1363//2787 1364//2787 1428//2787
f 1363//2788 1428//2788 1427//2788
f 1364//2789 1365//2789 1429//2789
f 1364//2790 1429//2790 1428//2790
f 1365//2791 1366//2791 1430//2791
f 1365//2792 1430//2792 1429//2792
f 1366//2793 1367//2793 1431//2793
f 1366//2794 1431//2794 1430//2794
f 1367//2795 1368//2795 1432//2795
f 1367//2796 1432//2796 1431//2796
f 1368//2797 1369//2797 1433//2797
f 1368//2798 1433//2798 1432//2798
f 1369//2799 1370//2799 1434//2799
f 1369//2800 1434//2800 1433//2800
f 1370//2801 1371//2801 1435//2801
f 1370//2802 1435//2802 1434//2802
f 1371//2803 1372//2803 1436//2803
f 1371//2804 1436//2804 1435//2804
f 1372//2805 1373//2805 1437//2805
f 1372//2806 1437//2806 1436//2806
f 1373//2807 1374//2807 1438//2807
f 1373//2808 1438//2808 1437//2808
f 1374//2809 1375//2809 1439//2809
f 1374//2810 1439//2810 1438//2810
f 1375//2811 1376//2811 1440//2811
f 1375//2812 1440//2812 1439//2812
f 1376//2813 1377//2813 1441//2813
f 1376//2814 1441//2814 1440//2814
f 1377//2815 1378//2815 1442//2815
f 1377//2816 1442//2816 1441//2816
f 1378//2817 1379//2817 1443//2817
f 1378//2818 1443//2818 1442//2818
f 1379//2819 1380//2819 1444//2819
f 1379//2820 1444//2820 1443//2820
f 1380//2821 1381//2821 1445//2821
f 1380//2822 1445//2822 1444//2822
f 1381//2823 1382//2823 1446//2823
f 1381//2824 1446//2824 1445//2824
f 1382//2825 1383//2825 1447//2825
f 1382//2826 1447//2826 1446//2826
f 1383//2827 1384//2827 1448//2827
f 1383//2828 1448//2828 1447//2828
f 1384//2829 1385//2829 1449//2829
f 1384//2830 1449//2830 1448//2830
f 1385//2831 1386//2831 1450//2831
f 1385//2832 1450//2832 1449//2832
f 1386//2833 1387//2833 1451//2833
f 1386//2834 1451//2834 1450//2834
f 1387//2835 1388//2835 1452//2835
f 1387//2836 1452//2836 1451//2836
f 1388//2837 1389//2837 1453//2837
f 1388//2838 1453//2838 1452//2838
f 1389//2839 1390//2839 1454//2839
f 1389//2840 1454//2840 1453//2840
f 1390//2841 1391//2841 1455//2841
f 1390//2842 1455//2842 1454//2842
f 1391//2843 1392//2843 1456//2843
f 1391//2844 1456//2844 1455//2844
f 1392//2845 1393//2845 1457//2845
f 1392//2846 1457//2846 1456//2846
f 1393//2847 1394//2847 1458//2847
f 1393//2848 1458//2848 1457//2848
f 1394//2849 1395//2849 1459//2849
f 1394//2850 1459//2850 1458//2850
f 1395//2851 1396//2851 1460//2851
f 1395//2852 1460//2852 1459//2852
f 1396//2853 1397//2853 1461//2853
f 1396//2854 1461//2854 1460//2854
f 1397//2855 1398//2855 1462//2855
f 1397//2856 1462//2856 1461//2856
f 1398//2857 1399//2857 1463//2857
f 1398//2858 1463//2858 1462//2858
f 1399//2859 1400//2859 1464//2859
f 1399//2860 1464//2860 1463//2860
f 1400//2861 1401//2861 1465//2861
f 1400//2862 1465//2862 1464//2862
f 1401//2863 1402//2863 1466//2863
f 1401//2864 1466//2864 1465//2864
f 1402//2865 1403//2865 1467//2865
f 1402//2866 1467//2866 1466//2866
f 1403//2867 1404//2867 1468//2867
f 1403//2868 1468//2868 1467//2868
f 1404//2869 1405//2869 1469//2869
f 1404//2870 1469//2870 1468//2870
f 1405//2871 1406//2871 1470//2871
f 1405//2872 1470//2872 1469//2872
f 1406//2873 1407//2873 1471//2873
f 1406//2874 1471//2874 1470//2874
f 1407//2875 1408//2875 1472//2875
f 1407//2876 1472//2876 1471//2876
f 1408//2877 1409//2877 1473//2877
f 1408//2878 1473//2878 1472//2878
f 1409//2879 1346//2879 1410//2879
f 1409//2880 1410//2880 1473//2880
f 1410//2881 1411//2881 1475//2881
f 1410//2882 1475//2882 1474//2882
f 1411//2883 1412//2883 1476//2883
f 1411//2884 1476//2884 1475//2884
f 1412//2885 1413//2885 1477//2885
f 1412//2886 1477//2886 1476//2886
f 1413//2887 1414//2887 1478//2887
f 1413//2888 1478//2888 1477//2888
f 1414//2889 1415//2889 1479//2889
f 1414//2890 1479//2890 1478//2890
f 1415//2891 1416//2891 1480//2891
f 1415//2892 1480//2892 1479//2892
f 1416//2893 1417//2893 1481//2893
f 1416//2894 1481//2894 1480//2894
f 1417//2895 1418//2895 1482//2895
f 1417//2896 1482//2896 1481//2896
f 1418//2897 1419//2897 1483//2897
f 1418//2898 1483//2898 1482//2898
f 1419//2899 1420//2899 1484//2899
f 1419//2900 1484//2900 1483//2900
f 1420//2901 1421//2901 1485//2901
f 1420//2902 1485//2902 1484//2902
f 1421//2903 1422//2903 1486//2903
f 1421//2904 1486//2904 1485//2904
f 1422//2905 1423//2905 1487//2905
f 1422//2906 1487//2906 1486//2906
f 1423//2907 1424//2907 1488//2907
f 1423//2908 1488//2908 1487//2908
f 1424//2909 1425//2909 1489//2909
f 1424//2910 1489//2910 1488//2910
f 1425//2911 1426//2911 1490//2911
f 1425//2912 1490//2912 1489//2912
f 1426//2913 1427//2913 1491//2913
f 1426//2914 1491//2914 1490//2914
f 1427//2915 1428//2915 1492//2915
f 1427//2916 1492//2916 1491//2916
f 1428//2917 1429//2917 1493//2917
f 1428//2918 1493//2918 1492//2918
f 1429//2919 1430//2919 1494//2919
f 1429//2920 1494//2920 1493//2920
f 1430//2921 1431//2921 1495//2921
f 1430//2922 1495//2922 1494//2922
f 1431//2923 1432//2923 1496//2923
f 1431//2924 1496//2924 1495//2924
f 1432//2925 1433//2925 1497//2925
f 1432//2926 1497//2926 1496//2926
f 1433//2927 1434//2927 1498//2927
f 1433//2928 1498//2928 1497//2928
f 1434//2929 1435//2929 1499//2929
f 1434//2930 1499//2930 1498//2930
f 1435//2931 1436//2931 1500//2931
f 1435//2932 1500//2932 1499//2932
f 1436//2933 1437//2933 1501//2933
f 1436//2934 1501//2934 1500//2934
f 1437//2935 1438//2935 1502//2935
f 1437//2936 1502//2936 1501//2936
f 1438//2937 1439//2937 1503//2937
f 1438//2938 1503//2938 1502//2938
f 1439//2939 1440//2939 1504//2939
f 1439//2940 1504//2940 1503//2940
f 1440//2941 1441//2941 1505//2941
f 1440//2942 1505//2942 1504//2942
f 1441//2943 1442//2943 1506//2943
f 1441//2944 1506//2944 1505//2944
f 1442//2945 1443//2945 1507//2945
f 1442//2946 1507//2946 1506//2946
f 1443//2947 1444//2947 1508//2947
f 1443//2948 1508//2948 1507//2948
f 1444//2949 1445//2949 1509//2949
f 1444//2950 1509//2950 1508//2950
f 1445//2951 1446//2951 1510//2951
f 1445//2952 1510//2952 1509//2952
f 1446//2953 1447//2953 1511//2953
f 1446//2954 1511//2954 1510//2954
f 1447//2955 1448//2955 1512//2955
f 1447//2956 1512//2956 1511//2956
f 1448//2957 1449//2957 1513//2957
f 1448//2958 1513//2958 1512//2958
f 1449//2959 1450//2959 1514//2959
f 1449//2960 1514//2960 1513//2960
f 1450//2961 1451//2961 1515//2961
f 1450//2962 1515//2962 1514//2962
f 1451//2963 1452//2963 1516//2963
f 1451//2964 1516//2964 1515//2964
f 1452//2965 1453//2965 1517//2965
f 1452//2966 1517//2966 1516//2966
f 1453//2967 1454//2967 1518//2967
f 1453//2968 1518//2968 1517//2968
f 1454//2969 1455//2969 1519//2969
f 1454//2970 1519//2970 1518//2970
f 1455//2971 1456//2971 1520//2971
f 1455//2972 1520//2972 1519//2972
f 1456//2973 1457//2973 1521//2973
f 1456//2974 1521//2974 1520//2974
f 1457//2975 1458//2975 1522//2975
f 1457//2976 1522//2976 1521//2976
f 1458//2977 1459//2977 1523//2977
f 1458//2978 1523//2978 1522//2978
f 1459//2979 1460//2979 1524//2979
f 1459//2980 1524//2980 1523//2980
f 1460//2981 1461//2981 1525//2981
f 1460//2982 1525//2982 1524//2982
f 1461//2983 1462//2983 1526//2983
f 1461//2984 1526//2984 1525//2984
f 1462//2985 1463//2985 1527//2985
f 1462//2986 1527//2986 1526//2986
f 1463//2987 1464//2987 1528//2987
f 1463//2988 1528//2988 1527//2988
f 1464//2989 1465//2989 1529//2989
f 1464//2990 1529//2990 1528//2990
f 1465//2991 1466//2991 1530//2991
f 1465//2992 1530//2992 1529//2992
f 1466//2993 1467//2993 1531//2993
f 1466//2994 1531//2994 1530//2994
f 1467//2995 1468//2995 1532//2995
f 1467//2996 1532//2996 1531//2996
f 1468//2997 1469//2997 1533//2997
f 1468//2998 1533//2998 1532//2998
f 1469//2999 1470//2999 1534//2999
f 1469//3000 1534//3000 1533//3000
f 1470//3001 1471//3001 1535//3001
f 1470//3002 1535//3002 1534//3002
f 1471//3003 1472//3003 1536//3003
f 1471//3004 1536//3004 1535//3004
f 1472//3005 1473//3005 1537//3005
f 1472//3006 1537//3006 1536//3006
f 1473//3007 1410//3007 1474//3007
f 1473//3008 1474//3008 1537//3008
f 1474//3009 1475//3009 1539//3009
f 1474//3010 1539//3010 1538//3010
f 1475//3011 1476//3011 1540//3011
f 1475//3012 1540//3012 1539//3012
f 1476//3013 1477//3013 1541//3013
f 1476//3014 1541//3014 1540//3014
f 1477//3015 1478//3015 1542//3015
f 1477//3016 1542//3016 1541//3016
f 1478//3017 1479//3017 1543//3017
f 1478//3018 1543//3018 1542//3018
f 1479//3019 1480//3019 1544//3019
f 1479//3020 1544//3020 1543//3020
f 1480//3021 1481//3021 1545//3021
f 1480//3022 1545//3022 1544//3022
f 1481//3023 1482//3023 1546//3023
f 1481//3024 1546//3024 1545//3024
f 1482//3025 1483//3025 1547//3025
f 1482//3026 1547//3026 1546//3026
f 1483//3027 1484//3027 1548//3027
f 1483//3028 1548//3028 1547//3028
f 1484//3029 1485//3029 1549//3029
f 1484//3030 1549//3030 1548//3030
f 1485//3031 1486//3031 1550//3031
f 1485//3032 1550//3032 1549//3032
f 1486//3033 1487//3033 1551//3033
f 1486//3034 1551//3034 1550//3034
f 1487//3035 1488//3035 1552//3035
f 1487//3036 1552//3036 1551//3036
f 1488//3037 1489//3037 1553//3037
f 1488//3038 1553//3038 1552//3038
f 1489//3039 1490//3039 1554//3039
f 1489//3040 1554//3040 1553//3040
f 1490//3041 1491//3041 1555//3041
f 1490//3042 1555//3042 1554//3042
f 1491//3043 1492//3043 1556//3043
f 1491//3044 1556//3044 1555//3044
f 1492//3045 1493//3045 1557//3045
f 1492//3046 1557//3046 1556//3046
f 1493//3047 1494//3047 1558//3047
f 1493//3048 1558//3048 1557//3048
f 1494//3049 1495//3049 1559//3049
f 1494//3050 1559//3050 1558//3050
f 1495//3051 1496//3051 1560//3051
f 1495//3052 1560//3052 1559//3052
f 1496//3053 1497//3053 1561//3053
f 1496//3054 1561//3054 1560//3054
f 1497//3055 1498//3055 1562//3055
f 1497//3056 1562//3056 1561//3056
f 1498//3057 1499//3057 1563//3057
f 1498//3058 1563//3058 1562//3058
f 1499//3059 1500//3059 1564//3059
f 1499//3060 1564//3060 1563//3060
f 1500//3061 1501//3061 1565//3061
f 1500//3062 1565//3062 1564//3062
f 1501//3063 1502//3063 1566//3063
f 1501//3064 1566//3064 1565//3064
f 1502//3065 1503//3065 1567//3065
f 1502//3066 1567//3066 1566//3066
f 1503//3067 1504//3067 1568//3067
f 1503//3068 1568//3068 1567//3068
f 1504//3069 1505//3069 1569//3069
f 1504//3070 1569//3070 1568//3070
f 1505//3071 1506//3071 1570//3071
f 1505//3072 1570//3072 1569//3072
f 1506//3073 1507//3073 1571//3073
f 1506//3074 1571//3074 1570//3074
f 1507//3075 1508//3075 1572//3075
f 1507//3076 1572//3076 1571//3076
f 1508//3077 1509//3077 1573//3077
f 1508//3078 1573//3078 1572//3078
f 1509//3079 1510//3079 1574//3079
f 1509//3080 1574//3080 1573//3080
f 1510//3081 1511//3081 1575//3081
f 1510//3082 1575//3082 1574//3082
f 1511//3083 1512//3083 1576//3083
f 1511//3084 1576//3084 1575//3084
f 1512//3085 1513//3085 1577//3085
f 1512//3086 1577//3086 1576//3086
f 1513//3087 1514//3087 1578//3087
f 1513//3088 1578//3088 1577//3088
f 1514//3089 1515//3089 1579//3089
f 1514//3090 1579//3090 1578//3090
f 1515//3091 1516//3091 1580//3091
f 1515//3092 1580//3092 1579//3092
f 1516//3093 1517//3093 1581//3093
f 1516//3094 1581//3094 1580//3094
f 1517//3095 1518//3095 1582//3095
f 1517//3096 1582//3096 1581//3096
f 1518//3097 1519//3097 1583//3097
f 1518//3098 1583//3098 1582//3098
f 1519//3099 1520//3099 1584//3099
f 1519//3100 1584//3100 1583//3100
f 1520//3101 1521//3101 1585//3101
f 1520//3102 1585//3102 1584//3102
f 1521//3103 1522//3103 1586//3103
f 1521//3104 1586//3104 1585//3104
f 1522//3105 1523//3105 1587//3105
f 1522//3106 1587//3106 1586//3106
f 1523//3107 1524//3107 1588//3107
f 1523//3108 1588//3108 1587//3108
f 1524//3109 1525//3109 1589//3109
f 1524//3110 1589//3110 1588//3110
f 1525//3111 1526//3111 1590//3111
f 1525//3112 1590//3112 1589//3112
f 1526//3113 1527//3113 1591//3113
f 1526//3114 1591//3114 1590//3114
f 1527//3115 1528//3115 1592//3115
f 1527//3116 1592//3116 1591//3116
f 1528//3117 1529//3117 1593//3117
f 1528//3118 1593//3118 1592//3118
f 1529//3119 1530//3119 1594//3119
f 1529//3120 1594//3120 1593//3120
f 1530//3121 1531//3121 1595//3121
f 1530//3122 1595//3122 1594//3122
f 1531//3123 1532//3123 1596//3123
f 1531//3124 1596//3124 1595//3124
f 1532//3125 1533//3125 1597//3125
f 1532//3126 1597//3126 1596//3126
f 1533//3127 1534//3127 1598//3127
f 1533//3128 1598//3128 1597//3128
f 1534//3129 1535//3129 1599//3129
f 1534//3130 1599//3130 1598//3130
f 1535//3131 1536//3131 1600//3131
f 1535//3132 1600//3132 1599//3132
f 1536//3133 1537//3133 1601//3133
f 1536//3134 1601//3134 1600//3134
f 1537//3135 1474//3135 1538//3135
f 1537//3136 1538//3136 1601//3136
f 1538//3137 1539//3137 1603//3137
f 1538//3138 1603//3138 1602//3138
f 1539//3139 1540//3139 1604//3139
f 1539//3140 1604//3140 1603//3140
f 1540//3141 1541//3141 1605//3141
f 1540//3142 1605//3142 1604//3142
f 1541//3143 1542//3143 1606//3143
f 1541//3144 1606//3144 1605//3144
f 1542//3145 1543//3145 1607//3145
f 1542//3146 1607//3146 1606//3146
f 1543//3147 1544//3147 1608//3147
f 1543//3148 1608//3148 1607//3148
f 1544//3149 1545//3149 1609//3149
f 1544//3150 1609//3150 1608//3150
f 1545//3151 1546//3151 1610//3151
f 1545//3152 1610//3152 1609//3152
f 1546//3153 1547//3153 1611//3153
f 1546//3154 1611//3154 1610//3154
f 1547//3155 1548//3155 1612//3155
f 1547//3156 1612//3156 1611//3156
f 1548//3157 1549//3157 1613//3157
f 1548//3158 1613//3158 1612//3158
f 1549//3159 1550//3159 1614//3159
f 1549//3160 1614//3160 1613//3160
f 1550//3161 1551//3161 1615//3161
f 1550//3162 1615//3162 1614//3162
f 1551//3163 1552//3163 1616//3163
f 1551//3164 1616//3164 1615//3164
f 1552//3165 1553//3165 1617//3165
f 1552//3166 1617//3166 1616//3166
f 1553//3167 1554//3167 1618//3167
f 1553//3168 1618//3168 1617//3168
f 1554//3169 1555//3169 1619//3169
f 1554//3170 1619//3170 1618//3170
f 1555//3171 1556//3171 1620//3171
f 1555//3172 1620//3172 1619//3172
f 1556//3173 1557//3173 1621//3173
f 1556//3174 1621//3174 1620//3174
f 1557//3175 1558//3175 1622//3175
f 1557//3176 1622//3176 1621//3176
f 1558//3177 1559//3177 1623//3177
f 1558//3178 1623//3178 1622//3178
f 1559//3179 1560//3179 1624//3179
f 1559//3180 1624//3180 1623//3180
f 1560//3181 1561//3181 1625//3181
f 1560//3182 1625//3182 1624//3182
f 1561//3183 1562//3183 1626//3183
f 1561//3184 1626//3184 1625//3184
f 1562//3185 1563//3185 1627//3185
f 1562//3186 1627//3186 1626//3186
f 1563//3187 1564//3187 1628//3187
f 1563//3188 1628//3188 1627//3188
f 1564//3189 1565//3189 1629//3189
f 1564//3190 1629//3190 1628//3190
f 1565//3191 1566//3191 1630//3191
f 1565//3192 1630//3192 1629//3192
f 1566//3193 1567//3193 1631//3193
f 1566//3194 1631//3194 1630//3194
f 1567//3195 1568//3195 1632//3195
f 1567//3196 1632//3196 1631//3196
f 1568//3197 1569//3197 1633//3197
f 1568//3198 1633//3198 1632//3198
f 1569//3199 1570//3199 1634//3199
f 1569//3200 1634//3200 1633//3200
f 1570//3201 1571//3201 1635//3201
f 1570//3202 1635//3202 1634//3202
f 1571//3203 1572//3203 1636//3203
f 1571//3204 1636//3204 1635//3204
f 1572//3205 1573//3205 1637//3205
f 1572//3206 1637//3206 1636//3206
f 1573//3207 1574//3207 1638//3207
f 1573//3208 1638//3208 1637//3208
f 1574//3209 1575//3209 1639//3209
f 1574//3210 1639//3210 1638//3210
f 1575//3211 1576//3211 1640//3211
f 1575//3212 1640//3212 1639//3212
f 1576//3213 1577//3213 1641//3213
f 1576//3214 1641//3214 1640//3214
f 1577//3215 1578//3215 1642//3215
f 1577//3216 1642//3216 1641//3216
f 1578//3217 1579//3217 1643//3217
f 1578//3218 1643//3218 1642//3218
f 1579//3219 1580//3219 1644//3219
f 1579//3220 1644//3220 1643//3220
f 1580//3221 1581//3221 1645//3221
f 1580//3222 1645//3222 1644//3222
f 1581//3223 1582//3223 1646//3223
f 1581//3224 1646//3224 1645//3224
f 1582//3225 1583//3225 1647//3225
f 1582//3226 1647//3226 1646//3226
f 1583//3227 1584//3227 1648//3227
f 1583//3228 1648//3228 1647//3228
f 1584//3229 1585//3229 1649//3229
f 1584//3230 1649//3230 1648//3230
f 1585//3231 1586//3231 1650//3231
f 1585//3232 1650//3232 1649//3232
f 1586//3233 1587//3233 1651//3233
f 1586//3234 1651//3234 1650//3234
f 1587//3235 1588//3235 1652//3235
f 1587//3236 1652//3236 1651//3236
f 1588//3237 1589//3237 1653//3237
f 1588//3238 1653//3238 1652//3238
f 1589//3239 1590//3239 1654//3239
f 1589//3240 1654//3240 1653//3240
f 1590//3241 1591//3241 1655//3241
f 1590//3242 1655//3242 1654//3242
f 1591//3243 1592//3243 1656//3243
f 1591//3244 1656//3244 1655//3244
f 1592//3245 1593//3245 1657//3245
f 1592//3246 1657//3246 1656//3246
f 1593//3247 1594//3247 1658//3247
f 1593//3248 1658//3248 1657//3248
f 1594//3249 1595//3249 1659//3249
f 1594//3250 1659//3250 1658//3250
f 1595//3251 1596//3251 1660//3251
f 1595//3252 1660//3252 1659//3252
f 1596//3253 1597//3253 1661//3253
f 1596//3254 1661//3254 1660//3254
f 1597//3255 1598//3255 1662//3255
f 1597//3256 1662//3256 1661//3256
f 1598//3257 1599//3257 1663//3257
f 1598//3258 1663//3258 1662//3258
f 1599//3259 1600//3259 1664//3259
f 1599//3260 1664//3260 1663//3260
f 1600//3261 1601//3261 1665//3261
f 1600//3262 1665//3262 1664//3262
f 1601//3263 1538//3263 1602//3263
f 1601//3264 1602//3264 1665//3264
f 1602//3265 1603//3265 1667//3265
f 1602//3266 1667//3266 1666//3266
f 1603//3267 1604//3267 1668//3267
f 1603//3268 1668//3268 1667//3268
f 1604//3269 1605//3269 1669//3269
f 1604//3270 1669//3270 1668//3270
f 1605//3271 1606//3271 1670//3271
f 1605//3272 1670//3272 1669//3272
f 1606//3273 1607//3273 1671//3273
f 1606//3274 1671//3274 1670//3274
f 1607//3275 1608//3275 1672//3275
f 1607//3276 1672//3276 1671//3276
f 1608//3277 1609//3277 1673//3277
f 1608//3278 1673//3278 1672//3278
f 1609//3279 1610//3279 1674//3279
f 1609//3280 1674//3280 1673//3280
f 1610//3281 1611//3281 1675//3281
f 1610//3282 1675//3282 1674//3282
f 1611//3283 1612//3283 1676//3283
f 1611//3284 1676//3284 1675//3284
f 1612//3285 1613//3285 1677//3285
f 1612//3286 1677//3286 1676//3286
f 1613//3287 1614//3287 1678//3287
f 1613//3288 1678//3288 1677//3288
f 1614//3289 1615//3289 1679//3289
f 1614//3290 1679//3290 1678//3290
f 1615//3291 1616//3291 1680//3291
f 1615//3292 1680//3292 1679//3292
f 1616//3293 1617//3293 1681//3293
f 1616//3294 1681//3294 1680//3294
f 1617//3295 1618//3295 1682//3295
f 1617//3296 1682//3296 1681//3296
f 1618//3297 1619//3297 1683//3297
f 1618//3298 1683//3298 1682//3298
f 1619//3299 1620//3299 1684//3299
f 1619//3300 1684//3300 1683//3300
f 1620//3301 1621//3301 1685//3301
f 1620//3302 1685//3302 1684//3302
f 1621//3303 1622//3303 1686//3303
f 1621//3304 1686//3304 1685//3304
f 1622//3305 1623//3305 1687//3305
f 1622//3306 1687//3306 1686//3306
f 1623//3307 1624//3307 1688//3307
f 1623//3308 1688//3308 1687//3308
f 1624//3309 1625//3309 1689//3309
f 1624//3310 1689//3310 1688//3310
f 1625//3311 1626//3311 1690//3311
f 1625//3312 1690//3312 1689//3312
f 1626//3313 1627//3313 1691//3313
f 1626//3314 1691//3314 1690//3314
f 1627//3315 1628//3315 1692//3315
f 1627//3316 1692//3316 1691//3316
f 1628//3317 1629//3317 1693//3317
f 1628//3318 1693//3318 1692//3318
f 1629//3319 1630//3319 1694//3319
f 1629//3320 1694//3320 1693//3320
f 1630//3321 1631//3321 1695//3321
f 1630//3322 1695//3322 1694//3322
f 1631//3323 1632//3323 1696//3323
f 1631//3324 1696//3324 1695//3324
f 1632//3325 1633//3325 1697//3325
f 1632//3326 1697//3326 1696//3326
f 1633//3327 1634//3327 1698//3327
f 1633//3328 1698//3328 1697//3328
f 1634//3329 1635//3329 1699//3329
f 1634//3330 1699//3330 1698//3330
f 1635//3331 1636//3331 1700//3331
f 1635//3332 1700//3332 1699//3332
f 1636//3333 1637//3333 1701//3333
f 1636//3334 1701//3334 1700//3334
f 1637//3335 1638//3335 1702//3335
f 1637//3336 1702//3336 1701//3336
f 1638//3337 1639//3337 1703//3337
f 1638//3338 1703//3338 1702//3338
f 1639//3339 1640//3339 1704//3339
f 1639//3340 1704//3340 1703//3340
f 1640//3341 1641//3341 1705//3341
f 1640//3342 1705//3342 1704//3342
f 1641//3343 1642//3343 1706//3343
f 1641//3344 1706//3344 1705//3344
f 1642//3345 1643//3345 1707//3345
f 1642//3346 1707//3346 1706//3346
f 1643//3347 1644//3347 1708//3347
f 1643//3348 1708//3348 1707//3348
f 1644//3349 1645//3349 1709//3349
f 1644//3350 1709//3350 1708//3350
f 1645//3351 1646//3351 1710//3351
f 1645//3352 1710//3352 1709//3352
f 1646//3353 1647//3353 1711//3353
f 1646//3354 1711//3354 1710//3354
f 1647//3355 1648//3355 1712//3355
f 1647//3356 1712//3356 1711//3356
f 1648//3357 1649//3357 1713//3357
f 1648//3358 1713//3358 1712//3358
f 1649//3359 1650//3359 1714//3359
f 1649//3360 1714//3360 1713//3360
f 1650//3361 1651//3361 1715//3361
f 1650//3362 1715//3362 1714//3362
f 1651//3363 1652//3363 1716//3363
f 1651//3364 1716//3364 1715//3364
f 1652//3365 1653//3365 1717//3365
f 1652//3366 1717//3366 1716//3366
f 1653//3367 1654//3367 1718//3367
f 1653//3368 1718//3368 1717//3368
f 1654//3369 1655//3369 1719//3369
f 1654//3370 1719//3370 1718//3370
f 1655//3371 1656//3371 1720//3371
f 1655//3372 1720//3372 1719//3372
f 1656//3373 1657//3373 1721//3373
f 1656//3374 1721//3374 1720//3374
f 1657//3375 1658//3375 1722//3375
f 1657//3376 1722//3376 1721//3376
f 1658//3377 1659//3377 1723//3377
f 1658//3378 1723//3378 1722//3378
f 1659//3379 1660//3379 1724//3379
f 1659//3380 1724//3380 1723//3380
f 1660//3381 1661//3381 1725//3381
f 1660//3382 1725//3382 1724//3382
f 1661//3383 1662//3383 1726//3383
f 1661//3384 1726//3384 1725//3384
f 1662//3385 1663//3385 1727//3385
f 1662//3386 1727//3386 1726//3386
f 1663//3387 1664//3387 1728//3387
f 1663//3388 1728//3388 1727//3388
f 1664//3389 1665//3389 1729//3389
f 1664//3390 1729//3390 1728//3390
f 1665//3391 1602//3391 1666//3391
f 1665//3392 1666//3392 1729//3392
f 1666//3393 1667//3393 1731//3393
f 1666//3394 1731//3394 1730//3394
f 1667//3395 1668//3395 1732//3395
f 1667//3396 1732//3396 1731//3396
f 1668//3397 1669//3397 1733//3397
f 1668//3398 1733//3398 1732//3398
f 1669//3399 1670//3399 1734//3399
f 1669//3400 1734//3400 1733//3400
f 1670//3401 1671//3401 1735//3401
f 1670//3402 1735//3402 1734//3402
f 1671//3403 1672//3403 1736//3403
f 1671//3404 1736//3404 1735//3404
f 1672//3405 1673//3405 1737//3405
f 1672//3406 1737//3406 1736//3406
f 1673//3407 1674//3407 1738//3407
f 1673//3408 1738//3408 1737//3408
f 1674//3409 1675//3409 1739//3409
f 1674//3410 1739//3410 1738//3410
f 1675//3411 1676//3411 1740//3411
f 1675//3412 1740//3412 1739//3412
f 1676//3413 1677//3413 1741//3413
f 1676//3414 1741//3414 1740//3414
f 1677//3415 1678//3415 1742//3415
f 1677//3416 1742//3416 1741//3416
f 1678//3417 1679//3417 1743//3417
f 1678//3418 1743//3418 1742//3418
f 1679//3419 1680//3419 1744//3419
f 1679//3420 1744//3420 1743//3420
f 1680//3421 1681//3421 1745//3421
f 1680//3422 1745//3422 1744//3422
f 1681//3423 1682//3423 1746//3423
f 1681//3424 1746//3424 1745//3424
f 1682//3425 1683//3425 1747//3425
f 1682//3426 1747//3426 1746//3426
f 1683//3427 1684//3427 1748//3427
f 1683//3428 1748//3428 1747//3428
f 1684//3429 1685//3429 1749//3429
f 1684//3430 1749//3430 1748//3430
f 1685//3431 1686//3431 1750//3431
f 1685//3432 1750//3432 1749//3432
f 1686//3433 1687//3433 1751//3433
f 1686//3434 1751//3434 1750//3434
f 1687//3435 1688//3435 1752//3435
f 1687//3436 1752//3436 1751//3436
f 1688//3437 1689//3437 1753//3437
f 1688//3438 1753//3438 1752//3438
f 1689//3439 1690//3439 1754//3439
f 1689//3440 1754//3440 1753//3440
f 1690//3441 1691//3441 1755//3441
f 1690//3442 1755//3442 1754//3442
f 1691//3443 1692//3443 1756//3443
f 1691//3444 1756//3444 1755//3444
f 1692//3445 1693//3445 1757//3445
f 1692//3446 1757//3446 1756//3446
f 1693//3447 1694//3447 1758//3447
f 1693//3448 1758//3448 1757//3448
f 1694//3449 1695//3449 1759//3449
f 1694//3450 1759//3450 1758//3450
f 1695//3451 1696//3451 1760//3451
f 1695//3452 1760//3452 1759//3452
f 1696//3453 1697//3453 1761//3453
f 1696//3454 1761//3454 1760//3454
f 1697//3455 1698//3455 1762//3455
f 1697//3456 1762//3456 1761//3456
f 1698//3457 1699//3457 1763//3457
f 1698//3458 1763//3458 1762//3458
f 1699//3459 1700//3459 1764//3459
f 1699//3460 1764//3460 1763//3460
f 1700//3461 1701//3461 1765//3461
f 1700//3462 1765//3462 1764//3462
f 1701//3463 1702//3463 1766//3463
f 1701//3464 1766//3464 1765//3464
f 1702//3465 1703//3465 1767//3465
f 1702//3466 1767//3466 1766//3466
f 1703//3467 1704//3467 1768//3467
f 1703//3468 1768//3468 1767//3468
f 1704//3469 1705//3469 1769//3469
f 1704//3470 1769//3470 1768//3470
f 1705//3471 1706//3471 1770//3471
f 1705//3472 1770//3472 1769//3472
f 1706//3473 1707//3473 1771//3473
f 1706//3474 1771//3474 1770//3474
f 1707//3475 1708//3475 1772//3475
f 1707//3476 1772//3476 1771//3476
f 1708//3477 1709//3477 1773//3477
f 1708//3478 1773//3478 1772//3478
f 1709//3479 1710//3479 1774//3479
f 1709//3480 1774//3480 1773//3480
f 1710//3481 1711//3481 1775//3481
f 1710//3482 1775//3482 1774//3482
f 1711//3483 1712//3483 1776//3483
f 1711//3484 1776//3484 1775//3484
f 1712//3485 1713//3485 1777//3485
f 1712//3486 1777//3486 1776//3486
f 1713//3487 1714//3487 1778//3487
f 1713//3488 1778//3488 1777//3488
f 1714//3489 1715//3489 1779//3489
f 1714//3490 1779//3490 1778//3490
f 1715//3491 1716//3491 1780//3491
f 1715//3492 1780//3492 1779//3492
f 1716//3493 1717//3493 1781//3493
f 1716//3494 1781//3494 1780//3494
f 1717//3495 1718//3495 1782//3495
f 1717//3496 1782//3496 1781//3496
f 1718//3497 1719//3497 1783//3497
f 1718//3498 1783//3498 1782//3498
f 1719//3499 1720//3499 1784//3499
f 1719//3500 1784//3500 1783//3500
f 1720//3501 1721//3501 1785//3501
f 1720//3502 1785//3502 1784//3502
f 1721//3503 1722//3503 1786//3503
f 1721//3504 1786//3504 1785//3504
f 1722//3505 1723//3505 1787//3505
f 1722//3506 1787//3506 1786//3506
f 1723//3507 1724//3507 1788//3507
f 1723//3508 1788//3508 1787//3508
f 1724//3509 1725//3509 1789//3509
f 1724//3510 1789//3510 1788//3510
f 1725//3511 1726//3511 1790//3511
f 1725//3512 1790//3512 1789//3512
f 1726//3513 1727//3513 1791//3513
f 1726//3514 1791//3514 1790//3514
f 1727//3515 1728//3515 1792//3515
f 1727//3516 1792//3516 1791//3516
f 1728//3517 1729//3517 1793//3517
f 1728//3518 1793//3518 1792//3518
f 1729//3519 1666//3519 1730//3519
f 1729//3520 1730//3520 1793//3520
f 1730//3521 1731//3521 1795//3521
f 1730//3522 1795//3522 1794//3522
f 1731//3523 1732//3523 1796//3523
f 1731//3524 1796//3524 1795//3524
f 1732//3525 1733//3525 1797//3525
f 1732//3526 1797//3526 1796//3526
f 1733//3527 1734//3527 1798//3527
f 1733//3528 1798//3528 1797//3528
f 1734//3529 1735//3529 1799//3529
f 1734//3530 1799//3530 1798//3530
f 1735//3531 1736//3531 1800//3531
f 1735//3532 1800//3532 1799//3532
f 1736//3533 1737//3533 1801//3533
f 1736//3534 1801//3534 1800//3534
f 1737//3535 1738//3535 1802//3535
f 1737//3536 1802//3536 1801//3536
f 1738//3537 1739//3537 1803//3537
f 1738//3538 1803//3538 1802//3538
f 1739//3539 1740//3539 1804//3539
f 1739//3540 1804//3540 1803//3540
f 1740//3541 1741//3541 1805//3541
f 1740//3542 1805//3542 1804//3542
f 1741//3543 1742//3543 1806//3543
f 1741//3544 1806//3544 1805//3544
f 1742//3545 1743//3545 1807//3545
f 1742//3546 1807//3546 1806//3546
f 1743//3547 1744//3547 1808//3547
f 1743//3548 1808//3548 1807//3548
f 1744//3549 1745//3549 1809//3549
f 1744//3550 1809//3550 1808//3550
f 1745//3551 1746//3551 1810//3551
f 1745//3552 1810//3552 1809//3552
f 1746//3553 1747//3553 1811//3553
f 1746//3554 1811//3554 1810//3554
f 1747//3555 1748//3555 1812//3555
f 1747//3556 1812//3556 1811//3556
f 1748//3557 1749//3557 1813//3557
f 1748//3558 1813//3558 1812//3558
f 1749//3559 1750//3559 1814//3559
f 1749//3560 1814//3560 1813//3560
f 1750//3561 1751//3561 1815//3561
f 1750//3562 1815//3562 1814//3562
f 1751//3563 1752//3563 1816//3563
f 1751//3564 1816//3564 1815//3564
f 1752//3565 1753//3565 1817//3565
f 1752//3566 1817//3566 1816//3566
f 1753//3567 1754//3567 1818//3567
f 1753//3568 1818//3568 1817//3568
f 1754//3569 1755//3569 1819//3569
f 1754//3570 1819//3570 1818//3570
f 1755//3571 1756//3571 1820//3571
f 1755//3572 1820//3572 1819//3572
f 1756//3573 1757//3573 1821//3573
f 1756//3574 1821//3574 1820//3574
f 1757//3575 1758//3575 1822//3575
f 1757//3576 1822//3576 1821//3576
f 1758//3577 1759//3577 1823//3577
f 1758//3578 1823//3578 1822//3578
f 1759//3579 1760//3579 1824//3579
f 1759//3580 1824//3580 1823//3580
f 1760//3581 1761//3581 1825//3581
f 1760//3582 1825//3582 1824//3582
f 1761//3583 1762//3583 1826//3583
f 1761//3584 1826//3584 1825//3584
f 1762//3585 1763//3585 1827//3585
f 1762//3586 1827//3586 1826//3586
f 1763//3587 1764//3587 1828//3587
f 1763//3588 1828//3588 1827//3588
f 1764//3589 1765//3589 1829//3589
f 1764//3590 1829//3590 1828//3590
f 1765//3591 1766//3591 1830//3591
f 1765//3592 1830//3592 1829//3592
f 1766//3593 1767//3593 1831//3593
f 1766//3594 1831//3594 1830//3594
f 1767//3595 1768//3595 1832//3595
f 1767//3596 1832//3596 1831//3596
f 1768//3597 1769//3597 1833//3597
f 1768//3598 1833//3598 1832//3598
f 1769//3599 1770//3599 1834//3599
f 1769//3600 1834//3600 1833//3600
f 1770//3601 1771//3601 1835//3601
f 1770//3602 1835//3602 1834//3602
f 1771//3603 1772//3603 1836//3603
f 1771//3604 1836//3604 1835//3604
f 1772//3605 1773//3605 1837//3605
f 1772//3606 1837//3606 1836//3606
f 1773//3607 1774//3607 1838//3607
f 1773//3608 1838//3608 1837//3608
f 1774//3609 1775//3609 1839//3609
f 1774//3610 1839//3610 1838//3610
f 1775//3611 1776//3611 1840//3611
f 1775//3612 1840//3612 1839//3612
f 1776//3613 1777//3613 1841//3613
f 1776//3614 1841//3614 1840//3614
f 1777//3615 1778//3615 1842//3615
f 1777//3616 1842//3616 1841//3616
f 1778//3617 1779//3617 1843//3617
f 1778//3618 1843//3618 1842//3618
f 1779//3619 1780//3619 1844//3619
f 1779//3620 1844//3620 1843//3620
f 1780//3621 1781//3621 1845//3621
f 1780//3622 1845//3622 1844//3622
f 1781//3623 1782//3623 1846//3623
f 1781//3624 1846//3624 1845//3624
f 1782//3625 1783//3625 1847//3625
f 1782//3626 1847//3626 1846//3626
f 1783//3627 1784//3627 1848//3627
f 1783//3628 1848//3628 1847//3628
f 1784//3629 1785//3629 1849//3629
f 1784//3630 1849//3630 1848//3630
f 1785//3631 1786//3631 1850//3631
f 1785//3632 1850//3632 1849//3632
f 1786//3633 1787//3633 1851//3633
f 1786//3634 1851//3634 1850//3634
f 1787//3635 1788//3635 1852//3635
f 1787//3636 1852//3636 1851//3636
f 1788//3637 1789//3637 1853//3637
f 1788//3638 1853//3638 1852//3638
f 1789//3639 1790//3639 1854//3639
f 1789//3640 1854//3640 1853//3640
f 1790//3641 1791//3641 1855//3641
f 1790//3642 1855//3642 1854//3642
f 1791//3643 1792//3643 1856//3643
f 1791//3644 1856//3644 1855//3644
f 1792//3645 1793//3645 1857//3645
f 1792//3646 1857//3646 1856//3646
f 1793//3647 1730//3647 1794//3647
f 1793//3648 1794//3648 1857//3648
f 1794//3649 1795//3649 1859//3649
f 1794//3650 1859//3650 1858//3650
f 1795//3651 1796//3651 1860//3651
f 1795//3652 1860//3652 1859//3652
f 1796//3653 1797//3653 1861//3653
f 1796//3654 1861//3654 1860//3654
f 1797//3655 1798//3655 1862//3655
f 1797//3656 1862//3656 1861//3656
f 1798//3657 1799//3657 1863//3657
f 1798//3658 1863//3658 1862//3658
f 1799//3659 1800//3659 1864//3659
f 1799//3660 1864//3660 1863//3660
f 1800//3661 1801//3661 1865//3661
f 1800//3662 1865//3662 1864//3662
f 1801//3663 1802//3663 1866//3663
f 1801//3664 1866//3664 1865//3664
f 1802//3665 1803//3665 1867//3665
f 1802//3666 1867//3666 1866//3666
f 1803//3667 1804//3667 1868//3667
f 1803//3668 1868//3668 1867//3668
f 1804//3669 1805//3669 1869//3669
f 1804//3670 1869//3670 1868//3670
f 1805//3671 1806//3671 1870//3671
f 1805//3672 1870//3672 1869//3672
f 1806//3673 1807//3673 1871//3673
f 1806//3674 1871//3674 1870//3674
f 1807//3675 1808//3675 1872//3675
f 1807//3676 1872//3676 1871//3676
f 1808//3677 1809//3677 1873//3677
f 1808//3678 1873//3678 1872//3678
f 1809//3679 1810//3679 1874//3679
f 1809//3680 1874//3680 1873//3680
f 1810//3681 1811//3681 1875//3681
f 1810//3682 1875//3682 1874//3682
f 1811//3683 1812//3683 1876//3683
f 1811//3684 1876//3684 1875//3684
f 1812//3685 1813//3685 1877//3685
f 1812//3686 1877//3686 1876//3686
f 1813//3687 1814//3687 1878//3687
f 1813//3688 1878//3688 1877//3688
f 1814//3689 1815//3689 1879//3689
f 1814//3690 1879//3690 1878//3690
f 1815//3691 1816//3691 1880//3691
f 1815//3692 1880//3692 1879//3692
f 1816//3693 1817//3693 1881//3693
f 1816//3694 1881//3694 1880//3694
f 1817//3695 1818//3695 1882//3695
f 1817//3696 1882//3696 1881//3696
f 1818//3697 1819//3697 1883//3697
f 1818//3698 1883//3698 1882//3698
f 1819//3699 1820//3699 1884//3699
f 1819//3700 1884//3700 1883//3700
f 1820//3701 1821//3701 1885//3701
f 1820//3702 1885//3702 1884//3702
f 1821//3703 1822//3703 1886//3703
f 1821//3704 1886//3704 1885//3704
f 1822//3705 1823//3705 1887//3705
f 1822//3706 1887//3706 1886//3706
f 1823//3707 1824//3707 1888//3707
f 1823//3708 1888//3708 1887//3708
f 1824//3709 1825//3709 1889//3709
f 1824//3710 1889//3710 1888//3710
f 1825//3711 1826//3711 1890//3711
f 1825//3712 1890//3712 1889//3712
f 1826//3713 1827//3713 1891//3713
f 1826//3714 1891//3714 1890//3714
f 1827//3715 1828//3715 1892//3715
f 1827//3716 1892//3716 1891//3716
f 1828//3717 1829//3717 1893//3717
f 1828//3718 1893//3718 1892//3718
f 1829//3719 1830//3719 1894//3719
f 1829//3720 1894//3720 1893//3720
f 1830//3721 1831//3721 1895//3721
f 1830//3722 1895//3722 1894//3722
f 1831//3723 1832//3723 1896//3723
f 1831//3724 1896//3724 1895//3724
f 1832//3725 1833//3725 1897//3725
f 1832//3726 1897//3726 1896//3726
f 1833//3727 1834//3727 1898//3727
f 1833//3728 1898//3728 1897//3728
f 1834//3729 1835//3729 1899//3729
f 1834//3730 1899//3730 1898//3730
f 1835//3731 1836//3731 1900//3731
f 1835//3732 1900//3732 1899//3732
f 1836//3733 1837//3733 1901//3733
f 1836//3734 1901//3734 1900//3734
f 1837//3735 1838//3735 1902//3735
f 1837//3736 1902//3736 1901//3736
f 1838//3737 1839//3737 1903//3737
f 1838//3738 1903//3738 1902//3738
f 1839//3739 1840//3739 1904//3739
f 1839//3740 1904//3740 1903//3740
f 1840//3741 1841//3741 1905//3741
f 1840//3742 1905//3742 1904//3742
f 1841//3743 1842//3743 1906//3743
f 1841//3744 1906//3744 1905//3744
f 1842//3745 1843//3745 1907//3745
f 1842//3746 1907//3746 1906//3746
f 1843//3747 1844//3747 1908//3747
f 1843//3748 1908//3748 1907//3748
f 1844//3749 1845//3749 1909//3749
f 1844//3750 1909//3750 1908//3750
f 1845//3751 1846//3751 1910//3751
f 1845//3752 1910//3752 1909//3752
f 1846//3753 1847//3753 1911//3753
f 1846//3754 1911//3754 1910//3754
f 1847//3755 1848//3755 1912//3755
f 1847//3756 1912//3756 1911//3756
f 1848//3757 1849//3757 1913//3757
f 1848//3758 1913//3758 1912//3758
f 1849//3759 1850//3759 1914//3759
f 1849//3760 1914//3760 1913//3760
f 1850//3761 1851//3761 1915//3761
f 1850//3762 1915//3762 1914//3762
f 1851//3763 1852//3763 1916//3763
f 1851//3764 1916//3764 1915//3764
f 1852//3765 1853//3765 1917//3765
f 1852//3766 1917//3766 1916//3766
f 1853//3767 1854//3767 1918//3767
f 1853//3768 1918//3768 1917//3768
f 1854//3769 1855//3769 1919//3769
f 1854//3770 1919//3770 1918//3770
f 1855//3771 1856//3771 1920//3771
f 1855//3772 1920//3772 1919//3772
f 1856//3773 1857//3773 1921//3773
f 1856//3774 1921//3774 1920//3774
f 1857//3775 1794//3775 1858//3775
f 1857//3776 1858//3776 1921//3776
f 1858//3777 1859//3777 1923//3777
f 1858//3778 1923//3778 1922//3778
f 1859//3779 1860//3779 1924//3779
f 1859//3780 1924//3780 1923//3780
f 1860//3781 1861//3781 1925//3781
f 1860//3782 1925//3782 1924//3782
f 1861//3783 1862//3783 1926//3783
f 1861//3784 1926//3784 1925//3784
f 1862//3785 1863//3785 1927//3785
f 1862//3786 1927//3786 1926//3786
f 1863//3787 1864//3787 1928//3787
f 1863//3788 1928//3788 1927//3788
f 1864//3789 1865//3789 1929//3789
f 1864//3790 1929//3790 1928//3790
f 1865//3791 1866//3791 1930//3791
f 1865//3792 1930//3792 1929//3792
f 1866//3793 1867//3793 1931//3793
f 1866//3794 1931//3794 1930//3794
f 1867//3795 1868//3795 1932//3795
f 1867//3796 1932//3796 1931//3796
f 1868//3797 1869//3797 1933//3797
f 1868//3798 1933//3798 1932//3798
f 1869//3799 1870//3799 1934//3799
f 1869//3800 1934//3800 1933//3800
f 1870//3801 1871//3801 1935//3801
f 1870//3802 1935//3802 1934//3802
f 1871//3803 1872//3803 1936//3803
f 1871//3804 1936//3804 1935//3804
f 1872//3805 1873//3805 1937//3805
f 1872//3806 1937//3806 1936//3806
f 1873//3807 1874//3807 1938//3807
f 1873//3808 1938//3808 1937//3808
f 1874//3809 1875//3809 1939//3809
f 1874//3810 1939//3810 1938//3810
f 1875//3811 1876//3811 1940//3811
f 1875//3812 1940//3812 1939//3812
f 1876//3813 1877//3813 1941//3813
f 1876//3814 1941//3814 1940//3814
f 1877//3815 1878//3815 1942//3815
f 1877//3816 1942//3816 1941//3816
f 1878//3817 1879//3817 1943//3817
f 1878//3818 1943//3818 1942//3818
f 1879//3819 1880//3819 1944//3819
f 1879//3820 1944//3820 1943//3820
f 1880//3821 1881//3821 1945//3821
f 1880//3822 1945//3822 1944//3822
f 1881//3823 1882//3823 1946//3823
f 1881//3824 1946//3824 1945//3824
f 1882//3825 1883//3825 1947//3825
f 1882//3826 1947//3826 1946//3826
f 1883//3827 1884//3827 1948//3827
f 1883//3828 1948//3828 1947//3828
f 1884//3829 1885//3829 1949//3829
f 1884//3830 1949//3830 1948//3830
f 1885//3831 1886//3831 1950//3831
f 1885//3832 1950//3832 1949//3832
f 1886//3833 1887//3833 1951//3833
f 1886//3834 1951//3834 1950//3834
f 1887//3835 1888//3835 1952//3835
f 1887//3836 1952//3836 1951//3836
f 1888//3837 1889//3837 1953//3837
f 1888//3838 1953//3838 1952//3838
f 1889//3839 1890//3839 1954//3839
f 1889//3840 1954//3840 1953//3840
f 1890//3841 1891//3841 1955//3841
f 1890//3842 1955//3842 1954//3842
f 1891//3843 1892//3843 1956//3843
f 1891//3844 1956//3844 1955//3844
f 1892//3845 1893//3845 1957//3845
f 1892//3846 1957//3846 1956//3846
f 1893//3847 1894//3847 1958//3847
f 1893//3848 1958//3848 1957//3848
f 1894//3849 1895//3849 1959//3849
f 1894//3850 1959//3850 1958//3850
f 1895//3851 1896//3851 1960//3851
f 1895//3852 1960//3852 1959//3852
f 1896//3853 1897//3853 1961//3853
f 1896//3854 1961//3854 1960//3854
f 1897//3855 1898//3855 1962//3855
f 1897//3856 1962//3856 1961//3856
f 1898//3857 1899//3857 1963//3857
f 1898//3858 1963//3858 1962//3858
f 1899//3859 1900//3859 1964//3859
f 1899//3860 1964//3860 1963//3860
f 1900//3861 1901//3861 1965//3861
f 1900//3862 1965//3862 1964//3862
f 1901//3863 1902//3863 1966//3863
f 1901//3864 1966//3864 1965//3864
f 1902//3865 1903//3865 1967//3865
f 1902//3866 1967//3866 1966//3866
f 1903//3867 1904//3867 1968//3867
f 1903//3868 1968//3868 1967//3868
f 1904//3869 1905//3869 1969//3869
f 1904//3870 1969//3870 1968//3870
f 1905//3871 1906//3871 1970//3871
f 1905//3872 1970//3872 1969//3872
f 1906//3873 1907//3873 1971//3873
f 1906//3874 1971//3874 1970//3874
f 1907//3875 1908//3875 1972//3875
f 1907//3876 1972//3876 1971//3876
f 1908//3877 1909//3877 1973//3877
f 1908//3878 1973//3878 1972//3878
f 1909//3879 1910//3879 1974//3879
f 1909//3880 1974//3880 1973//3880
f 1910//3881 1911//3881 1975//3881
f 1910//3882 1975//3882 1974//3882
f 1911//3883 1912//3883 1976//3883
f 1911//3884 1976//3884 1975//3884
f 1912//3885 1913//3885 1977//3885
f 1912//3886 1977//3886 1976//3886
f 1913//3887 1914//3887 1978//3887
f 1913//3888 1978//3888 1977//3888
f 1914//3889 1915//3889 1979//3889
f 1914//3890 1979//3890 1978//3890
f 1915//3891 1916//3891 1980//3891
f 1915//3892 1980//3892 1979//3892
f 1916//3893 1917//3893 1981//3893
f 1916//3894 1981//3894 1980//3894
f 1917//3895 1918//3895 1982//3895
f 1917//3896 1982//3896 1981//3896
f 1918//3897 1919//3897 1983//3897
f 1918//3898 1983//3898 1982//3898
f 1919//3899 1920//3899 1984//3899
f 1919//3900 1984//3900 1983//3900
f 1920//3901 1921//3901 1985//3901
f 1920//3902 1985//3902 1984//3902
f 1921//3903 1858//3903 1922//3903
f 1921//3904 1922//3904 1985//3904
f 1922//3905 1923//3905 1987//3905
f 1922//3906 1987//3906 1986//3906
f 1923//3907 1924//3907 1988//3907
f 1923//3908 1988//3908 1987//3908
f 1924//3909 1925//3909 1989//3909
f 1924//3910 1989//3910 1988//3910
f 1925//3911 1926//3911 1990//3911
f 1925//3912 1990//3912 1989//3912
f 1926//3913 1927//3913 1991//3913
f 1926//3914 1991//3914 1990//3914
f 1927//3915 1928//3915 1992//3915
f 1927//3916 1992//3916 1991//3916
f 1928//3917 1929//3917 1993//3917
f 1928//3918 1993//3918 1992//3918
f 1929//3919 1930//3919 1994//3919
f 1929//3920 1994//3920 1993//3920
f 1930//3921 1931//3921 1995//3921
f 1930//3922 1995//3922 1994//3922
f 1931//3923 1932//3923 1996//3923
f 1931//3924 1996//3924 1995//3924
f 1932//3925 1933//3925 1997//3925
f 1932//3926 1997//3926 1996//3926
f 1933//3927 1934//3927 1998//3927
f 1933//3928 1998//3928 1997//3928
f 1934//3929 1935//3929 1999//3929
f 1934//3930 1999//3930 1998//3930
f 1935//3931 1936//3931 2000//3931
f 1935//3932 2000//3932 1999//3932
f 1936//3933 1937//3933 2001//3933
f 1936//3934 2001//3934 2000//3934
f 1937//3935 1938//3935 2002//3935
f 1937//3936 2002//3936 2001//3936
f 1938//3937 1939//3937 2003//3937
f 1938//3938 2003//3938 2002//3938
f 1939//3939 1940//3939 2004//3939
f 1939//3940 2004//3940 2003//3940
f 1940//3941 1941//3941 2005//3941
f 1940//3942 2005//3942 2004//3942
f 1941//3943 1942//3943 2006//3943
f 1941//3944 2006//3944 2005//3944
f 1942//3945 1943//3945 2007//3945
f 1942//3946 2007//3946 2006//3946
f 1943//3947 1944//3947 2008//3947
f 1943//3948 2008//3948 2007//3948
f 1944//3949 1945//3949 2009//3949
f 1944//3950 2009//3950 2008//3950
f 1945//3951 1946//3951 2010//3951
f 1945//3952 2010//3952 2009//3952
f 1946//3953 1947//3953 2011//3953
f 1946//3954 2011//3954 2010//3954
f 1947//3955 1948//3955 2012//3955
f 1947//3956 2012//3956 2011//3956
f 1948//3957 1949//3957 2013//3957
f 1948//3958 2013//3958 2012//3958
f 1949//3959 1950//3959 2014//3959
f 1949//3960 2014//3960 2013//3960
f 1950//3961 1951//3961 2015//3961
f 1950//3962 2015//3962 2014//3962
f 1951//3963 1952//3963 2016//3963
f 1951//3964 2016//3964 2015//3964
f 1952//3965 1953//3965 2017//3965
f 1952//3966 2017//3966 2016//3966
f 1953//3967 1954//3967 2018//3967
f 1953//3968 2018//3968 2017//3968
f 1954//3969 1955//3969 2019//3969
f 1954//3970 2019//3970 2018//3970
f 1955//3971 1956//3971 2020//3971
f 1955//3972 2020//3972 2019//3972
f 1956//3973 1957//3973 2021//3973
f 1956//3974 2021//3974 2020//3974
f 1957//3975 1958//3975 2022//3975
f 1957//3976 2022//3976 2021//3976
f 1958//3977 1959//3977 2023//3977
f 1958//3978 2023//3978 2022//3978
f 1959//3979 1960//3979 2024//3979
f 1959//3980 2024//3980 2023//3980
f 1960//3981 1961//3981 2025//3981
f 1960//3982 2025//3982 2024//3982
f 1961//3983 1962//3983 2026//3983
f 1961//3984 2026//3984 2025//3984
f 1962//3985 1963//3985 2027//3985
f 1962//3986 2027//3986 2026//3986
f 1963//3987 1964//3987 2028//3987
f 1963//3988 2028//3988 2027//3988
f 1964//3989 1965//3989 2029//3989
f 1964//3990 2029//3990 2028//3990
f 1965//3991 1966//3991 2030//3991
f 1965//3992 2030//3992 2029//3992
f 1966//3993 1967//3993 2031//3993
f 1966//3994 2031//3994 2030//3994
f 1967//3995 1968//3995 2032//3995
f 1967//3996 2032//3996 2031//3996
f 1968//3997 1969//3997 2033//3997
f 1968//3998 2033//3998 2032//3998
f 1969//3999 1970//3999 2034//3999
f 1969//4000 2034//4000 2033//4000
f 1970//4001 1971//4001 2035//4001
f 1970//4002 2035//4002 2034//4002
f 1971//4003 1972//4003 2036//4003
f 1971//4004 2036//4004 2035//4004
f 1972//4005 1973//4005 2037//4005
f 1972//4006 2037//4006 2036//4006
f 1973//4007 1974//4007 2038//4007
f 1973//4008 2038//4008 2037//4008
f 1974//4009 1975//4009 2039//4009
f 1974//4010 2039//4010 2038//4010
f 1975//4011 1976//4011 2040//4011
f 1975//4012 2040//4012 2039//4012
f 1976//4013 1977//4013 2041//4013
f 1976//4014 2041//4014 2040//4014
f 1977//4015 1978//4015 2042//4015
f 1977//4016 2042//4016 2041//4016
f 1978//4017 1979//4017 2043//4017
f 1978//4018 2043//4018 2042//4018
f 1979//4019 1980//4019 2044//4019
f 1979//4020 2044//4020 2043//4020
f 1980//4021 1981//4021 2045//4021
f 1980//4022 2045//4022 2044//4022
f 1981//4023 1982//4023 2046//4023
f 1981//4024 2046//4024 2045//4024
f 1982//4025 1983//4025 2047//4025
f 1982//4026 2047//4026 2046//4026
f 1983//4027 1984//4027 2048//4027
f 1983//4028 2048//4028 2047//4028
f 1984//4029 1985//4029 2049//4029
f 1984//4030 2049//4030 2048//4030
f 1985//4031 1922//4031 1986//4031
f 1985//4032 1986//4032 2049//4032
f 1986//4033 1987//4033 2051//4033
f 1986//4034 2051//4034 2050//4034
f 1987//4035 1988//4035 2052//4035
f 1987//4036 2052//4036 2051//4036
f 1988//4037 1989//4037 2053//4037
f 1988//4038 2053//4038 2052//4038
f 1989//4039 1990//4039 2054//4039
f 1989//4040 2054//4040 2053//4040
f 1990//4041 1991//4041 2055//4041
f 1990//4042 2055//4042 2054//4042
f 1991//4043 1992//4043 2056//4043
f 1991//4044 2056//4044 2055//4044
f 1992//4045 1993//4045 2057//4045
f 1992//4046 2057//4046 2056//4046
f 1993//4047 1994//4047 2058//4047
f 1993//4048 2058//4048 2057//4048
f 1994//4049 1995//4049 2059//4049
f 1994//4050 2059//4050 2058//4050
f 1995//4051 1996//4051 2060//4051
f 1995//4052 2060//4052 2059//4052
f 1996//4053 1997//4053 2061//4053
f 1996//4054 2061//4054 2060//4054
f 1997//4055 1998//4055 2062//4055
f 1997//4056 2062//4056 2061//4056
f 1998//4057 1999//4057 2063//4057
f 1998//4058 2063//4058 2062//4058
f 1999//4059 2000//4059 2064//4059
f 1999//4060 2064//4060 2063//4060
f 2000//4061 2001//4061 2065//4061
f 2000//4062 2065//4062 2064//4062
f 2001//4063 2002//4063 2066//4063
f 2001//4064 2066//4064 2065//4064
f 2002//4065 2003//4065 2067//4065
f 2002//4066 2067//4066 2066//4066
f 2003//4067 2004//4067 2068//4067
f 2003//4068 2068//4068 2067//4068
f 2004//4069 2005//4069 2069//4069
f 2004//4070 2069//4070 2068//4070
f 2005//4071 2006//4071 2070//4071
f 2005//4072 2070//4072 2069//4072
f 2006//4073 2007//4073 2071//4073
f 2006//4074 2071//4074 2070//4074
f 2007//4075 2008//4075 2072//4075
f 2007//4076 2072//4076 2071//4076
f 2008//4077 2009//4077 2073//4077
f 2008//4078 2073//4078 2072//4078
f 2009//4079 2010//4079 2074//4079
f 2009//4080 2074//4080 2073//4080
f 2010//4081 2011//4081 2075//4081
f 2010//4082 2075//4082 2074//4082
f 2011//4083 2012//4083 2076//4083
f 2011//4084 2076//4084 2075//4084
f 2012//4085 2013//4085 2077//4085
f 2012//4086 2077//4086 2076//4086
f 2013//4087 2014//4087 2078//4087
f 2013//4088 2078//4088 2077//4088
f 2014//4089 2015//4089 2079//4089
f 2014//4090 2079//4090 2078//4090
f 2015//4091 2016//4091 2080//4091
f 2015//4092 2080//4092 2079//4092
f 2016//4093 2017//4093 2081//4093
f 2016//4094 2081//4094 2080//4094
f 2017//4095 2018//4095 2082//4095
f 2017//4096 2082//4096 2081//4096
f 2018//4097 2019//4097 2083//4097
f 2018//4098 2083//4098 2082//4098
f 2019//4099 2020//4099 2084//4099
f 2019//4100 2084//4100 2083//4100
f 2020//4101 2021//4101 2085//4101
f 2020//4102 2085//4102 2084//4102
f 2021//4103 2022//4103 2086//4103
f 2021//4104 2086//4104 2085//4104
f 2022//4105 2023//4105 2087//4105
f 2022//4106 2087//4106 2086//4106
f 2023//4107 2024//4107 2088//4107
f 2023//4108 2088//4108 2087//4108
f 2024//4109 2025//4109 2089//4109
f 2024//4110 2089//4110 2088//4110
f 2025//4111 2026//4111 2090//4111
f 2025//4112 2090//4112 2089//4112
f 2026//4113 2027//4113 2091//4113
f 2026//4114 2091//4114 2090//4114
f 2027//4115 2028//4115 2092//4115
f 2027//4116 2092//4116 2091//4116
f 2028//4117 2029//4117 2093//4117
f 2028//4118 2093//4118 2092//4118
f 2029//4119 2030//4119 2094//4119
f 2029//4120 2094//4120 2093//4120
f 2030//4121 2031//4121 2095//4121
f 2030//4122 2095//4122 2094//4122
f 2031//4123 2032//4123 2096//4123
f 2031//4124 2096//4124 2095//4124
f 2032//4125 2033//4125 2097//4125
f 2032//4126 2097//4126 2096//4126
f 2033//4127 2034//4127 2098//4127
f 2033//4128 2098//4128 2097//4128
f 2034//4129 2035//4129 2099//4129
f 2034//4130 2099//4130 2098//4130
f 2035//4131 2036//4131 2100//4131
f 2035//4132 2100//4132 2099//4132
f 2036//4133 2037//4133 2101//4133
f 2036//4134 2101//4134 2100//4134
f 2037//4135 2038//4135 2102//4135
f 2037//4136 2102//4136 2101//4136
f 2038//4137 2039//4137 2103//4137
f 2038//4138 2103//4138 2102//4138
f 2039//4139 2040//4139 2104//4139
f 2039//4140 2104//4140 2103//4140
f 2040//4141 2041//4141 2105//4141
f 2040//4142 2105//4142 2104//4142
f 2041//4143 2042//4143 2106//4143
f 2041//4144 2106//4144 2105//4144
f 2042//4145 2043//4145 2107//4145
f 2042//4146 2107//4146 2106//4146
f 2043//4147 2044//4147 2108//4147
f 2043//4148 2108//4148 2107//4148
f 2044//4149 2045//4149 2109//4149
f 2044//4150 2109//4150 2108//4150
f 2045//4151 2046//4151 2110//4151
f 2045//4152 2110//4152 2109//4152
f 2046//4153 2047//4153 2111//4153
f 2046//4154 2111//4154 2110//4154
f 2047//4155 2048//4155 2112//4155
f 2047//4156 2112//4156 2111//4156
f 2048//4157 2049//4157 2113//4157
f 2048//4158 2113//4158 2112//4158
f 2049//4159 1986//4159 2050//4159
f 2049//4160 2050//4160 2113//4160
f 2050//4161 2051//4161 2115//4161
f 2050//4162 2115//4162 2114//4162
f 2051//4163 2052//4163 2116//4163
f 2051//4164 2116//4164 2115//4164
f 2052//4165 2053//4165 2117//4165
f 2052//4166 2117//4166 2116//4166
f 2053//4167 2054//4167 2118//4167
f 2053//4168 2118//4168 2117//4168
f 2054//4169 2055//4169 2119//4169
f 2054//4170 2119//4170 2118//4170
f 2055//4171 2056//4171 2120//4171
f 2055//4172 2120//4172 2119//4172
f 2056//4173 2057//4173 2121//4173
f 2056//4174 2121//4174 2120//4174
f 2057//4175 2058//4175 2122//4175
f 2057//4176 2122//4176 2121//4176
f 2058//4177 2059//4177 2123//4177
f 2058//4178 2123//4178 2122//4178
f 2059//4179 2060//4179 2124//4179
f 2059//4180 2124//4180 2123//4180
f 2060//4181 2061//4181 2125//4181
f 2060//4182 2125//4182 2124//4182
f 2061//4183 2062//4183 2126//4183
f 2061//4184 2126//4184 2125//4184
f 2062//4185 2063//4185 2127//4185
f 2062//4186 2127//4186 2126//4186
f 2063//4187 2064//4187 2128//4187
f 2063//4188 2128//4188 2127//4188
f 2064//4189 2065//4189 2129//4189
f 2064//4190 2129//4190 2128//4190
f 2065//4191 2066//4191 2130//4191
f 2065//4192 2130//4192 2129//4192
f 2066//4193 2067//4193 2131//4193
f 2066//4194 2131//4194 2130//4194
f 2067//4195 2068//4195 2132//4195
f 2067//4196 2132//4196 2131//4196
f 2068//4197 2069//4197 2133//4197
f 2068//4198 2133//4198 2132//4198
f 2069//4199 2070//4199 2134//4199
f 2069//4200 2134//4200 2133//4200
f 2070//4201 2071//4201 2135//4201
f 2070//4202 2135//4202 2134//4202
f 2071//4203 2072//4203 2136//4203
f 2071//4204 2136//4204 2135//4204
f 2072//4205 2073//4205 2137//4205
f 2072//4206 2137//4206 2136//4206
f 2073//4207 2074//4207 2138//4207
f 2073//4208 2138//4208 2137//4208
f 2074//4209 2075//4209 2139//4209
f 2074//4210 2139//4210 2138//4210
f 2075//4211 2076//4211 2140//4211
f 2075//4212 2140//4212 2139//4212
f 2076//4213 2077//4213 2141//4213
f 2076//4214 2141//4214 2140//4214
f 2077//4215 2078//4215 2142//4215
f 2077//4216 2142//4216 2141//4216
f 2078//4217 2079//4217 2143//4217
f 2078//4218 2143//4218 2142//4218
f 2079//4219 2080//4219 2144//4219
f 2079//4220 2144//4220 2143//4220
f 2080//4221 2081//4221 2145//4221
f 2080//4222 2145//4222 2144//4222
f 2081//4223 2082//4223 2146//4223
f 2081//4224 2146//4224 2145//4224
f 2082//4225 2083//4225 2147//4225
f 2082//4226 2147//4226 2146//4226
f 2083//4227 2084//4227 2148//4227
f 2083//4228 2148//4228 2147//4228
f 2084//4229 2085//4229 2149//4229
f 2084//4230 2149//4230 2148//4230
f 2085//4231 2086//4231 2150//4231
f 2085//4232 2150//4232 2149//4232
f 2086//4233 2087//4233 2151//4233
f 2086//4234 2151//4234 2150//4234
f 2087//4235 2088//4235 2152//4235
f 2087//4236 2152//4236 2151//4236
f 2088//4237 2089//4237 2153//4237
f 2088//4238 2153//4238 2152//4238
f 2089//4239 2090//4239 2154//4239
f 2089//4240 2154//4240 2153//4240
f 2090//4241 2091//4241 2155//4241
f 2090//4242 2155//4242 2154//4242
f 2091//4243 2092//4243 2156//4243
f 2091//4244 2156//4244 2155//4244
f 2092//4245 2093//4245 2157//4245
f 2092//4246 2157//4246 2156//4246
f 2093//4247 2094//4247 2158//4247
f 2093//4248 2158//4248 2157//4248
f 2094//4249 2095//4249 2159//4249
f 2094//4250 2159//4250 2158//4250
f 2095//4251 2096//4251 2160//4251
f 2095//4252 2160//4252 2159//4252
f 2096//4253 2097//4253 2161//4253
f 2096//4254 2161//4254 2160//4254
f 2097//4255 2098//4255 2162//4255
f 2097//4256 2162//4256 2161//4256
f 2098//4257 2099//4257 2163//4257
f 2098//4258 2163//4258 2162//4258
f 2099//4259 2100//4259 2164//4259
f 2099//4260 2164//4260 2163//4260
f 2100//4261 2101//4261 2165//4261
f 2100//4262 2165//4262 2164//4262
f 2101//4263 2102//4263 2166//4263
f 2101//4264 2166//4264 2165//4264
f 2102//4265 2103//4265 2167//4265
f 2102//4266 2167//4266 2166//4266
f 2103//4267 2104//4267 2168//4267
f 2103//4268 2168//4268 2167//4268
f 2104//4269 2105//4269 2169//4269
f 2104//4270 2169//4270 2168//4270
f 2105//4271 2106//4271 2170//4271
f 2105//4272 2170//4272 2169//4272
f 2106//4273 2107//4273 2171//4273
f 2106//4274 2171//4274 2170//4274
f 2107//4275 2108//4275 2172//4275
f 2107//4276 2172//4276 2171//4276
f 2108//4277 2109//4277 2173//4277
f 2108//4278 2173//4278 2172//4278
f 2109//4279 2110//4279 2174//4279
f 2109//4280 2174//4280 2173//4280
f 2110//4281 2111//4281 2175//4281
f 2110//4282 2175//4282 2174//4282
f 2111//4283 2112//4283 2176//4283
f 2111//4284 2176//4284 2175//4284
f 2112//4285 2113//4285 2177//4285
f 2112//4286 2177//4286 2176//4286
f 2113//4287 2050//4287 2114//4287
f 2113//4288 2114//4288 2177//4288
f 2114//4289 2115//4289 2179//4289
f 2114//4290 2179//4290 2178//4290
f 2115//4291 2116//4291 2180//4291
f 2115//4292 2180//4292 2179//4292
f 2116//4293 2117//4293 2181//4293
f 2116//4294 2181//4294 2180//4294
f 2117//4295 2118//4295 2182//4295
f 2117//4296 2182//4296 2181//4296
f 2118//4297 2119//4297 2183//4297
f 2118//4298 2183//4298 2182//4298
f 2119//4299 2120//4299 2184//4299
f 2119//4300 2184//4300 2183//4300
f 2120//4301 2121//4301 2185//4301
f 2120//4302 2185//4302 2184//4302
f 2121//4303 2122//4303 2186//4303
f 2121//4304 2186//4304 2185//4304
f 2122//4305 2123//4305 2187//4305
f 2122//4306 2187//4306 2186//4306
f 2123//4307 2124//4307 2188//4307
f 2123//4308 2188//4308 2187//4308
f 2124//4309 2125//4309 2189//4309
f 2124//4310 2189//4310 2188//4310
f 2125//4311 2126//4311 2190//4311
f 2125//4312 2190//4312 2189//4312
f 2126//4313 2127//4313 2191//4313
f 2126//4314 2191//4314 2190//4314
f 2127//4315 2128//4315 2192//4315
f 2127//4316 2192//4316 2191//4316
f 2128//4317 2129//4317 2193//4317
f 2128//4318 2193//4318 2192//4318
f 2129//4319 2130//4319 2194//4319
f 2129//4320 2194//4320 2193//4320
f 2130//4321 2131//4321 2195//4321
f 2130//4322 2195//4322 2194//4322
f 2131//4323 2132//4323 2196//4323
f 2131//4324 2196//4324 2195//4324
f 2132//4325 2133//4325 2197//4325
f 2132//4326 2197//4326 2196//4326
f 2133//4327 2134//4327 2198//4327
f 2133//4328 2198//4328 2197//4328
f 2134//4329 2135//4329 2199//4329
f 2134//4330 2199//4330 2198//4330
f 2135//4331 2136//4331 2200//4331
f 2135//4332 2200//4332 2199//4332
f 2136//4333 2137//4333 2201//4333
f 2136//4334 2201//4334 2200//4334
f 2137//4335 2138//4335 2202//4335
f 2137//4336 2202//4336 2201//4336
f 2138//4337 2139//4337 2203//4337
f 2138//4338 2203//4338 2202//4338
f 2139//4339 2140//4339 2204//4339
f 2139//4340 2204//4340 2203//4340
f 2140//4341 2141//4341 2205//4341
f 2140//4342 2205//4342 2204//4342
f 2141//4343 2142//4343 2206//4343
f 2141//4344 2206//4344 2205//4344
f 2142//4345 2143//4345 2207//4345
f 2142//4346 2207//4346 2206//4346
f 2143//4347 2144//4347 2208//4347
f 2143//4348 2208//4348 2207//4348
f 2144//4349 2145//4349 2209//4349
f 2144//4350 2209//4350 2208//4350
f 2145//4351 2146//4351 2210//4351
f 2145//4352 2210//4352 2209//4352
f 2146//4353 2147//4353 2211//4353
f 2146//4354 2211//4354 2210//4354
f 2147//4355 2148//4355 2212//4355
f 2147//4356 2212//4356 2211//4356
f 2148//4357 2149//4357 2213//4357
f 2148//4358 2213//4358 2212//4358
f 2149//4359 2150//4359 2214//4359
f 2149//4360 2214//4360 2213//4360
f 2150//4361 2151//4361 2215//4361
f 2150//4362 2215//4362 2214//4362
f 2151//4363 2152//4363 2216//4363
f 2151//4364 2216//4364 2215//4364
f 2152//4365 2153//4365 2217//4365
f 2152//4366 2217//4366 2216//4366
f 2153//4367 2154//4367 2218//4367
f 2153//4368 2218//4368 2217//4368
f 2154//4369 2155//4369 2219//4369
f 2154//4370 2219//4370 2218//4370
f 2155//4371 2156//4371 2220//4371
f 2155//4372 2220//4372 2219//4372
f 2156//4373 2157//4373 2221//4373
f 2156//4374 2221//4374 2220//4374
f 2157//4375 2158//4375 2222//4375
f 2157//4376 2222//4376 2221//4376
f 2158//4377 2159//4377 2223//4377
f 2158//4378 2223//4378 2222//4378
f 2159//4379 2160//4379 2224//4379
f 2159//4380 2224//4380 2223//4380
f 2160//4381 2161//4381 2225//4381
f 2160//4382 2225//4382 2224//4382
f 2161//4383 2162//4383 2226//4383
f 2161//4384 2226//4384 2225//4384
f 2162//4385 2163//4385 2227//4385
f 2162//4386 2227//4386 2226//4386
f 2163//4387 2164//4387 2228//4387
f 2163//4388 2228//4388 2227//4388
f 2164//4389 2165//4389 2229//4389
f 2164//4390 2229//4390 2228//4390
f 2165//4391 2166//4391 2230//4391
f 2165//4392 2230//4392 2229//4392
f 2166//4393 2167//4393 2231//4393
f 2166//4394 2231//4394 2230//4394
f 2167//4395 2168//4395 2232//4395
f 2167//4396 2232//4396 2231//4396
f 2168//4397 2169//4397 2233//4397
f 2168//4398 2233//4398 2232//4398
f 2169//4399 2170//4399 2234//4399
f 2169//4400 2234//4400 2233//4400
f 2170//4401 2171//4401 2235//4401
f 2170//4402 2235//4402 2234//4402
f 2171//4403 2172//4403 2236//4403
f 2171//4404 2236//4404 2235//4404
f 2172//4405 2173//4405 2237//4405
f 2172//4406 2237//4406 2236//4406
f 2173//4407 2174//4407 2238//4407
f 2173//4408 2238//4408 2237//4408
f 2174//4409 2175//4409 2239//4409
f 2174//4410 2239//4410 2238//4410
f 2175//4411 2176//4411 2240//4411
f 2175//4412 2240//4412 2239//4412
f 2176//4413 2177//4413 2241//4413
f 2176//4414 2241//4414 2240//4414
f 2177//4415 2114//4415 2178//4415
f 2177//4416 2178//4416 2241//4416
f 2178//4417 2179//4417 2243//4417
f 2178//4418 2243//4418 2242//4418
f 2179//4419 2180//4419 2244//4419
f 2179//4420 2244//4420 2243//4420
f 2180//4421 2181//4421 2245//4421
f 2180//4422 2245//4422 2244//4422
f 2181//4423 2182//4423 2246//4423
f 2181//4424 2246//4424 2245//4424
f 2182//4425 2183//4425 2247//4425
f 2182//4426 2247//4426 2246//4426
f 2183//4427 2184//4427 2248//4427
f 2183//4428 2248//4428 2247//4428
f 2184//4429 2185//4429 2249//4429
f 2184//4430 2249//4430 2248//4430
f 2185//4431 2186//4431 2250//4431
f 2185//4432 2250//4432 2249//4432
f 2186//4433 2187//4433 2251//4433
f 2186//4434 2251//4434 2250//4434
f 2187//4435 2188//4435 2252//4435
f 2187//4436 2252//4436 2251//4436
f 2188//4437 2189//4437 2253//4437
f 2188//4438 2253//4438 2252//4438
f 2189//4439 2190//4439 2254//4439
f 2189//4440 2254//4440 2253//4440
f 2190//4441 2191//4441 2255//4441
f 2190//4442 2255//4442 2254//4442
f 2191//4443 2192//4443 2256//4443
f 2191//4444 2256//4444 2255//4444
f 2192//4445 2193//4445 2257//4445
f 2192//4446 2257//4446 2256//4446
f 2193//4447 2194//4447 2258//4447
f 2193//4448 2258//4448 2257//4448
f 2194//4449 2195//4449 2259//4449
f 2194//4450 2259//4450 2258//4450
f 2195//4451 2196//4451 2260//4451
f 2195//4452 2260//4452 2259//4452
f 2196//4453 2197//4453 2261//4453
f 2196//4454 2261//4454 2260//4454
f 2197//4455 2198//4455 2262//4455
f 2197//4456 2262//4456 2261//4456
f 2198//4457 2199//4457 2263//4457
f 2198//4458 2263//4458 2262//4458
f 2199//4459 2200//4459 2264//4459
f 2199//4460 2264//4460 2263//4460
f 2200//4461 2201//4461 2265//4461
f 2200//4462 2265//4462 2264//4462
f 2201//4463 2202//4463 2266//4463
f 2201//4464 2266//4464 2265//4464
f 2202//4465 2203//4465 2267//4465
f 2202//4466 2267//4466 2266//4466
f 2203//4467 2204//4467 2268//4467
f 2203//4468 2268//4468 2267//4468
f 2204//4469 2205//4469 2269//4469
f 2204//4470 2269//4470 2268//4470
f 2205//4471 2206//4471 2270//4471
f 2205//4472 2270//4472 2269//4472
f 2206//4473 2207//4473 2271//4473
f 2206//4474 2271//4474 2270//4474
f 2207//4475 2208//4475 2272//4475
f 2207//4476 2272//4476 2271//4476
f 2208//4477 2209//4477 2273//4477
f 2208//4478 2273//4478 2272//4478
f 2209//4479 2210//4479 2274//4479
f 2209//4480 2274//4480 2273//4480
f 2210//4481 2211//4481 2275//4481
f 2210//4482 2275//4482 2274//4482
f 2211//4483 2212//4483 2276//4483
f 2211//4484 2276//4484 2275//4484
f 2212//4485 2213//4485 2277//4485
f 2212//4486 2277//4486 2276//4486
f 2213//4487 2214//4487 2278//4487
f 2213//4488 2278//4488 2277//4488
f 2214//4489 2215//4489 2279//4489
f 2214//4490 2279//4490 2278//4490
f 2215//4491 2216//4491 2280//4491
f 2215//4492 2280//4492 2279//4492
f 2216//4493 2217//4493 2281//4493
f 2216//4494 2281//4494 2280//4494
f 2217//4495 2218//4495 2282//4495
f 2217//4496 2282//4496 2281//4496
f 2218//4497 2219//4497 2283//4497
f 2218//4498 2283//4498 2282//4498
f 2219//4499 2220//4499 2284//4499
f 2219//4500 2284//4500 2283//4500
f 2220//4501 2221//4501 2285//4501
f 2220//4502 2285//4502 2284//4502
f 2221//4503 2222//4503 2286//4503
f 2221//4504 2286//4504 2285//4504
f 2222//4505 2223//4505 2287//4505
f 2222//4506 2287//4506 2286//4506
f 2223//4507 2224//4507 2288//4507
f 2223//4508 2288//4508 2287//4508
f 2224//4509 2225//4509 2289//4509
f 2224//4510 2289//4510 2288//4510
f 2225//4511 2226//4511 2290//4511
f 2225//4512 2290//4512 2289//4512
f 2226//4513 2227//4513 2291//4513
f 2226//4514 2291//4514 2290//4514
f 2227//4515 2228//4515 2292//4515
f 2227//4516 2292//4516 2291//4516
f 2228//4517 2229//4517 2293//4517
f 2228//4518 2293//4518 2292//4518
f 2229//4519 2230//4519 2294//4519
f 2229//4520 2294//4520 2293//4520
f 2230//4521 2231//4521 2295//4521
f 2230//4522 2295//4522 2294//4522
f 2231//4523 2232//4523 2296//4523
f 2231//4524 2296//4524 2295//4524
f 2232//4525 2233//4525 2297//4525
f 2232//4526 2297//4526 2296//4526
f 2233//4527 2234//4527 2298//4527
f 2233//4528 2298//4528 2297//4528
f 2234//4529 2235//4529 2299//4529
f 2234//4530 2299//4530 2298//4530
f 2235//4531 2236//4531 2300//4531
f 2235//4532 2300//4532 2299//4532
f 2236//4533 2237//4533 2301//4533
f 2236//4534 2301//4534 2300//4534
f 2237//4535 2238//4535 2302//4535
f 2237//4536 2302//4536 2301//4536
f 2238//4537 2239//4537 2303//4537
f 2238//4538 2303//4538 2302//4538
f 2239//4539 2240//4539 2304//4539
f 2239//4540 2304//4540 2303//4540
f 2240//4541 2241//4541 2305//4541
f 2240//4542 2305//4542 2304//4542
f 2241//4543 2178//4543 2242//4543
f 2241//4544 2242//4544 2305//4544
f 2242//4545 2243//4545 2307//4545
f 2242//4546 2307//4546 2306//4546
f 2243//4547 2244//4547 2308//4547
f 2243//4548 2308//4548 2307//4548
f 2244//4549 2245//4549 2309//4549
f 2244//4550 2309//4550 2308//4550
f 2245//4551 2246//4551 2310//4551
f 2245//4552 2310//4552 2309//4552
f 2246//4553 2247//4553 2311//4553
f 2246//4554 2311//4554 2310//4554
f 2247//4555 2248//4555 2312//4555
f 2247//4556 2312//4556 2311//4556
f 2248//4557 2249//4557 2313//4557
f 2248//4558 2313//4558 2312//4558
f 2249//4559 2250//4559 2314//4559
f 2249//4560 2314//4560 2313//4560
f 2250//4561 2251//4561 2315//4561
f 2250//4562 2315//4562 2314//4562
f 2251//4563 2252//4563 2316//4563
f 2251//4564 2316//4564 2315//4564
f 2252//4565 2253//4565 2317//4565
f 2252//4566 2317//4566 2316//4566
f 2253//4567 2254//4567 2318//4567
f 2253//4568 2318//4568 2317//4568
f 2254//4569 2255//4569 2319//4569
f 2254//4570 2319//4570 2318//4570
f 2255//4571 2256//4571 2320//4571
f 2255//4572 2320//4572 2319//4572
f 2256//4573 2257//4573 2321//4573
f 2256//4574 2321//4574 2320//4574
f 2257//4575 2258//4575 2322//4575
f 2257//4576 2322//4576 2321//4576
f 2258//4577 2259//4577 2323//4577
f 2258//4578 2323//4578 2322//4578
f 2259//4579 2260//4579 2324//4579
f 2259//4580 2324//4580 2323//4580
f 2260//4581 2261//4581 2325//4581
f 2260//4582 2325//4582 2324//4582
f 2261//4583 2262//4583 2326//4583
f 2261//4584 2326//4584 2325//4584
f 2262//4585 2263//4585 2327//4585
f 2262//4586 2327//4586 2326//4586
f 2263//4587 2264//4587 2328//4587
f 2263//4588 2328//4588 2327//4588
f 2264//4589 2265//4589 2329//4589
f 2264//4590 2329//4590 2328//4590
f 2265//4591 2266//4591 2330//4591
f 2265//4592 2330//4592 2329//4592
f 2266//4593 2267//4593 2331//4593
f 2266//4594 2331//4594 2330//4594
f 2267//4595 2268//4595 2332//4595
f 2267//4596 2332//4596 2331//4596
f 2268//4597 2269//4597 2333//4597
f 2268//4598 2333//4598 2332//4598
f 2269//4599 2270//4599 2334//4599
f 2269//4600 2334//4600 2333//4600
f 2270//4601 2271//4601 2335//4601
f 2270//4602 2335//4602 2334//4602
f 2271//4603 2272//4603 2336//4603
f 2271//4604 2336//4604 2335//4604
f 2272//4605 2273//4605 2337//4605
f 2272//4606 2337//4606 2336//4606
f 2273//4607 2274//4607 2338//4607
f 2273//4608 2338//4608 2337//4608
f 2274//4609 2275//4609 2339//4609
f 2274//4610 2339//4610 2338//4610
f 2275//4611 2276//4611 2340//4611
f 2275//4612 2340//4612 2339//4612
f 2276//4613 2277//4613 2341//4613
f 2276//4614 2341//4614 2340//4614
f 2277//4615 2278//4615 2342//4615
f 2277//4616 2342//4616 2341//4616
f 2278//4617 2279//4617 2343//4617
f 2278//4618 2343//4618 2342//4618
f 2279//4619 2280//4619 2344//4619
f 2279//4620 2344//4620 2343//4620
f 2280//4621 2281//4621 2345//4621
f 2280//4622 2345//4622 2344//4622
f 2281//4623 2282//4623 2346//4623
f 2281//4624 2346//4624 2345//4624
f 2282//4625 2283//4625 2347//4625
f 2282//4626 2347//4626 2346//4626
f 2283//4627 2284//4627 2348//4627
f 2283//4628 2348//4628 2347//4628
f 2284//4629 2285//4629 2349//4629
f 2284//4630 2349//4630 2348//4630
f 2285//4631 2286//4631 2350//4631
f 2285//4632 2350//4632 2349//4632
f 2286//4633 2287//4633 2351//4633
f 2286//4634 2351//4634 2350//4634
f 2287//4635 2288//4635 2352//4635
f 2287//4636 2352//4636 2351//4636
f 2288//4637 2289//4637 2353//4637
f 2288//4638 2353//4638 2352//4638
f 2289//4639 2290//4639 2354//4639
f 2289//4640 2354//4640 2353//4640
f 2290//4641 2291//4641 2355//4641
f 2290//4642 2355//4642 2354//4642
f 2291//4643 2292//4643 2356//4643
f 2291//4644 2356//4644 2355//4644
f 2292//4645 2293//4645 2357//4645
f 2292//4646 2357//4646 2356//4646
f 2293//4647 2294//4647 2358//4647
f 2293//4648 2358//4648 2357//4648
f 2294//4649 2295//4649 2359//4649
f 2294//4650 2359//4650 2358//4650
f 2295//4651 2296//4651 2360//4651
f 2295//4652 2360//4652 2359//4652
f 2296//4653 2297//4653 2361//4653
f 2296//4654 2361//4654 2360//4654
f 2297//4655 2298//4655 2362//4655
f 2297//4656 2362//4656 2361//4656
f 2298//4657 2299//4657 2363//4657
f 2298//4658 2363//4658 2362//4658
f 2299//4659 2300//4659 2364//4659
f 2299//4660 2364//4660 2363//4660
f 2300//4661 2301//4661 2365//4661
f 2300//4662 2365//4662 2364//4662
f 2301//4663 2302//4663 2366//4663
f 2301//4664 2366//4664 2365//4664
f 2302//4665 2303//4665 2367//4665
f 2302//4666 2367//4666 2366//4666
f 2303//4667 2304//4667 2368//4667
f 2303//4668 2368//4668 2367//4668
f 2304//4669 2305//4669 2369//4669
f 2304//4670 2369//4670 2368//4670
f 2305//4671 2242//4671 2306//4671
f 2305//4672 2306//4672 2369//4672
f 2306//4673 2307//4673 2371//4673
f 2306//4674 2371//4674 2370//4674
f 2307//4675 2308//4675 2372//4675
f 2307//4676 2372//4676 2371//4676
f 2308//4677 2309//4677 2373//4677
f 2308//4678 2373//4678 2372//4678
f 2309//4679 2310//4679 2374//4679
f 2309//4680 2374//4680 2373//4680
f 2310//4681 2311//4681 2375//4681
f 2310//4682 2375//4682 2374//4682
f 2311//4683 2312//4683 2376//4683
f 2311//4684 2376//4684 2375//4684
f 2312//4685 2313//4685 2377//4685
f 2312//4686 2377//4686 2376//4686
f 2313//4687 2314//4687 2378//4687
f 2313//4688 2378//4688 2377//4688
f 2314//4689 2315//4689 2379//4689
f 2314//4690 2379//4690 2378//4690
f 2315//4691 2316//4691 2380//4691
f 2315//4692 2380//4692 2379//4692
f 2316//4693 2317//4693 2381//4693
f 2316//4694 2381//4694 2380//4694
f 2317//4695 2318//4695 2382//4695
f 2317//4696 2382//4696 2381//4696
f 2318//4697 2319//4697 2383//4697
f 2318//4698 2383//4698 2382//4698
f 2319//4699 2320//4699 2384//4699
f 2319//4700 2384//4700 2383//4700
f 2320//4701 2321//4701 2385//4701
f 2320//4702 2385//4702 2384//4702
f 2321//4703 2322//4703 2386//4703
f 2321//4704 2386//4704 2385//4704
f 2322//4705 2323//4705 2387//4705
f 2322//4706 2387//4706 2386//4706
f 2323//4707 2324//4707 2388//4707
f 2323//4708 2388//4708 2387//4708
f 2324//4709 2325//4709 2389//4709
f 2324//4710 2389//4710 2388//4710
f 2325//4711 2326//4711 2390//4711
f 2325//4712 2390//4712 2389//4712
f 2326//4713 2327//4713 2391//4713
f 2326//4714 2391//4714 2390//4714
f 2327//4715 2328//4715 2392//4715
f 2327//4716 2392//4716 2391//4716
f 2328//4717 2329//4717 2393//4717
f 2328//4718 2393//4718 2392//4718
f 2329//4719 2330//4719 2394//4719
f 2329//4720 2394//4720 2393//4720
f 2330//4721 2331//4721 2395//4721
f 2330//4722 2395//4722 2394//4722
f 2331//4723 2332//4723 2396//4723
f 2331//4724 2396//4724 2395//4724
f 2332//4725 2333//4725 2397//4725
f 2332//4726 2397//4726 2396//4726
f 2333//4727 2334//4727 2398//4727
f 2333//4728 2398//4728 2397//4728
f 2334//4729 2335//4729 2399//4729
f 2334//4730 2399//4730 2398//4730
f 2335//4731 2336//4731 2400//4731
f 2335//4732 2400//4732 2399//4732
f 2336//4733 2337//4733 2401//4733
f 2336//4734 2401//4734 2400//4734
f 2337//4735 2338//4735 2402//4735
f 2337//4736 2402//4736 2401//4736
f 2338//4737 2339//4737 2403//4737
f 2338//4738 2403//4738 2402//4738
f 2339//4739 2340//4739 2404//4739
f 2339//4740 2404//4740 2403//4740
f 2340//4741 2341//4741 2405//4741
f 2340//4742 2405//4742 2404//4742
f 2341//4743 2342//4743 2406//4743
f 2341//4744 2406//4744 2405//4744
f 2342//4745 2343//4745 2407//4745
f 2342//4746 2407//4746 2406//4746
f 2343//4747 2344//4747 2408//4747
f 2343//4748 2408//4748 2407//4748
f 2344//4749 2345//4749 2409//4749
f 2344//4750 2409//4750 2408//4750
f 2345//4751 2346//4751 2410//4751
f 2345//4752 2410//4752 2409//4752
f 2346//4753 2347//4753 2411//4753
f 2346//4754 2411//4754 2410//4754
f 2347//4755 2348//4755 2412//4755
f 2347//4756 2412//4756 2411//4756
f 2348//4757 2349//4757 2413//4757
f 2348//4758 2413//4758 2412//4758
f 2349//4759 2350//4759 2414//4759
f 2349//4760 2414//4760 2413//4760
f 2350//4761 2351//4761 2415//4761
f 2350//4762 2415//4762 2414//4762
f 2351//4763 2352//4763 2416//4763
f 2351//4764 2416//4764 2415//4764
f 2352//4765 2353//4765 2417//4765
f 2352//4766 2417//4766 2416//4766
f 2353//4767 2354//4767 2418//4767
f 2353//4768 2418//4768 2417//4768
f 2354//4769 2355//4769 2419//4769
f 2354//4770 2419//4770 2418//4770
f 2355//4771 2356//4771 2420//4771
f 2355//4772 2420//4772 2419//4772
f 2356//4773 2357//4773 2421//4773
f 2356//4774 2421//4774 2420//4774
f 2357//4775 2358//4775 2422//4775
f 2357//4776 2422//4776 2421//4776
f 2358//4777 2359//4777 2423//4777
f 2358//4778 2423//4778 2422//4778
f 2359//4779 2360//4779 2424//4779
f 2359//4780 2424//4780 2423//4780
f 2360//4781 2361//4781 2425//4781
f 2360//4782 2425//4782 2424//4782
f 2361//4783 2362//4783 2426//4783
f 2361//4784 2426//4784 2425//4784
f 2362//4785 2363//4785 2427//4785
f 2362//4786 2427//4786 2426//4786
f 2363//4787 2364//4787 2428//4787
f 2363//4788 2428//4788 2427//4788
f 2364//4789 2365//4789 2429//4789
f 2364//4790 2429//4790 2428//4790
f 2365//4791 2366//4791 2430//4791
f 2365//4792 2430//4792 2429//4792
f 2366//4793 2367//4793 2431//4793
f 2366//4794 2431//4794 2430//4794
f 2367//4795 2368//4795 2432//4795
f 2367//4796 2432//4796 2431//4796
f 2368//4797 2369//4797 2433//4797
f 2368//4798 2433//4798 2432//4798
f 2369//4799 2306//4799 2370//4799
f 2369//4800 2370//4800 2433//4800
f 2370//4801 2371//4801 2435//4801
f 2370//4802 2435//4802 2434//4802
f 2371//4803 2372//4803 2436//4803
f 2371//4804 2436//4804 2435//4804
f 2372//4805 2373//4805 2437//4805
f 2372//4806 2437//4806 2436//4806
f 2373//4807 2374//4807 2438//4807
f 2373//4808 2438//4808 2437//4808
f 2374//4809 2375//4809 2439//4809
f 2374//4810 2439//4810 2438//4810
f 2375//4811 2376//4811 2440//4811
f 2375//4812 2440//4812 2439//4812
f 2376//4813 2377//4813 2441//4813
f 2376//4814 2441//4814 2440//4814
f 2377//4815 2378//4815 2442//4815
f 2377//4816 2442//4816 2441//4816
f 2378//4817 2379//4817 2443//4817
f 2378//4818 2443//4818 2442//4818
f 2379//4819 2380//4819 2444//4819
f 2379//4820 2444//4820 2443//4820
f 2380//4821 2381//4821 2445//4821
f 2380//4822 2445//4822 2444//4822
f 2381//4823 2382//4823 2446//4823
f 2381//4824 2446//4824 2445//4824
f 2382//4825 2383//4825 2447//4825
f 2382//4826 2447//4826 2446//4826
f 2383//4827 2384//4827 2448//4827
f 2383//4828 2448//4828 2447//4828
f 2384//4829 2385//4829 2449//4829
f 2384//4830 2449//4830 2448//4830
f 2385//4831 2386//4831 2450//4831
f 2385//4832 2450//4832 2449//4832
f 2386//4833 2387//4833 2451//4833
f 2386//4834 2451//4834 2450//4834
f 2387//4835 2388//4835 2452//4835
f 2387//4836 2452//4836 2451//4836
f 2388//4837 2389//4837 2453//4837
f 2388//4838 2453//4838 2452//4838
f 2389//4839 2390//4839 2454//4839
f 2389//4840 2454//4840 2453//4840
f 2390//4841 2391//4841 2455//4841
f 2390//4842 2455//4842 2454//4842
f 2391//4843 2392//4843 2456//4843
f 2391//4844 2456//4844 2455//4844
f 2392//4845 2393//4845 2457//4845
f 2392//4846 2457//4846 2456//4846
f 2393//4847 2394//4847 2458//4847
f 2393//4848 2458//4848 2457//4848
f 2394//4849 2395//4849 2459//4849
f 2394//4850 2459//4850 2458//4850
f 2395//4851 2396//4851 2460//4851
f 2395//4852 2460//4852 2459//4852
f 2396//4853 2397//4853 2461//4853
f 2396//4854 2461//4854 2460//4854
f 2397//4855 2398//4855 2462//4855
f 2397//4856 2462//4856 2461//4856
f 2398//4857 2399//4857 2463//4857
f 2398//4858 2463//4858 2462//4858
f 2399//4859 2400//4859 2464//4859
f 2399//4860 2464//4860 2463//4860
f 2400//4861 2401//4861 2465//4861
f 2400//4862 2465//4862 2464//4862
f 2401//4863 2402//4863 2466//4863
f 2401//4864 2466//4864 2465//4864
f 2402//4865 2403//4865 2467//4865
f 2402//4866 2467//4866 2466//4866
f 2403//4867 2404//4867 2468//4867
f 2403//4868 2468//4868 2467//4868
f 2404//4869 2405//4869 2469//4869
f 2404//4870 2469//4870 2468//4870
f 2405//4871 2406//4871 2470//4871
f 2405//4872 2470//4872 2469//4872
f 2406//4873 2407//4873 2471//4873
f 2406//4874 2471//4874 2470//4874
f 2407//4875 2408//4875 2472//4875
f 2407//4876 2472//4876 2471//4876
f 2408//4877 2409//4877 2473//4877
f 2408//4878 2473//4878 2472//4878
f 2409//4879 2410//4879 2474//4879
f 2409//4880 2474//4880 2473//4880
f 2410//4881 2411//4881 2475//4881
f 2410//4882 2475//4882 2474//4882
f 2411//4883 2412//4883 2476//4883
f 2411//4884 2476//4884 2475//4884
f 2412//4885 2413//4885 2477//4885
f 2412//4886 2477//4886 2476//4886
f 2413//4887 2414//4887 2478//4887
f 2413//4888 2478//4888 2477//4888
f 2414//4889 2415//4889 2479//4889
f 2414//4890 2479//4890 2478//4890
f 2415//4891 2416//4891 2480//4891
f 2415//4892 2480//4892 2479//4892
f 2416//4893 2417//4893 2481//4893
f 2416//4894 2481//4894 2480//4894
f 2417//4895 2418//4895 2482//4895
f 2417//4896 2482//4896 2481//4896
f 2418//4897 2419//4897 2483//4897
f 2418//4898 2483//4898 2482//4898
f 2419//4899 2420//4899 2484//4899
f 2419//4900 2484//4900 2483//4900
f 2420//4901 2421//4901 2485//4901
f 2420//4902 2485//4902 2484//4902
f 2421//4903 2422//4903 2486//4903
f 2421//4904 2486//4904 2485//4904
f 2422//4905 2423//4905 2487//4905
f 2422//4906 2487//4906 2486//4906
f 2423//4907 2424//4907 2488//4907
f 2423//4908 2488//4908 2487//4908
f 2424//4909 2425//4909 2489//4909
f 2424//4910 2489//4910 2488//4910
f 2425//4911 2426//4911 2490//4911
f 2425//4912 2490//4912 2489//4912
f 2426//4913 2427//4913 2491//4913
f 2426//4914 2491//4914 2490//4914
f 2427//4915 2428//4915 2492//4915
f 2427//4916 2492//4916 2491//4916
f 2428//4917 2429//4917 2493//4917
f 2428//4918 2493//4918 2492//4918
f 2429//4919 2430//4919 2494//4919
f 2429//4920 2494//4920 2493//4920
f 2430//4921 2431//4921 2495//4921
f 2430//4922 2495//4922 2494//4922
f 2431//4923 2432//4923 2496//4923
f 2431//4924 2496//4924 2495//4924
f 2432//4925 2433//4925 2497//4925
f 2432//4926 2497//4926 2496//4926
f 2433//4927 2370//4927 2434//4927
f 2433//4928 2434//4928 2497//4928
f 2434//4929 2435//4929 2499//4929
f 2434//4930 2499//4930 2498//4930
f 2435//4931 2436//4931 2500//4931
f 2435//4932 2500//4932 2499//4932
f 2436//4933 2437//4933 2501//4933
f 2436//4934 2501//4934 2500//4934
f 2437//4935 2438//4935 2502//4935
f 2437//4936 2502//4936 2501//4936
f 2438//4937 2439//4937 2503//4937
f 2438//4938 2503//4938 2502//4938
f 2439//4939 2440//4939 2504//4939
f 2439//4940 2504//4940 2503//4940
f 2440//4941 2441//4941 2505//4941
f 2440//4942 2505//4942 2504//4942
f 2441//4943 2442//4943 2506//4943
f 2441//4944 2506//4944 2505//4944
f 2442//4945 2443//4945 2507//4945
f 2442//4946 2507//4946 2506//4946
f 2443//4947 2444//4947 2508//4947
f 2443//4948 2508//4948 2507//4948
f 2444//4949 2445//4949 2509//4949
f 2444//4950 2509//4950 2508//4950
f 2445//4951 2446//4951 2510//4951
f 2445//4952 2510//4952 2509//4952
f 2446//4953 2447//4953 2511//4953
f 2446//4954 2511//4954 2510//4954
f 2447//4955 2448//4955 2512//4955
f 2447//4956 2512//4956 2511//4956
f 2448//4957 2449//4957 2513//4957
f 2448//4958 2513//4958 2512//4958
f 2449//4959 2450//4959 2514//4959
f 2449//4960 2514//4960 2513//4960
f 2450//4961 2451//4961 2515//4961
f 2450//4962 2515//4962 2514//4962
f 2451//4963 2452//4963 2516//4963
f 2451//4964 2516//4964 2515//4964
f 2452//4965 2453//4965 2517//4965
f 2452//4966 2517//4966 2516//4966
f 2453//4967 2454//4967 2518//4967
f 2453//4968 2518//4968 2517//4968
f 2454//4969 2455//4969 2519//4969
f 2454//4970 2519//4970 2518//4970
f 2455//4971 2456//4971 2520//4971
f 2455//4972 2520//4972 2519//4972
f 2456//4973 2457//4973 2521//4973
f 2456//4974 2521//4974 2520//4974
f 2457//4975 2458//4975 2522//4975
f 2457//4976 2522//4976 2521//4976
f 2458//4977 2459//4977 2523//4977
f 2458//4978 2523//4978 2522//4978
f 2459//4979 2460//4979 2524//4979
f 2459//4980 2524//4980 2523//4980
f 2460//4981 2461//4981 2525//4981
f 2460//4982 2525//4982 2524//4982
f 2461//4983 2462//4983 2526//4983
f 2461//4984 2526//4984 2525//4984
f 2462//4985 2463//4985 2527//4985
f 2462//4986 2527//4986 2526//4986
f 2463//4987 2464//4987 2528//4987
f 2463//4988 2528//4988 2527//4988
f 2464//4989 2465//4989 2529//4989
f 2464//4990 2529//4990 2528//4990
f 2465//4991 2466//4991 2530//4991
f 2465//4992 2530//4992 2529//4992
f 2466//4993 2467//4993 2531//4993
f 2466//4994 2531//4994 2530//4994
f 2467//4995 2468//4995 2532//4995
f 2467//4996 2532//4996 2531//4996
f 2468//4997 2469//4997 2533//4997
f 2468//4998 2533//4998 2532//4998
f 2469//4999 2470//4999 2534//4999
f 2469//5000 2534//5000 2533//5000
f 2470//5001 2471//5001 2535//5001
f 2470//5002 2535//5002 2534//5002
f 2471//5003 2472//5003 2536//5003
f 2471//5004 2536//5004 2535//5004
f 2472//5005 2473//5005 2537//5005
f 2472//5006 2537//5006 2536//5006
f 2473//5007 2474//5007 2538//5007
f 2473//5008 2538//5008 2537//5008
f 2474//5009 2475//5009 2539//5009
f 2474//5010 2539//5010 2538//5010
f 2475//5011 2476//5011 2540//5011
f 2475//5012 2540//5012 2539//5012
f 2476//5013 2477//5013 2541//5013
f 2476//5014 2541//5014 2540//5014
f 2477//5015 2478//5015 2542//5015
f 2477//5016 2542//5016 2541//5016
f 2478//5017 2479//5017 2543//5017
f 2478//5018 2543//5018 2542//5018
f 2479//5019 2480//5019 2544//5019
f 2479//5020 2544//5020 2543//5020
f 2480//5021 2481//5021 2545//5021
f 2480//5022 2545//5022 2544//5022
f 2481//5023 2482//5023 2546//5023
f 2481//5024 2546//5024 2545//5024
f 2482//5025 2483//5025 2547//5025
f 2482//5026 2547//5026 2546//5026
f 2483//5027 2484//5027 2548//5027
f 2483//5028 2548//5028 2547//5028
f 2484//5029 2485//5029 2549//5029
f 2484//5030 2549//5030 2548//5030
f 2485//5031 2486//5031 2550//5031
f 2485//5032 2550//5032 2549//5032
f 2486//5033 2487//5033 2551//5033
f 2486//5034 2551//5034 2550//5034
f 2487//5035 2488//5035 2552//5035
f 2487//5036 2552//5036 2551//5036
f 2488//5037 2489//5037 2553//5037
f 2488//5038 2553//5038 2552//5038
f 2489//5039 2490//5039 2554//5039
f 2489//5040 2554//5040 2553//5040
f 2490//5041 2491//5041 2555//5041
f 2490//5042 2555//5042 2554//5042
f 2491//5043 2492//5043 2556//5043
f 2491//5044 2556//5044 2555//5044
f 2492//5045 2493//5045 2557//5045
f 2492//5046 2557//5046 2556//5046
f 2493//5047 2494//5047 2558//5047
f 2493//5048 2558//5048 2557//5048
f 2494//5049 2495//5049 2559//5049
f 2494//5050 2559//5050 2558//5050
f 2495//5051 2496//5051 2560//5051
f 2495//5052 2560//5052 2559//5052
f 2496//5053 2497//5053 2561//5053
f 2496//5054 2561//5054 2560//5054
f 2497//5055 2434//5055 2498//5055
f 2497//5056 2498//5056 2561//5056
f 2498//5057 2499//5057 2563//5057
f 2498//5058 2563//5058 2562//5058
f 2499//5059 2500//5059 2564//5059
f 2499//5060 2564//5060 2563//5060
f 2500//5061 2501//5061 2565//5061
f 2500//5062 2565//5062 2564//5062
f 2501//5063 2502//5063 2566//5063
f 2501//5064 2566//5064 2565//5064
f 2502//5065 2503//5065 2567//5065
f 2502//5066 2567//5066 2566//5066
f 2503//5067 2504//5067 2568//5067
f 2503//5068 2568//5068 2567//5068
f 2504//5069 2505//5069 2569//5069
f 2504//5070 2569//5070 2568//5070
f 2505//5071 2506//5071 2570//5071
f 2505//5072 2570//5072 2569//5072
f 2506//5073 2507//5073 2571//5073
f 2506//5074 2571//5074 2570//5074
f 2507//5075 2508//5075 2572//5075
f 2507//5076 2572//5076 2571//5076
f 2508//5077 2509//5077 2573//5077
f 2508//5078 2573//5078 2572//5078
f 2509//5079 2510//5079 2574//5079
f 2509//5080 2574//5080 2573//5080
f 2510//5081 2511//5081 2575//5081
f 2510//5082 2575//5082 2574//5082
f 2511//5083 2512//5083 2576//5083
f 2511//5084 2576//5084 2575//5084
f 2512//5085 2513//5085 2577//5085
f 2512//5086 2577//5086 2576//5086
f 2513//5087 2514//5087 2578//5087
f 2513//5088 2578//5088 2577//5088
f 2514//5089 2515//5089 2579//5089
f 2514//5090 2579//5090 2578//5090
f 2515//5091 2516//5091 2580//5091
f 2515//5092 2580//5092 2579//5092
f 2516//5093 2517//5093 2581//5093
f 2516//5094 2581//5094 2580//5094
f 2517//5095 2518//5095 2582//5095
f 2517//5096 2582//5096 2581//5096
f 2518//5097 2519//5097 2583//5097
f 2518//5098 2583//5098 2582//5098
f 2519//5099 2520//5099 2584//5099
f 2519//5100 2584//5100 2583//5100
f 2520//5101 2521//5101 2585//5101
f 2520//5102 2585//5102 2584//5102
f 2521//5103 2522//5103 2586//5103
f 2521//5104 2586//5104 2585//5104
f 2522//5105 2523//5105 2587//5105
f 2522//5106 2587//5106 2586//5106
f 2523//5107 2524//5107 2588//5107
f 2523//5108 2588//5108 2587//5108
f 2524//5109 2525//5109 2589//5109
f 2524//5110 2589//5110 2588//5110
f 2525//5111 2526//5111 2590//5111
f 2525//5112 2590//5112 2589//5112
f 2526//5113 2527//5113 2591//5113
f 2526//5114 2591//5114 2590//5114
f 2527//5115 2528//5115 2592//5115
f 2527//5116 2592//5116 2591//5116
f 2528//5117 2529//5117 2593//5117
f 2528//5118 2593//5118 2592//5118
f 2529//5119 2530//5119 2594//5119
f 2529//5120 2594//5120 2593//5120
f 2530//5121 2531//5121 2595//5121
f 2530//5122 2595//5122 2594//5122
f 2531//5123 2532//5123 2596//5123
f 2531//5124 2596//5124 2595//5124
f 2532//5125 2533//5125 2597//5125
f 2532//5126 2597//5126 2596//5126
f 2533//5127 2534//5127 2598//5127
f 2533//5128 2598//5128 2597//5128
f 2534//5129 2535//5129 2599//5129
f 2534//5130 2599//5130 2598//5130
f 2535//5131 2536//5131 2600//5131
f 2535//5132 2600//5132 2599//5132
f 2536//5133 2537//5133 2601//5133
f 2536//5134 2601//5134 2600//5134
f 2537//5135 2538//5135 2602//5135
f 2537//5136 2602//5136 2601//5136
f 2538//5137 2539//5137 2603//5137
f 2538//5138 2603//5138 2602//5138
f 2539//5139 2540//5139 2604//5139
f 2539//5140 2604//5140 2603//5140
f 2540//5141 2541//5141 2605//5141
f 2540//5142 2605//5142 2604//5142
f 2541//5143 2542//5143 2606//5143
f 2541//5144 2606//5144 2605//5144
f 2542//5145 2543//5145 2607//5145
f 2542//5146 2607//5146 2606//5146
f 2543//5147 2544//5147 2608//5147
f 2543//5148 2608//5148 2607//5148
f 2544//5149 2545//5149 2609//5149
f 2544//5150 2609//5150 2608//5150
f 2545//5151 2546//5151 2610//5151
f 2545//5152 2610//5152 2609//5152
f 2546//5153 2547//5153 2611//5153
f 2546//5154 2611//5154 2610//5154
f 2547//5155 2548//5155 2612//5155
f 2547//5156 2612//5156 2611//5156
f 2548//5157 2549//5157 2613//5157
f 2548//5158 2613//5158 2612//5158
f 2549//5159 2550//5159 2614//5159
f 2549//5160 2614//5160 2613//5160
f 2550//5161 2551//5161 2615//5161
f 2550//5162 2615//5162 2614//5162
f 2551//5163 2552//5163 2616//5163
f 2551//5164 2616//5164 2615//5164
f 2552//5165 2553//5165 2617//5165
f 2552//5166 2617//5166 2616//5166
f 2553//5167 2554//5167 2618//5167
f 2553//5168 2618//5168 2617//5168
f 2554//5169 2555//5169 2619//5169
f 2554//5170 2619//5170 2618//5170
f 2555//5171 2556//5171 2620//5171
f 2555//5172 2620//5172 2619//5172
f 2556//5173 2557//5173 2621//5173
f 2556//5174 2621//5174 2620//5174
f 2557//5175 2558//5175 2622//5175
f 2557//5176 2622//5176 2621//5176
f 2558//5177 2559//5177 2623//5177
f 2558//5178 2623//5178 2622//5178
f 2559//5179 2560//5179 2624//5179
f 2559//5180 2624//5180 2623//5180
f 2560//5181 2561//5181 2625//5181
f 2560//5182 2625//5182 2624//5182
f 2561//5183 2498//5183 2562//5183
f 2561//5184 2562//5184 2625//5184
f 2562//5185 2563//5185 2627//5185
f 2562//5186 2627//5186 2626//5186
f 2563//5187 2564//5187 2628//5187
f 2563//5188 2628//5188 2627//5188
f 2564//5189 2565//5189 2629//5189
f 2564//5190 2629//5190 2628//5190
f 2565//5191 2566//5191 2630//5191
f 2565//5192 2630//5192 2629//5192
f 2566//5193 2567//5193 2631//5193
f 2566//5194 2631//5194 2630//5194
f 2567//5195 2568//5195 2632//5195
f 2567//5196 2632//5196 2631//5196
f 2568//5197 2569//5197 2633//5197
f 2568//5198 2633//5198 2632//5198
f 2569//5199 2570//5199 2634//5199
f 2569//5200 2634//5200 2633//5200
f 2570//5201 2571//5201 2635//5201
f 2570//5202 2635//5202 2634//5202
f 2571//5203 2572//5203 2636//5203
f 2571//5204 2636//5204 2635//5204
f 2572//5205 2573//5205 2637//5205
f 2572//5206 2637//5206 2636//5206
f 2573//5207 2574//5207 2638//5207
f 2573//5208 2638//5208 2637//5208
f 2574//5209 2575//5209 2639//5209
f 2574//5210 2639//5210 2638//5210
f 2575//5211 2576//5211 2640//5211
f 2575//5212 2640//5212 2639//5212
f 2576//5213 2577//5213 2641//5213
f 2576//5214 2641//5214 2640//5214
f 2577//5215 2578//5215 2642//5215
f 2577//5216 2642//5216 2641//5216
f 2578//5217 2579//5217 2643//5217
f 2578//5218 2643//5218 2642//5218
f 2579//5219 2580//5219 2644//5219
f 2579//5220 2644//5220 2643//5220
f 2580//5221 2581//5221 2645//5221
f 2580//5222 2645//5222 2644//5222
f 2581//5223 2582//5223 2646//5223
f 2581//5224 2646//5224 2645//5224
f 2582//5225 2583//5225 2647//5225
f 2582//5226 2647//5226 2646//5226
f 2583//5227 2584//5227 2648//5227
f 2583//5228 2648//5228 2647//5228
f 2584//5229 2585//5229 2649//5229
f 2584//5230 2649//5230 2648//5230
f 2585//5231 2586//5231 2650//5231
f 2585//5232 2650//5232 2649//5232
f 2586//5233 2587//5233 2651//5233
f 2586//5234 2651//5234 2650//5234
f 2587//5235 2588//5235 2652//5235
f 2587//5236 2652//5236 2651//5236
f 2588//5237 2589//5237 2653//5237
f 2588//5238 2653//5238 2652//5238
f 2589//5239 2590//5239 2654//5239
f 2589//5240 2654//5240 2653//5240
f 2590//5241 2591//5241 2655//5241
f 2590//5242 2655//5242 2654//5242
f 2591//5243 2592//5243 2656//5243
f 2591//5244 2656//5244 2655//5244
f 2592//5245 2593//5245 2657//5245
f 2592//5246 2657//5246 2656//5246
f 2593//5247 2594//5247 2658//5247
f 2593//5248 2658//5248 2657//5248
f 2594//5249 2595//5249 2659//5249
f 2594//5250 2659//5250 2658//5250
f 2595//5251 2596//5251 2660//5251
f 2595//5252 2660//5252 2659//5252
f 2596//5253 2597//5253 2661//5253
f 2596//5254 2661//5254 2660//5254
f 2597//5255 2598//5255 2662//5255
f 2597//5256 2662//5256 2661//5256
f 2598//5257 2599//5257 2663//5257
f 2598//5258 2663//5258 2662//5258
f 2599//5259 2600//5259 2664//5259
f 2599//5260 2664//5260 2663//5260
f 2600//5261 2601//5261 2665//5261
f 2600//5262 2665//5262 2664//5262
f 2601//5263 2602//5263 2666//5263
f 2601//5264 2666//5264 2665//5264
f 2602//5265 2603//5265 2667//5265
f 2602//5266 2667//5266 2666//5266
f 2603//5267 2604//5267 2668//5267
f 2603//5268 2668//5268 2667//5268
f 2604//5269 2605//5269 2669//5269
f 2604//5270 2669//5270 2668//5270
f 2605//5271 2606//5271 2670//5271
f 2605//5272 2670//5272 2669//5272
f 2606//5273 2607//5273 2671//5273
f 2606//5274 2671//5274 2670//5274
f 2607//5275 2608//5275 2672//5275
f 2607//5276 2672//5276 2671//5276
f 2608//5277 2609//5277 2673//5277
f 2608//5278 2673//5278 2672//5278
f 2609//5279 2610//5279 2674//5279
f 2609//5280 2674//5280 2673//5280
f 2610//5281 2611//5281 2675//5281
f 2610//5282 2675//5282 2674//5282
f 2611//5283 2612//5283 2676//5283
f 2611//5284 2676//5284 2675//5284
f 2612//5285 2613//5285 2677//5285
f 2612//5286 2677//5286 2676//5286
f 2613//5287 2614//5287 2678//5287
f 2613//5288 2678//5288 2677//5288
f 2614//5289 2615//5289 2679//5289
f 2614//5290 2679//5290 2678//5290
f 2615//5291 2616//5291 2680//5291
f 2615//5292 2680//5292 2679//5292
f 2616//5293 2617//5293 2681//5293
f 2616//5294 2681//5294 2680//5294
f 2617//5295 2618//5295 2682//5295
f 2617//5296 2682//5296 2681//5296
f 2618//5297 2619//5297 2683//5297
f 2618//5298 2683//5298 2682//5298
f 2619//5299 2620//5299 2684//5299
f 2619//5300 2684//5300 2683//5300
f 2620//5301 2621//5301 2685//5301
f 2620//5302 2685//5302 2684//5302
f 2621//5303 2622//5303 2686//5303
f 2621//5304 2686//5304 2685//5304
f 2622//5305 2623//5305 2687//5305
f 2622//5306 2687//5306 2686//5306
f 2623//5307 2624//5307 2688//5307
f 2623//5308 2688//5308 2687//5308
f 2624//5309 2625//5309 2689//5309
f 2624//5310 2689//5310 2688//5310
f 2625//5311 2562//5311 2626//5311
f 2625//5312 2626//5312 2689//5312
f 2626//5313 2627//5313 2691//5313
f 2626//5314 2691//5314 2690//5314
f 2627//5315 2628//5315 2692//5315
f 2627//5316 2692//5316 2691//5316
f 2628//5317 2629//5317 2693//5317
f 2628//5318 2693//5318 2692//5318
f 2629//5319 2630//5319 2694//5319
f 2629//5320 2694//5320 2693//5320
f 2630//5321 2631//5321 2695//5321
f 2630//5322 2695//5322 2694//5322
f 2631//5323 2632//5323 2696//5323
f 2631//5324 2696//5324 2695//5324
f 2632//5325 2633//5325 2697//5325
f 2632//5326 2697//5326 2696//5326
f 2633//5327 2634//5327 2698//5327
f 2633//5328 2698//5328 2697//5328
f 2634//5329 2635//5329 2699//5329
f 2634//5330 2699//5330 2698//5330
f 2635//5331 2636//5331 2700//5331
f 2635//5332 2700//5332 2699//5332
f 2636//5333 2637//5333 2701//5333
f 2636//5334 2701//5334 2700//5334
f 2637//5335 2638//5335 2702//5335
f 2637//5336 2702//5336 2701//5336
f 2638//5337 2639//5337 2703//5337
f 2638//5338 2703//5338 2702//5338
f 2639//5339 2640//5339 2704//5339
f 2639//5340 2704//5340 2703//5340
f 2640//5341 2641//5341 2705//5341
f 2640//5342 2705//5342 2704//5342
f 2641//5343 2642//5343 2706//5343
f 2641//5344 2706//5344 2705//5344
f 2642//5345 2643//5345 2707//5345
f 2642//5346 2707//5346 2706//5346
f 2643//5347 2644//5347 2708//5347
f 2643//5348 2708//5348 2707//5348
f 2644//5349 2645//5349 2709//5349
f 2644//5350 2709//5350 2708//5350
f 2645//5351 2646//5351 2710//5351
f 2645//5352 2710//5352 2709//5352
f 2646//5353 2647//5353 2711//5353
f 2646//5354 2711//5354 2710//5354
f 2647//5355 2648//5355 2712//5355
f 2647//5356 2712//5356 2711//5356
f 2648//5357 2649//5357 2713//5357
f 2648//5358 2713//5358 2712//5358
f 2649//5359 2650//5359 2714//5359
f 2649//5360 2714//5360 2713//5360
f 2650//5361 2651//5361 2715//5361
f 2650//5362 2715//5362 2714//5362
f 2651//5363 2652//5363 2716//5363
f 2651//5364 2716//5364 2715//5364
f 2652//5365 2653//5365 2717//5365
f 2652//5366 2717//5366 2716//5366
f 2653//5367 2654//5367 2718//5367
f 2653//5368 2718//5368 2717//5368
f 2654//5369 2655//5369 2719//5369
f 2654//5370 2719//5370 2718//5370
f 2655//5371 2656//5371 2720//5371
f 2655//5372 2720//5372 2719//5372
f 2656//5373 2657//5373 2721//5373
f 2656//5374 2721//5374 2720//5374
f 2657//5375 2658//5375 2722//5375
f 2657//5376 2722//5376 2721//5376
f 2658//5377 2659//5377 2723//5377
f 2658//5378 2723//5378 2722//5378
f 2659//5379 2660//5379 2724//5379
f 2659//5380 2724//5380 2723//5380
f 2660//5381 2661//5381 2725//5381
f 2660//5382 2725//5382 2724//5382
f 2661//5383 2662//5383 2726//5383
f 2661//5384 2726//5384 2725//5384
f 2662//5385 2663//5385 2727//5385
f 2662//5386 2727//5386 2726//5386
f 2663//5387 2664//5387 2728//5387
f 2663//5388 2728//5388 2727//5388
f 2664//5389 2665//5389 2729//5389
f 2664//5390 2729//5390 2728//5390
f 2665//5391 2666//5391 2730//5391
f 2665//5392 2730//5392 2729//5392
f 2666//5393 2667//5393 2731//5393
f 2666//5394 2731//5394 2730//5394
f 2667//5395 2668//5395 2732//5395
f 2667//5396 2732//5396 2731//5396
f 2668//5397 2669//5397 2733//5397
f 2668//5398 2733//5398 2732//5398
f 2669//5399 2670//5399 2734//5399
f 2669//5400 2734//5400 2733//5400
f 2670//5401 2671//5401 2735//5401
f 2670//5402 2735//5402 2734//5402
f 2671//5403 2672//5403 2736//5403
f 2671//5404 2736//5404 2735//5404
f 2672//5405 2673//5405 2737//5405
f 2672//5406 2737//5406 2736//5406
f 2673//5407 2674//5407 2738//5407
f 2673//5408 2738//5408 2737//5408
f 2674//5409 2675//5409 2739//5409
f 2674//5410 2739//5410 2738//5410
f 2675//5411 2676//5411 2740//5411
f 2675//5412 2740//5412 2739//5412
f 2676//5413 2677//5413 2741//5413
f 2676//5414 2741//5414 2740//5414
f 2677//5415 2678//5415 2742//5415
f 2677//5416 2742//5416 2741//5416
f 2678//5417 2679//5417 2743//5417
f 2678//5418 2743//5418 2742//5418
f 2679//5419 2680//5419 2744//5419
f 2679//5420 2744//5420 2743//5420
f 2680//5421 2681//5421 2745//5421
f 2680//5422 2745//5422 2744//5422
f 2681//5423 2682//5423 2746//5423
f 2681//5424 2746//5424 2745//5424
f 2682//5425 2683//5425 2747//5425
f 2682//5426 2747//5426 2746//5426
f 2683//5427 2684//5427 2748//5427
f 2683//5428 2748//5428 2747//5428
f 2684//5429 2685//5429 2749//5429
f 2684//5430 2749//5430 2748//5430
f 2685//5431 2686//5431 2750//5431
f 2685//5432 2750//5432 2749//5432
f 2686//5433 2687//5433 2751//5433
f 2686//5434 2751//5434 2750//5434
f 2687//5435 2688//5435 2752//5435
f 2687//5436 2752//5436 2751//5436
f 2688//5437 2689//5437 2753//5437
f 2688//5438 2753//5438 2752//5438
f 2689//5439 2626//5439 2690//5439
f 2689//5440 2690//5440 2753//5440
f 2690//5441 2691//5441 2755//5441
f 2690//5442 2755//5442 2754//5442
f 2691//5443 2692//5443 2756//5443
f 2691//5444 2756//5444 2755//5444
f 2692//5445 2693//5445 2757//5445
f 2692//5446 2757//5446 2756//5446
f 2693//5447 2694//5447 2758//5447
f 2693//5448 2758//5448 2757//5448
f 2694//5449 2695//5449 2759//5449
f 2694//5450 2759//5450 2758//5450
f 2695//5451 2696//5451 2760//5451
f 2695//5452 2760//5452 2759//5452
f 2696//5453 2697//5453 2761//5453
f 2696//5454 2761//5454 2760//5454
f 2697//5455 2698//5455 2762//5455
f 2697//5456 2762//5456 2761//5456
f 2698//5457 2699//5457 2763//5457
f 2698//5458 2763//5458 2762//5458
f 2699//5459 2700//5459 2764//5459
f 2699//5460 2764//5460 2763//5460
f 2700//5461 2701//5461 2765//5461
f 2700//5462 2765//5462 2764//5462
f 2701//5463 2702//5463 2766//5463
f 2701//5464 2766//5464 2765//5464
f 2702//5465 2703//5465 2767//5465
f 2702//5466 2767//5466 2766//5466
f 2703//5467 2704//5467 2768//5467
f 2703//5468 2768//5468 2767//5468
f 2704//5469 2705//5469 2769//5469
f 2704//5470 2769//5470 2768//5470
f 2705//5471 2706//5471 2770//5471
f 2705//5472 2770//5472 2769//5472
f 2706//5473 2707//5473 2771//5473
f 2706//5474 2771//5474 2770//5474
f 2707//5475 2708//5475 2772//5475
f 2707//5476 2772//5476 2771//5476
f 2708//5477 2709//5477 2773//5477
f 2708//5478 2773//5478 2772//5478
f 2709//5479 2710//5479 2774//5479
f 2709//5480 2774//5480 2773//5480
f 2710//5481 2711//5481 2775//5481
f 2710//5482 2775//5482 2774//5482
f 2711//5483 2712//5483 2776//5483
f 2711//5484 2776//5484 2775//5484
f 2712//5485 2713//5485 2777//5485
f 2712//5486 2777//5486 2776//5486
f 2713//5487 2714//5487 2778//5487
f 2713//5488 2778//5488 2777//5488
f 2714//5489 2715//5489 2779//5489
f 2714//5490 2779//5490 2778//5490
f 2715//5491 2716//5491 2780//5491
f 2715//5492 2780//5492 2779//5492
f 2716//5493 2717//5493 2781//5493
f 2716//5494 2781//5494 2780//5494
f 2717//5495 2718//5495 2782//5495
f 2717//5496 2782//5496 2781//5496
f 2718//5497 2719//5497 2783//5497
f 2718//5498 2783//5498 2782//5498
f 2719//5499 2720//5499 2784//5499
f 2719//5500 2784//5500 2783//5500
f 2720//5501 2721//5501 2785//5501
f 2720//5502 2785//5502 2784//5502
f 2721//5503 2722//5503 2786//5503
f 2721//5504 2786//5504 2785//5504
f 2722//5505 2723//5505 2787//5505
f 2722//5506 2787//5506 2786//5506
f 2723//5507 2724//5507 2788//5507
f 2723//5508 2788//5508 2787//5508
f 2724//5509 2725//5509 2789//5509
f 2724//5510 2789//5510 2788//5510
f 2725//5511 2726//5511 2790//5511
f 2725//5512 2790//5512 2789//5512
f 2726//5513 2727//5513 2791//5513
f 2726//5514 2791//5514 2790//5514
f 2727//5515 2728//5515 2792//5515
f 2727//5516 2792//5516 2791//5516
f 2728//5517 2729//5517 2793//5517
f 2728//5518 2793//5518 2792//5518
f 2729//5519 2730//5519 2794//5519
f 2729//5520 2794//5520 2793//5520
f 2730//5521 2731//5521 2795//5521
f 2730//5522 2795//5522 2794//5522
f 2731//5523 2732//5523 2796//5523
f 2731//5524 2796//5524 2795//5524
f 2732//5525 2733//5525 2797//5525
f 2732//5526 2797//5526 2796//5526
f 2733//5527 2734//5527 2798//5527
f 2733//5528 2798//5528 2797//5528
f 2734//5529 2735//5529 2799//5529
f 2734//5530 2799//5530 2798//5530
f 2735//5531 2736//5531 2800//5531
f 2735//5532 2800//5532 2799//5532
f 2736//5533 2737//5533 2801//5533
f 2736//5534 2801//5534 2800//5534
f 2737//5535 2738//5535 2802//5535
f 2737//5536 2802//5536 2801//5536
f 2738//5537 2739//5537 2803//5537
f 2738//5538 2803//5538 2802//5538
f 2739//5539 2740//5539 2804//5539
f 2739//5540 2804//5540 2803//5540
f 2740//5541 2741//5541 2805//5541
f 2740//5542 2805//5542 2804//5542
f 2741//5543 2742//5543 2806//5543
f 2741//5544 2806//5544 2805//5544
f 2742//5545 2743//5545 2807//5545
f 2742//5546 2807//5546 2806//5546
f 2743//5547 2744//5547 2808//5547
f 2743//5548 2808//5548 2807//5548
f 2744//5549 2745//5549 2809//5549
f 2744//5550 2809//5550 2808//5550
f 2745//5551 2746//5551 2810//5551
f 2745//5552 2810//5552 2809//5552
f 2746//5553 2747//5553 2811//5553
f 2746//5554 2811//5554 2810//5554
f 2747//5555 2748//5555 2812//5555
f 2747//5556 2812//5556 2811//5556
f 2748//5557 2749//5557 2813//5557
f 2748//5558 2813//5558 2812//5558
f 2749//5559 2750//5559 2814//5559
f 2749//5560 2814//5560 2813//5560
f 2750//5561 2751//5561 2815//5561
f 2750//5562 2815//5562 2814//5562
f 2751//5563 2752//5563 2816//5563
f 2751//5564 2816//5564 2815//5564
f 2752//5565 2753//5565 2817//5565
f 2752//5566 2817//5566 2816//5566
f 2753//5567 2690//5567 2754//5567
f 2753//5568 2754//5568 2817//5568
f 2754//5569 2755//5569 2819//5569
f 2754//5570 2819//5570 2818//5570
f 2755//5571 2756//5571 2820//5571
f 2755//5572 2820//5572 2819//5572
f 2756//5573 2757//5573 2821//5573
f 2756//5574 2821//5574 2820//5574
f 2757//5575 2758//5575 2822//5575
f 2757//5576 2822//5576 2821//5576
f 2758//5577 2759//5577 2823//5577
f 2758//5578 2823//5578 2822//5578
f 2759//5579 2760//5579 2824//5579
f 2759//5580 2824//5580 2823//5580
f 2760//5581 2761//5581 2825//5581
f 2760//5582 2825//5582 2824//5582
f 2761//5583 2762//5583 2826//5583
f 2761//5584 2826//5584 2825//5584
f 2762//5585 2763//5585 2827//5585
f 2762//5586 2827//5586 2826//5586
f 2763//5587 2764//5587 2828//5587
f 2763//5588 2828//5588 2827//5588
f 2764//5589 2765//5589 2829//5589
f 2764//5590 2829//5590 2828//5590
f 2765//5591 2766//5591 2830//5591
f 2765//5592 2830//5592 2829//5592
f 2766//5593 2767//5593 2831//5593
f 2766//5594 2831//5594 2830//5594
f 2767//5595 2768//5595 2832//5595
f 2767//5596 2832//5596 2831//5596
f 2768//5597 2769//5597 2833//5597
f 2768//5598 2833//5598 2832//5598
f 2769//5599 2770//5599 2834//5599
f 2769//5600 2834//5600 2833//5600
f 2770//5601 2771//5601 2835//5601
f 2770//5602 2835//5602 2834//5602
f 2771//5603 2772//5603 2836//5603
f 2771//5604 2836//5604 2835//5604
f 2772//5605 2773//5605 2837//5605
f 2772//5606 2837//5606 2836//5606
f 2773//5607 2774//5607 2838//5607
f 2773//5608 2838//5608 2837//5608
f 2774//5609 2775//5609 2839//5609
f 2774//5610 2839//5610 2838//5610
f 2775//5611 2776//5611 2840//5611
f 2775//5612 2840//5612 2839//5612
f 2776//5613 2777//5613 2841//5613
f 2776//5614 2841//5614 2840//5614
f 2777//5615 2778//5615 2842//5615
f 2777//5616 2842//5616 2841//5616
f 2778//5617 2779//5617 2843//5617
f 2778//5618 2843//5618 2842//5618
f 2779//5619 2780//5619 2844//5619
f 2779//5620 2844//5620 2843//5620
f 2780//5621 2781//5621 2845//5621
f 2780//5622 2845//5622 2844//5622
f 2781//5623 2782//5623 2846//5623
f 2781//5624 2846//5624 2845//5624
f 2782//5625 2783//5625 2847//5625
f 2782//5626 2847//5626 2846//5626
f 2783//5627 2784//5627 2848//5627
f 2783//5628 2848//5628 2847//5628
f 2784//5629 2785//5629 2849//5629
f 2784//5630 2849//5630 2848//5630
f 2785//5631 2786//5631 2850//5631
f 2785//5632 2850//5632 2849//5632
f 2786//5633 2787//5633 2851//5633
f 2786//5634 2851//5634 2850//5634
f 2787//5635 2788//5635 2852//5635
f 2787//5636 2852//5636 2851//5636
f 2788//5637 2789//5637 2853//5637
f 2788//5638 2853//5638 2852//5638
f 2789//5639 2790//5639 2854//5639
f 2789//5640 2854//5640 2853//5640
f 2790//5641 2791//5641 2855//5641
f 2790//5642 2855//5642 2854//5642
f 2791//5643 2792//5643 2856//5643
f 2791//5644 2856//5644 2855//5644
f 2792//5645 2793//5645 2857//5645
f 2792//5646 2857//5646 2856//5646
f 2793//5647 2794//5647 2858//5647
f 2793//5648 2858//5648 2857//5648
f 2794//5649 2795//5649 2859//5649
f 2794//5650 2859//5650 2858//5650
f 2795//5651 2796//5651 2860//5651
f 2795//5652 2860//5652 2859//5652
f 2796//5653 2797//5653 2861//5653
f 2796//5654 2861//5654 2860//5654
f 2797//5655 2798//5655 2862//5655
f 2797//5656 2862//5656 2861//5656
f 2798//5657 2799//5657 2863//5657
f 2798//5658 2863//5658 2862//5658
f 2799//5659 2800//5659 2864//5659
f 2799//5660 2864//5660 2863//5660
f 2800//5661 2801//5661 2865//5661
f 2800//5662 2865//5662 2864//5662
f 2801//5663 2802//5663 2866//5663
f 2801//5664 2866//5664 2865//5664
f 2802//5665 2803//5665 2867//5665
f 2802//5666 2867//5666 2866//5666
f 2803//5667 2804//5667 2868//5667
f 2803//5668 2868//5668 2867//5668
f 2804//5669 2805//5669 2869//5669
f 2804//5670 2869//5670 2868//5670
f 2805//5671 2806//5671 2870//5671
f 2805//5672 2870//5672 2869//5672
f 2806//5673 2807//5673 2871//5673
f 2806//5674 2871//5674 2870//5674
f 2807//5675 2808//5675 2872//5675
f 2807//5676 2872//5676 2871//5676
f 2808//5677 2809//5677 2873//5677
f 2808//5678 2873//5678 2872//5678
f 2809//5679 2810//5679 2874//5679
f 2809//5680 2874//5680 2873//5680
f 2810//5681 2811//5681 2875//5681
f 2810//5682 2875//5682 2874//5682
f 2811//5683 2812//5683 2876//5683
f 2811//5684 2876//5684 2875//5684
f 2812//5685 2813//5685 2877//5685
f 2812//5686 2877//5686 2876//5686
f 2813//5687 2814//5687 2878//5687
f 2813//5688 2878//5688 2877//5688
f 2814//5689 2815//5689 2879//5689
f 2814//5690 2879//5690 2878//5690
f 2815//5691 2816//5691 2880//5691
f 2815//5692 2880//5692 2879//5692
f 2816//5693 2817//5693 2881//5693
f 2816//5694 2881//5694 2880//5694
f 2817//5695 2754//5695 2818//5695
f 2817//5696 2818//5696 2881//5696
f 2818//5697 2819//5697 2883//5697
f 2818//5698 2883//5698 2882//5698
f 2819//5699 2820//5699 2884//5699
f 2819//5700 2884//5700 2883//5700
f 2820//5701 2821//5701 2885//5701
f 2820//5702 2885//5702 2884//5702
f 2821//5703 2822//5703 2886//5703
f 2821//5704 2886//5704 2885//5704
f 2822//5705 2823//5705 2887//5705
f 2822//5706 2887//5706 2886//5706
f 2823//5707 2824//5707 2888//5707
f 2823//5708 2888//5708 2887//5708
f 2824//5709 2825//5709 2889//5709
f 2824//5710 2889//5710 2888//5710
f 2825//5711 2826//5711 2890//5711
f 2825//5712 2890//5712 2889//5712
f 2826//5713 2827//5713 2891//5713
f 2826//5714 2891//5714 2890//5714
f 2827//5715 2828//5715 2892//5715
f 2827//5716 2892//5716 2891//5716
f 2828//5717 2829//5717 2893//5717
f 2828//5718 2893//5718 2892//5718
f 2829//5719 2830//5719 2894//5719
f 2829//5720 2894//5720 2893//5720
f 2830//5721 2831//5721 2895//5721
f 2830//5722 2895//5722 2894//5722
f 2831//5723 2832//5723 2896//5723
f 2831//5724 2896//5724 2895//5724
f 2832//5725 2833//5725 2897//5725
f 2832//5726 2897//5726 2896//5726
f 2833//5727 2834//5727 2898//5727
f 2833//5728 2898//5728 2897//5728
f 2834//5729 2835//5729 2899//5729
f 2834//5730 2899//5730 2898//5730
f 2835//5731 2836//5731 2900//5731
f 2835//5732 2900//5732 2899//5732
f 2836//5733 2837//5733 2901//5733
f 2836//5734 2901//5734 2900//5734
f 2837//5735 2838//5735 2902//5735
f 2837//5736 2902//5736 2901//5736
f 2838//5737 2839//5737 2903//5737
f 2838//5738 2903//5738 2902//5738
f 2839//5739 2840//5739 2904//5739
f 2839//5740 2904//5740 2903//5740
f 2840//5741 2841//5741 2905//5741
f 2840//5742 2905//5742 2904//5742
f 2841//5743 2842//5743 2906//5743
f 2841//5744 2906//5744 2905//5744
f 2842//5745 2843//5745 2907//5745
f 2842//5746 2907//5746 2906//5746
f 2843//5747 2844//5747 2908//5747
f 2843//5748 2908//5748 2907//5748
f 2844//5749 2845//5749 2909//5749
f 2844//5750 2909//5750 2908//5750
f 2845//5751 2846//5751 2910//5751
f 2845//5752 2910//5752 2909//5752
f 2846//5753 2847//5753 2911//5753
f 2846//5754 2911//5754 2910//5754
f 2847//5755 2848//5755 2912//5755
f 2847//5756 2912//5756 2911//5756
f 2848//5757 2849//5757 2913//5757
f 2848//5758 2913//5758 2912//5758
f 2849//5759 2850//5759 2914//5759
f 2849//5760 2914//5760 2913//5760
f 2850//5761 2851//5761 2915//5761
f 2850//5762 2915//5762 2914//5762
f 2851//5763 2852//5763 2916//5763
f 2851//5764 2916//5764 2915//5764
f 2852//5765 2853//5765 2917//5765
f 2852//5766 2917//5766 2916//5766
f 2853//5767 2854//5767 2918//5767
f 2853//5768 2918//5768 2917//5768
f 2854//5769 2855//5769 2919//5769
f 2854//5770 2919//5770 2918//5770
f 2855//5771 2856//5771 2920//5771
f 2855//5772 2920//5772 2919//5772
f 2856//5773 2857//5773 2921//5773
f 2856//5774 2921//5774 2920//5774
f 2857//5775 2858//5775 2922//5775
f 2857//5776 2922//5776 2921//5776
f 2858//5777 2859//5777 2923//5777
f 2858//5778 2923//5778 2922//5778
f 2859//5779 2860//5779 2924//5779
f 2859//5780 2924//5780 2923//5780
f 2860//5781 2861//5781 2925//5781
f 2860//5782 2925//5782 2924//5782
f 2861//5783 2862//5783 2926//5783
f 2861//5784 2926//5784 2925//5784
f 2862//5785 2863//5785 2927//5785
f 2862//5786 2927//5786 2926//5786
f 2863//5787 2864//5787 2928//5787
f 2863//5788 2928//5788 2927//5788
f 2864//5789 2865//5789 2929//5789
f 2864//5790 2929//5790 2928//5790
f 2865//5791 2866//5791 2930//5791
f 2865//5792 2930//5792 2929//5792
f 2866//5793 2867//5793 2931//5793
f 2866//5794 2931//5794 2930//5794
f 2867//5795 2868//5795 2932//5795
f 2867//5796 2932//5796 2931//5796
f 2868//5797 2869//5797 2933//5797
f 2868//5798 2933//5798 2932//5798
f 2869//5799 2870//5799 2934//5799
f 2869//5800 2934//5800 2933//5800
f 2870//5801 2871//5801 2935//5801
f 2870//5802 2935//5802 2934//5802
f 2871//5803 2872//5803 2936//5803
f 2871//5804 2936//5804 2935//5804
f 2872//5805 2873//5805 2937//5805
f 2872//5806 2937//5806 2936//5806
f 2873//5807 2874//5807 2938//5807
f 2873//5808 2938//5808 2937//5808
f 2874//5809 2875//5809 2939//5809
f 2874//5810 2939//5810 2938//5810
f 2875//5811 2876//5811 2940//5811
f 2875//5812 2940//5812 2939//5812
f 2876//5813 2877//5813 2941//5813
f 2876//5814 2941//5814 2940//5814
f 2877//5815 2878//5815 2942//5815
f 2877//5816 2942//5816 2941//5816
f 2878//5817 2879//5817 2943//5817
f 2878//5818 2943//5818 2942//5818
f 2879//5819 2880//5819 2944//5819
f 2879//5820 2944//5820 2943//5820
f 2880//5821 2881//5821 2945//5821
f 2880//5822 2945//5822 2944//5822
f 2881//5823 2818//5823 2882//5823
f 2881//5824 2882//5824 2945//5824
f 2882//5825 2883//5825 2947//5825
f 2882//5826 2947//5826 2946//5826
f 2883//5827 2884//5827 2948//5827
f 2883//5828 2948//5828 2947//5828
f 2884//5829 2885//5829 2949//5829
f 2884//5830 2949//5830 2948//5830
f 2885//5831 2886//5831 2950//5831
f 2885//5832 2950//5832 2949//5832
f 2886//5833 2887//5833 2951//5833
f 2886//5834 2951//5834 2950//5834
f 2887//5835 2888//5835 2952//5835
f 2887//5836 2952//5836 2951//5836
f 2888//5837 2889//5837 2953//5837
f 2888//5838 2953//5838 2952//5838
f 2889//5839 2890//5839 2954//5839
f 2889//5840 2954//5840 2953//5840
f 2890//5841 2891//5841 2955//5841
f 2890//5842 2955//5842 2954//5842
f 2891//5843 2892//5843 2956//5843
f 2891//5844 2956//5844 2955//5844
f 2892//5845 2893//5845 2957//5845
f 2892//5846 2957//5846 2956//5846
f 2893//5847 2894//5847 2958//5847
f 2893//5848 2958//5848 2957//5848
f 2894//5849 2895//5849 2959//5849
f 2894//5850 2959//5850 2958//5850
f 2895//5851 2896//5851 2960//5851
f 2895//5852 2960//5852 2959//5852
f 2896//5853 2897//5853 2961//5853
f 2896//5854 2961//5854 2960//5854
f 2897//5855 2898//5855 2962//5855
f 2897//5856 2962//5856 2961//5856
f 2898//5857 2899//5857 2963//5857
f 2898//5858 2963//5858 2962//5858
f 2899//5859 2900//5859 2964//5859
f 2899//5860 2964//5860 2963//5860
f 2900//5861 2901//5861 2965//5861
f 2900//5862 2965//5862 2964//5862
f 2901//5863 2902//5863 2966//5863
f 2901//5864 2966//5864 2965//5864
f 2902//5865 2903//5865 2967//5865
f 2902//5866 2967//5866 2966//5866
f 2903//5867 2904//5867 2968//5867
f 2903//5868 2968//5868 2967//5868
f 2904//5869 2905//5869 2969//5869
f 2904//5870 2969//5870 2968//5870
f 2905//5871 2906//5871 2970//5871
f 2905//5872 2970//5872 2969//5872
f 2906//5873 2907//5873 2971//5873
f 2906//5874 2971//5874 2970//5874
f 2907//5875 2908//5875 2972//5875
f 2907//5876 2972//5876 2971//5876
f 2908//5877 2909//5877 2973//5877
f 2908//5878 2973//5878 2972//5878
f 2909//5879 2910//5879 2974//5879
f 2909//5880 2974//5880 2973//5880
f 2910//5881 2911//5881 2975//5881
f 2910//5882 2975//5882 2974//5882
f 2911//5883 2912//5883 2976//5883
f 2911//5884 2976//5884 2975//5884
f 2912//5885 2913//5885 2977//5885
f 2912//5886 2977//5886 2976//5886
f 2913//5887 2914//5887 2978//5887
f 2913//5888 2978//5888 2977//5888
f 2914//5889 2915//5889 2979//5889
f 2914//5890 2979//5890 2978//5890
f 2915//5891 2916//5891 2980//5891
f 2915//5892 2980//5892 2979//5892
f 2916//5893 2917//5893 2981//5893
f 2916//5894 2981//5894 2980//5894
f 2917//5895 2918//5895 2982//5895
f 2917//5896 2982//5896 2981//5896
f 2918//5897 2919//5897 2983//5897
f 2918//5898 2983//5898 2982//5898
f 2919//5899 2920//5899 2984//5899
f 2919//5900 2984//5900 2983//5900
f 2920//5901 2921//5901 2985//5901
f 2920//5902 2985//5902 2984//5902
f 2921//5903 2922//5903 2986//5903
f 2921//5904 2986//5904 2985//5904
f 2922//5905 2923//5905 2987//5905
f 2922//5906 2987//5906 2986//5906
f 2923//5907 2924//5907 2988//5907
f 2923//5908 2988//5908 2987//5908
f 2924//5909 2925//5909 2989//5909
f 2924//5910 2989//5910 2988//5910
f 2925//5911 2926//5911 2990//5911
f 2925//5912 2990//5912 2989//5912
f 2926//5913 2927//5913 2991//5913
f 2926//5914 2991//5914 2990//5914
f 2927//5915 2928//5915 2992//5915
f 2927//5916 2992//5916 2991//5916
f 2928//5917 2929//5917 2993//5917
f 2928//5918 2993//5918 2992//5918
f 2929//5919 2930//5919 2994//5919
f 2929//5920 2994//5920 2993//5920
f 2930//5921 2931//5921 2995//5921
f 2930//5922 2995//5922 2994//5922
f 2931//5923 2932//5923 2996//5923
f 2931//5924 2996//5924 2995//5924
f 2932//5925 2933//5925 2997//5925
f 2932//5926 2997//5926 2996//5926
f 2933//5927 2934//5927 2998//5927
f 2933//5928 2998//5928 2997//5928
f 2934//5929 2935//5929 2999//5929
f 2934//5930 2999//5930 2998//5930
f 2935//5931 2936//5931 3000//5931
f 2935//5932 3000//5932 2999//5932
f 2936//5933 2937//5933 3001//5933
f 2936//5934 3001//5934 3000//5934
f 2937//5935 2938//5935 3002//5935
f 2937//5936 3002//5936 3001//5936
f 2938//5937 2939//5937 3003//5937
f 2938//5938 3003//5938 3002//5938
f 2939//5939 2940//5939 3004//5939
f 2939//5940 3004//5940 3003//5940
f 2940//5941 2941//5941 3005//5941
f 2940//5942 3005//5942 3004//5942
f 2941//5943 2942//5943 3006//5943
f 2941//5944 3006//5944 3005//5944
f 2942//5945 2943//5945 3007//5945
f 2942//5946 3007//5946 3006//5946
f 2943//5947 2944//5947 3008//5947
f 2943//5948 3008//5948 3007//5948
f 2944//5949 2945//5949 3009//5949
f 2944//5950 3009//5950 3008//5950
f 2945//5951 2882//5951 2946//5951
f 2945//5952 2946//5952 3009//5952
f 2946//5953 2947//5953 3011//5953
f 2946//5954 3011//5954 3010//5954
f 2947//5955 2948//5955 3012//5955
f 2947//5956 3012//5956 3011//5956
f 2948//5957 2949//5957 3013//5957
f 2948//5958 3013//5958 3012//5958
f 2949//5959 2950//5959 3014//5959
f 2949//5960 3014//5960 3013//5960
f 2950//5961 2951//5961 3015//5961
f 2950//5962 3015//5962 3014//5962
f 2951//5963 2952//5963 3016//5963
f 2951//5964 3016//5964 3015//5964
f 2952//5965 2953//5965 3017//5965
f 2952//5966 3017//5966 3016//5966
f 2953//5967 2954//5967 3018//5967
f 2953//5968 3018//5968 3017//5968
f 2954//5969 2955//5969 3019//5969
f 2954//5970 3019//5970 3018//5970
f 2955//5971 2956//5971 3020//5971
f 2955//5972 3020//5972 3019//5972
f 2956//5973 2957//5973 3021//5973
f 2956//5974 3021//5974 3020//5974
f 2957//5975 2958//5975 3022//5975
f 2957//5976 3022//5976 3021//5976
f 2958//5977 2959//5977 3023//5977
f 2958//5978 3023//5978 3022//5978
f 2959//5979 2960//5979 3024//5979
f 2959//5980 3024//5980 3023//5980
f 2960//5981 2961//5981 3025//5981
f 2960//5982 3025//5982 3024//5982
f 2961//5983 2962//5983 3026//5983
f 2961//5984 3026//5984 3025//5984
f 2962//5985 2963//5985 3027//5985
f 2962//5986 3027//5986 3026//5986
f 2963//5987 2964//5987 3028//5987
f 2963//5988 3028//5988 3027//5988
f 2964//5989 2965//5989 3029//5989
f 2964//5990 3029//5990 3028//5990
f 2965//5991 2966//5991 3030//5991
f 2965//5992 3030//5992 3029//5992
f 2966//5993 2967//5993 3031//5993
f 2966//5994 3031//5994 3030//5994
f 2967//5995 2968//5995 3032//5995
f 2967//5996 3032//5996 3031//5996
f 2968//5997 2969//5997 3033//5997
f 2968//5998 3033//5998 3032//5998
f 2969//5999 2970//5999 3034//5999
f 2969//6000 3034//6000 3033//6000
f 2970//6001 2971//6001 3035//6001
f 2970//6002 3035//6002 3034//6002
f 2971//6003 2972//6003 3036//6003
f 2971//6004 3036//6004 3035//6004
f 2972//6005 2973//6005 3037//6005
f 2972//6006 3037//6006 3036//6006
f 2973//6007 2974//6007 3038//6007
f 2973//6008 3038//6008 3037//6008
f 2974//6009 2975//6009 3039//6009
f 2974//6010 3039//6010 3038//6010
f 2975//6011 2976//6011 3040//6011
f 2975//6012 3040//6012 3039//6012
f 2976//6013 2977//6013 3041//6013
f 2976//6014 3041//6014 3040//6014
f 2977//6015 2978//6015 3042//6015
f 2977//6016 3042//6016 3041//6016
f 2978//6017 2979//6017 3043//6017
f 2978//6018 3043//6018 3042//6018
f 2979//6019 2980//6019 3044//6019
f 2979//6020 3044//6020 3043//6020
f 2980//6021 2981//6021 3045//6021
f 2980//6022 3045//6022 3044//6022
f 2981//6023 2982//6023 3046//6023
f 2981//6024 3046//6024 3045//6024
f 2982//6025 2983//6025 3047//6025
f 2982//6026 3047//6026 3046//6026
f 2983//6027 2984//6027 3048//6027
f 2983//6028 3048//6028 3047//6028
f 2984//6029 2985//6029 3049//6029
f 2984//6030 3049//6030 3048//6030
f 2985//6031 2986//6031 3050//6031
f 2985//6032 3050//6032 3049//6032
f 2986//6033 2987//6033 3051//6033
f 2986//6034 3051//6034 3050//6034
f 2987//6035 2988//6035 3052//6035
f 2987//6036 3052//6036 3051//6036
f 2988//6037 2989//6037 3053//6037
f 2988//6038 3053//6038 3052//6038
f 2989//6039 2990//6039 3054//6039
f 2989//6040 3054//6040 3053//6040
f 2990//6041 2991//6041 3055//6041
f 2990//6042 3055//6042 3054//6042
f 2991//6043 2992//6043 3056//6043
f 2991//6044 3056//6044 3055//6044
f 2992//6045 2993//6045 3057//6045
f 2992//6046 3057//6046 3056//6046
f 2993//6047 2994//6047 3058//6047
f 2993//6048 3058//6048 3057//6048
f 2994//6049 2995//6049 3059//6049
f 2994//6050 3059//6050 3058//6050
f 2995//6051 2996//6051 3060//6051
f 2995//6052 3060//6052 3059//6052
f 2996//6053 2997//6053 3061//6053
f 2996//6054 3061//6054 3060//6054
f 2997//6055 2998//6055 3062//6055
f 2997//6056 3062//6056 3061//6056
f 2998//6057 2999//6057 3063//6057
f 2998//6058 3063//6058 3062//6058
f 2999//6059 3000//6059 3064//6059
f 2999//6060 3064//6060 3063//6060
f 3000//6061 3001//6061 3065//6061
f 3000//6062 3065//6062 3064//6062
f 3001//6063 3002//6063 3066//6063
f 3001//6064 3066//6064 3065//6064
f 3002//6065 3003//6065 3067//6065
f 3002//6066 3067//6066 3066//6066
f 3003//6067 3004//6067 3068//6067
f 3003//6068 3068//6068 3067//6068
f 3004//6069 3005//6069 3069//6069
f 3004//6070 3069//6070 3068//6070
f 3005//6071 3006//6071 3070//6071
f 3005//6072 3070//6072 3069//6072
f 3006//6073 3007//6073 3071//6073
f 3006//6074 3071//6074 3070//6074
f 3007//6075 3008//6075 3072//6075
f 3007//6076 3072//6076 3071//6076
f 3008//6077 3009//6077 3073//6077
f 3008//6078 3073//6078 3072//6078
f 3009//6079 2946//6079 3010//6079
f 3009//6080 3010//6080 3073//6080
f 3010//6081 3011//6081 3075//6081
f 3010//6082 3075//6082 3074//6082
f 3011//6083 3012//6083 3076//6083
f 3011//6084 3076//6084 3075//6084
f 3012//6085 3013//6085 3077//6085
f 3012//6086 3077//6086 3076//6086
f 3013//6087 3014//6087 3078//6087
f 3013//6088 3078//6088 3077//6088
f 3014//6089 3015//6089 3079//6089
f 3014//6090 3079//6090 3078//6090
f 3015//6091 3016//6091 3080//6091
f 3015//6092 3080//6092 3079//6092
f 3016//6093 3017//6093 3081//6093
f 3016//6094 3081//6094 3080//6094
f 3017//6095 3018//6095 3082//6095
f 3017//6096 3082//6096 3081//6096
f 3018//6097 3019//6097 3083//6097
f 3018//6098 3083//6098 3082//6098
f 3019//6099 3020//6099 3084//6099
f 3019//6100 3084//6100 3083//6100
f 3020//6101 3021//6101 3085//6101
f 3020//6102 3085//6102 3084//6102
f 3021//6103 3022//6103 3086//6103
f 3021//6104 3086//6104 3085//6104
f 3022//6105 3023//6105 3087//6105
f 3022//6106 3087//6106 3086//6106
f 3023//6107 3024//6107 3088//6107
f 3023//6108 3088//6108 3087//6108
f 3024//6109 3025//6109 3089//6109
f 3024//6110 3089//6110 3088//6110
f 3025//6111 3026//6111 3090//6111
f 3025//6112 3090//6112 3089//6112
f 3026//6113 3027//6113 3091//6113
f 3026//6114 3091//6114 3090//6114
f 3027//6115 3028//6115 3092//6115
f 3027//6116 3092//6116 3091//6116
f 3028//6117 3029//6117 3093//6117
f 3028//6118 3093//6118 3092//6118
f 3029//6119 3030//6119 3094//6119
f 3029//6120 3094//6120 3093//6120
f 3030//6121 3031//6121 3095//6121
f 3030//6122 3095//6122 3094//6122
f 3031//6123 3032//6123 3096//6123
f 3031//6124 3096//6124 3095//6124
f 3032//6125 3033//6125 3097//6125
f 3032//6126 3097//6126 3096//6126
f 3033//6127 3034//6127 3098//6127
f 3033//6128 3098//6128 3097//6128
f 3034//6129 3035//6129 3099//6129
f 3034//6130 3099//6130 3098//6130
f 3035//6131 3036//6131 3100//6131
f 3035//6132 3100//6132 3099//6132
f 3036//6133 3037//6133 3101//6133
f 3036//6134 3101//6134 3100//6134
f 3037//6135 3038//6135 3102//6135
f 3037//6136 3102//6136 3101//6136
f 3038//6137 3039//6137 3103//6137
f 3038//6138 3103//6138 3102//6138
f 3039//6139 3040//6139 3104//6139
f 3039//6140 3104//6140 3103//6140
f 3040//6141 3041//6141 3105//6141
f 3040//6142 3105//6142 3104//6142
f 3041//6143 3042//6143 3106//6143
f 3041//6144 3106//6144 3105//6144
f 3042//6145 3043//6145 3107//6145
f 3042//6146 3107//6146 3106//6146
f 3043//6147 3044//6147 3108//6147
f 3043//6148 3108//6148 3107//6148
f 3044//6149 3045//6149 3109//6149
f 3044//6150 3109//6150 3108//6150
f 3045//6151 3046//6151 3110//6151
f 3045//6152 3110//6152 3109//6152
f 3046//6153 3047//6153 3111//6153
f 3046//6154 3111//6154 3110//6154
f 3047//6155 3048//6155 3112//6155
f 3047//6156 3112//6156 3111//6156
f 3048//6157 3049//6157 3113//6157
f 3048//6158 3113//6158 3112//6158
f 3049//6159 3050//6159 3114//6159
f 3049//6160 3114//6160 3113//6160
f 3050//6161 3051//6161 3115//6161
f 3050//6162 3115//6162 3114//6162
f 3051//6163 3052//6163 3116//6163
f 3051//6164 3116//6164 3115//6164
f 3052//6165 3053//6165 3117//6165
f 3052//6166 3117//6166 3116//6166
f 3053//6167 3054//6167 3118//6167
f 3053//6168 3118//6168 3117//6168
f 3054//6169 3055//6169 3119//6169
f 3054//6170 3119//6170 3118//6170
f 3055//6171 3056//6171 3120//6171
f 3055//6172 3120//6172 3119//6172
f 3056//6173 3057//6173 3121//6173
f 3056//6174 3121//6174 3120//6174
f 3057//6175 3058//6175 3122//6175
f 3057//6176 3122//6176 3121//6176
f 3058//6177 3059//6177 3123//6177
f 3058//6178 3123//6178 3122//6178
f 3059//6179 3060//6179 3124//6179
f 3059//6180 3124//6180 3123//6180
f 3060//6181 3061//6181 3125//6181
f 3060//6182 3125//6182 3124//6182
f 3061//6183 3062//6183 3126//6183
f 3061//6184 3126//6184 3125//6184
f 3062//6185 3063//6185 3127//6185
f 3062//6186 3127//6186 3126//6186
f 3063//6187 3064//6187 3128//6187
f 3063//6188 3128//6188 3127//6188
f 3064//6189 3065//6189 3129//6189
f 3064//6190 3129//6190 3128//6190
f 3065//6191 3066//6191 3130//6191
f 3065//6192 3130//6192 3129//6192
f 3066//6193 3067//6193 3131//6193
f 3066//6194 3131//6194 3130//6194
f 3067//6195 3068//6195 3132//6195
f 3067//6196 3132//6196 3131//6196
f 3068//6197 3069//6197 3133//6197
f 3068//6198 3133//6198 3132//6198
f 3069//6199 3070//6199 3134//6199
f 3069//6200 3134//6200 3133//6200
f 3070//6201 3071//6201 3135//6201
f 3070//6202 3135//6202 3134//6202
f 3071//6203 3072//6203 3136//6203
f 3071//6204 3136//6204 3135//6204
f 3072//6205 3073//6205 3137//6205
f 3072//6206 3137//6206 3136//6206
f 3073//6207 3010//6207 3074//6207
f 3073//6208 3074//6208 3137//6208
f 3074//6209 3075//6209 3139//6209
f 3074//6210 3139//6210 3138//6210
f 3075//6211 3076//6211 3140//6211
f 3075//6212 3140//6212 3139//6212
f 3076//6213 3077//6213 3141//6213
f 3076//6214 3141//6214 3140//6214
f 3077//6215 3078//6215 3142//6215
f 3077//6216 3142//6216 3141//6216
f 3078//6217 3079//6217 3143//6217
f 3078//6218 3143//6218 3142//6218
f 3079//6219 3080//6219 3144//6219
f 3079//6220 3144//6220 3143//6220
f 3080//6221 3081//6221 3145//6221
f 3080//6222 3145//6222 3144//6222
f 3081//6223 3082//6223 3146//6223
f 3081//6224 3146//6224 3145//6224
f 3082//6225 3083//6225 3147//6225
f 3082//6226 3147//6226 3146//6226
f 3083//6227 3084//6227 3148//6227
f 3083//6228 3148//6228 3147//6228
f 3084//6229 3085//6229 3149//6229
f 3084//6230 3149//6230 3148//6230
f 3085//6231 3086//6231 3150//6231
f 3085//6232 3150//6232 3149//6232
f 3086//6233 3087//6233 3151//6233
f 3086//6234 3151//6234 3150//6234
f 3087//6235 3088//6235 3152//6235
f 3087//6236 3152//6236 3151//6236
f 3088//6237 3089//6237 3153//6237
f 3088//6238 3153//6238 3152//6238
f 3089//6239 3090//6239 3154//6239
f 3089//6240 3154//6240 3153//6240
f 3090//6241 3091//6241 3155//6241
f 3090//6242 3155//6242 3154//6242
f 3091//6243 3092//6243 3156//6243
f 3091//6244 3156//6244 3155//6244
f 3092//6245 3093//6245 3157//6245
f 3092//6246 3157//6246 3156//6246
f 3093//6247 3094//6247 3158//6247
f 3093//6248 3158//6248 3157//6248
f 3094//6249 3095//6249 3159//6249
f 3094//6250 3159//6250 3158//6250
f 3095//6251 3096//6251 3160//6251
f 3095//6252 3160//6252 3159//6252
f 3096//6253 3097//6253 3161//6253
f 3096//6254 3161//6254 3160//6254
f 3097//6255 3098//6255 3162//6255
f 3097//6256 3162//6256 3161//6256
f 3098//6257 3099//6257 3163//6257
f 3098//6258 3163//6258 3162//6258
f 3099//6259 3100//6259 3164//6259
f 3099//6260 3164//6260 3163//6260
f 3100//6261 3101//6261 3165//6261
f 3100//6262 3165//6262 3164//6262
f 3101//6263 3102//6263 3166//6263
f 3101//6264 3166//6264 3165//6264
f 3102//6265 3103//6265 3167//6265
f 3102//6266 3167//6266 3166//6266
f 3103//6267 3104//6267 3168//6267
f 3103//6268 3168//6268 3167//6268
f 3104//6269 3105//6269 3169//6269
f 3104//6270 3169//6270 3168//6270
f 3105//6271 3106//6271 3170//6271
f 3105//6272 3170//6272 3169//6272
f 3106//6273 3107//6273 3171//6273
f 3106//6274 3171//6274 3170//6274
f 3107//6275 3108//6275 3172//6275
f 3107//6276 3172//6276 3171//6276
f 3108//6277 3109//6277 3173//6277
f 3108//6278 3173//6278 3172//6278
f 3109//6279 3110//6279 3174//6279
f 3109//6280 3174//6280 3173//6280
f 3110//6281 3111//6281 3175//6281
f 3110//6282 3175//6282 3174//6282
f 3111//6283 3112//6283 3176//6283
f 3111//6284 3176//6284 3175//6284
f 3112//6285 3113//6285 3177//6285
f 3112//6286 3177//6286 3176//6286
f 3113//6287 3114//6287 3178//6287
f 3113//6288 3178//6288 3177//6288
f 3114//6289 3115//6289 3179//6289
f 3114//6290 3179//6290 3178//6290
f 3115//6291 3116//6291 3180//6291
f 3115//6292 3180//6292 3179//6292
f 3116//6293 3117//6293 3181//6293
f 3116//6294 3181//6294 3180//6294
f 3117//6295 3118//6295 3182//6295
f 3117//6296 3182//6296 3181//6296
f 3118//6297 3119//6297 3183//6297
f 3118//6298 3183//6298 3182//6298
f 3119//6299 3120//6299 3184//6299
f 3119//6300 3184//6300 3183//6300
f 3120//6301 3121//6301 3185//6301
f 3120//6302 3185//6302 3184//6302
f 3121//6303 3122//6303 3186//6303
f 3121//6304 3186//6304 3185//6304
f 3122//6305 3123//6305 3187//6305
f 3122//6306 3187//6306 3186//6306
f 3123//6307 3124//6307 3188//6307
f 3123//6308 3188//6308 3187//6308
f 3124//6309 3125//6309 3189//6309
f 3124//6310 3189//6310 3188//6310
f 3125//6311 3126//6311 3190//6311
f 3125//6312 3190//6312 3189//6312
f 3126//6313 3127//6313 3191//6313
f 3126//6314 3191//6314 3190//6314
f 3127//6315 3128//6315 3192//6315
f 3127//6316 3192//6316 3191//6316
f 3128//6317 3129//6317 3193//6317
f 3128//6318 3193//6318 3192//6318
f 3129//6319 3130//6319 3194//6319
f 3129//6320 3194//6320 3193//6320
f 3130//6321 3131//6321 3195//6321
f 3130//6322 3195//6322 3194//6322
f 3131//6323 3132//6323 3196//6323
f 3131//6324 3196//6324 3195//6324
f 3132//6325 3133//6325 3197//6325
f 3132//6326 3197//6326 3196//6326
f 3133//6327 3134//6327 3198//6327
f 3133//6328 3198//6328 3197//6328
f 3134//6329 3135//6329 3199//6329
f 3134//6330 3199//6330 3198//6330
f 3135//6331 3136//6331 3200//6331
f 3135//6332 3200//6332 3199//6332
f 3136//6333 3137//6333 3201//6333
f 3136//6334 3201//6334 3200//6334
f 3137//6335 3074//6335 3138//6335
f 3137//6336 3138//6336 3201//6336
f 3138//6337 3139//6337 3203//6337
f 3138//6338 3203//6338 3202//6338
f 3139//6339 3140//6339 3204//6339
f 3139//6340 3204//6340 3203//6340
f 3140//6341 3141//6341 3205//6341
f 3140//6342 3205//6342 3204//6342
f 3141//6343 3142//6343 3206//6343
f 3141//6344 3206//6344 3205//6344
f 3142//6345 3143//6345 3207//6345
f 3142//6346 3207//6346 3206//6346
f 3143//6347 3144//6347 3208//6347
f 3143//6348 3208//6348 3207//6348
f 3144//6349 3145//6349 3209//6349
f 3144//6350 3209//6350 3208//6350
f 3145//6351 3146//6351 3210//6351
f 3145//6352 3210//6352 3209//6352
f 3146//6353 3147//6353 3211//6353
f 3146//6354 3211//6354 3210//6354
f 3147//6355 3148//6355 3212//6355
f 3147//6356 3212//6356 3211//6356
f 3148//6357 3149//6357 3213//6357
f 3148//6358 3213//6358 3212//6358
f 3149//6359 3150//6359 3214//6359
f 3149//6360 3214//6360 3213//6360
f 3150//6361 3151//6361 3215//6361
f 3150//6362 3215//6362 3214//6362
f 3151//6363 3152//6363 3216//6363
f 3151//6364 3216//6364 3215//6364
f 3152//6365 3153//6365 3217//6365
f 3152//6366 3217//6366 3216//6366
f 3153//6367 3154//6367 3218//6367
f 3153//6368 3218//6368 3217//6368
f 3154//6369 3155//6369 3219//6369
f 3154//6370 3219//6370 3218//6370
f 3155//6371 3156//6371 3220//6371
f 3155//6372 3220//6372 3219//6372
f 3156//6373 3157//6373 3221//6373
f 3156//6374 3221//6374 3220//6374
f 3157//6375 3158//6375 3222//6375
f 3157//6376 3222//6376 3221//6376
f 3158//6377 3159//6377 3223//6377
f 3158//6378 3223//6378 3222//6378
f 3159//6379 3160//6379 3224//6379
f 3159//6380 3224//6380 3223//6380
f 3160//6381 3161//6381 3225//6381
f 3160//6382 3225//6382 3224//6382
f 3161//6383 3162//6383 3226//6383
f 3161//6384 3226//6384 3225//6384
f 3162//6385 3163//6385 3227//6385
f 3162//6386 3227//6386 3226//6386
f 3163//6387 3164//6387 3228//6387
f 3163//6388 3228//6388 3227//6388
f 3164//6389 3165//6389 3229//6389
f 3164//6390 3229//6390 3228//6390
f 3165//6391 3166//6391 3230//6391
f 3165//6392 3230//6392 3229//6392
f 3166//6393 3167//6393 3231//6393
f 3166//6394 3231//6394 3230//6394
f 3167//6395 3168//6395 3232//6395
f 3167//6396 3232//6396 3231//6396
f 3168//6397 3169//6397 3233//6397
f 3168//6398 3233//6398 3232//6398
f 3169//6399 3170//6399 3234//6399
f 3169//6400 3234//6400 3233//6400
f 3170//6401 3171//6401 3235//6401
f 3170//6402 3235//6402 3234//6402
f 3171//6403 3172//6403 3236//6403
f 3171//6404 3236//6404 3235//6404
f 3172//6405 3173//6405 3237//6405
f 3172//6406 3237//6406 3236//6406
f 3173//6407 3174//6407 3238//6407
f 3173//6408 3238//6408 3237//6408
f 3174//6409 3175//6409 3239//6409
f 3174//6410 3239//6410 3238//6410
f 3175//6411 3176//6411 3240//6411
f 3175//6412 3240//6412 3239//6412
f 3176//6413 3177//6413 3241//6413
f 3176//6414 3241//6414 3240//6414
f 3177//6415 3178//6415 3242//6415
f 3177//6416 3242//6416 3241//6416
f 3178//6417 3179//6417 3243//6417
f 3178//6418 3243//6418 3242//6418
f 3179//6419 3180//6419 3244//6419
f 3179//6420 3244//6420 3243//6420
f 3180//6421 3181//6421 3245//6421
f 3180//6422 3245//6422 3244//6422
f 3181//6423 3182//6423 3246//6423
f 3181//6424 3246//6424 3245//6424
f 3182//6425 3183//6425 3247//6425
f 3182//6426 3247//6426 3246//6426
f 3183//6427 3184//6427 3248//6427
f 3183//6428 3248//6428 3247//6428
f 3184//6429 3185//6429 3249//6429
f 3184//6430 3249//6430 3248//6430
f 3185//6431 3186//6431 3250//6431
f 3185//6432 3250//6432 3249//6432
f 3186//6433 3187//6433 3251//6433
f 3186//6434 3251//6434 3250//6434
f 3187//6435 3188//6435 3252//6435
f 3187//6436 3252//6436 3251//6436
f 3188//6437 3189//6437 3253//6437
f 3188//6438 3253//6438 3252//6438
f 3189//6439 3190//6439 3254//6439
f 3189//6440 3254//6440 3253//6440
f 3190//6441 3191//6441 3255//6441
f 3190//6442 3255//6442 3254//6442
f 3191//6443 3192//6443 3256//6443
f 3191//6444 3256//6444 3255//6444
f 3192//6445 3193//6445 3257//6445
f 3192//6446 3257//6446 3256//6446
f 3193//6447 3194//6447 3258//6447
f 3193//6448 3258//6448 3257//6448
f 3194//6449 3195//6449 3259//6449
f 3194//6450 3259//6450 3258//6450
f 3195//6451 3196//6451 3260//6451
f 3195//6452 3260//6452 3259//6452
f 3196//6453 3197//6453 3261//6453
f 3196//6454 3261//6454 3260//6454
f 3197//6455 3198//6455 3262//6455
f 3197//6456 3262//6456 3261//6456
f 3198//6457 3199//6457 3263//6457
f 3198//6458 3263//6458 3262//6458
f 3199//6459 3200//6459 3264//6459
f 3199//6460 3264//6460 3263//6460
f 3200//6461 3201//6461 3265//6461
f 3200//6462 3265//6462 3264//6462
f 3201//6463 3138//6463 3202//6463
f 3201//6464 3202//6464 3265//6464
f 3202//6465 3203//6465 3267//6465
f 3202//6466 3267//6466 3266//6466
f 3203//6467 3204//6467 3268//6467
f 3203//6468 3268//6468 3267//6468
f 3204//6469 3205//6469 3269//6469
f 3204//6470 3269//6470 3268//6470
f 3205//6471 3206//6471 3270//6471
f 3205//6472 3270//6472 3269//6472
f 3206//6473 3207//6473 3271//6473
f 3206//6474 3271//6474 3270//6474
f 3207//6475 3208//6475 3272//6475
f 3207//6476 3272//6476 3271//6476
f 3208//6477 3209//6477 3273//6477
f 3208//6478 3273//6478 3272//6478
f 3209//6479 3210//6479 3274//6479
f 3209//6480 3274//6480 3273//6480
f 3210//6481 3211//6481 3275//6481
f 3210//6482 3275//6482 3274//6482
f 3211//6483 3212//6483 3276//6483
f 3211//6484 3276//6484 3275//6484
f 3212//6485 3213//6485 3277//6485
f 3212//6486 3277//6486 3276//6486
f 3213//6487 3214//6487 3278//6487
f 3213//6488 3278//6488 3277//6488
f 3214//6489 3215//6489 3279//6489
f 3214//6490 3279//6490 3278//6490
f 3215//6491 3216//6491 3280//6491
f 3215//6492 3280//6492 3279//6492
f 3216//6493 3217//6493 3281//6493
f 3216//6494 3281//6494 3280//6494
f 3217//6495 3218//6495 3282//6495
f 3217//6496 3282//6496 3281//6496
f 3218//6497 3219//6497 3283//6497
f 3218//6498 3283//6498 3282//6498
f 3219//6499 3220//6499 3284//6499
f 3219//6500 3284//6500 3283//6500
f 3220//6501 3221//6501 3285//6501
f 3220//6502 3285//6502 3284//6502
f 3221//6503 3222//6503 3286//6503
f 3221//6504 3286//6504 3285//6504
f 3222//6505 3223//6505 3287//6505
f 3222//6506 3287//6506 3286//6506
f 3223//6507 3224//6507 3288//6507
f 3223//6508 3288//6508 3287//6508
f 3224//6509 3225//6509 3289//6509
f 3224//6510 3289//6510 3288//6510
f 3225//6511 3226//6511 3290//6511
f 3225//6512 3290//6512 3289//6512
f 3226//6513 3227//6513 3291//6513
f 3226//6514 3291//6514 3290//6514
f 3227//6515 3228//6515 3292//6515
f 3227//6516 3292//6516 3291//6516
f 3228//6517 3229//6517 3293//6517
f 3228//6518 3293//6518 3292//6518
f 3229//6519 3230//6519 3294//6519
f 3229//6520 3294//6520 3293//6520
f 3230//6521 3231//6521 3295//6521
f 3230//6522 3295//6522 3294//6522
f 3231//6523 3232//6523 3296//6523
f 3231//6524 3296//6524 3295//6524
f 3232//6525 3233//6525 3297//6525
f 3232//6526 3297//6526 3296//6526
f 3233//6527 3234//6527 3298//6527
f 3233//6528 3298//6528 3297//6528
f 3234//6529 3235//6529 3299//6529
f 3234//6530 3299//6530 3298//6530
f 3235//6531 3236//6531 3300//6531
f 3235//6532 3300//6532 3299//6532
f 3236//6533 3237//6533 3301//6533
f 3236//6534 3301//6534 3300//6534
f 3237//6535 3238//6535 3302//6535
f 3237//6536 3302//6536 3301//6536
f 3238//6537 3239//6537 3303//6537
f 3238//6538 3303//6538 3302//6538
f 3239//6539 3240//6539 3304//6539
f 3239//6540 3304//6540 3303//6540
f 3240//6541 3241//6541 3305//6541
f 3240//6542 3305//6542 3304//6542
f 3241//6543 3242//6543 3306//6543
f 3241//6544 3306//6544 3305//6544
f 3242//6545 3243//6545 3307//6545
f 3242//6546 3307//6546 3306//6546
f 3243//6547 3244//6547 3308//6547
f 3243//6548 3308//6548 3307//6548
f 3244//6549 3245//6549 3309//6549
f 3244//6550 3309//6550 3308//6550
f 3245//6551 3246//6551 3310//6551
f 3245//6552 3310//6552 3309//6552
f 3246//6553 3247//6553 3311//6553
f 3246//6554 3311//6554 3310//6554
f 3247//6555 3248//6555 3312//6555
f 3247//6556 3312//6556 3311//6556
f 3248//6557 3249//6557 3313//6557
f 3248//6558 3313//6558 3312//6558
f 3249//6559 3250//6559 3314//6559
f 3249//6560 3314//6560 3313//6560
f 3250//6561 3251//6561 3315//6561
f 3250//6562 3315//6562 3314//6562
f 3251//6563 3252//6563 3316//6563
f 3251//6564 3316//6564 3315//6564
f 3252//6565 3253//6565 3317//6565
f 3252//6566 3317//6566 3316//6566
f 3253//6567 3254//6567 3318//6567
f 3253//6568 3318//6568 3317//6568
f 3254//6569 3255//6569 3319//6569
f 3254//6570 3319//6570 3318//6570
f 3255//6571 3256//6571 3320//6571
f 3255//6572 3320//6572 3319//6572
f 3256//6573 3257//6573 3321//6573
f 3256//6574 3321//6574 3320//6574
f 3257//6575 3258//6575 3322//6575
f 3257//6576 3322//6576 3321//6576
f 3258//6577 3259//6577 3323//6577
f 3258//6578 3323//6578 3322//6578
f 3259//6579 3260//6579 3324//6579
f 3259//6580 3324//6580 3323//6580
f 3260//6581 3261//6581 3325//6581
f 3260//6582 3325//6582 3324//6582
f 3261//6583 3262//6583 3326//6583
f 3261//6584 3326//6584 3325//6584
f 3262//6585 3263//6585 3327//6585
f 3262//6586 3327//6586 3326//6586
f 3263//6587 3264//6587 3328//6587
f 3263//6588 3328//6588 3327//6588
f 3264//6589 3265//6589 3329//6589
f 3264//6590 3329//6590 3328//6590
f 3265//6591 3202//6591 3266//6591
f 3265//6592 3266//6592 3329//6592
f 3266//6593 3267//6593 3331//6593
f 3266//6594 3331//6594 3330//6594
f 3267//6595 3268//6595 3332//6595
f 3267//6596 3332//6596 3331//6596
f 3268//6597 3269//6597 3333//6597
f 3268//6598 3333//6598 3332//6598
f 3269//6599 3270//6599 3334//6599
f 3269//6600 3334//6600 3333//6600
f 3270//6601 3271//6601 3335//6601
f 3270//6602 3335//6602 3334//6602
f 3271//6603 3272//6603 3336//6603
f 3271//6604 3336//6604 3335//6604
f 3272//6605 3273//6605 3337//6605
f 3272//6606 3337//6606 3336//6606
f 3273//6607 3274//6607 3338//6607
f 3273//6608 3338//6608 3337//6608
f 3274//6609 3275//6609 3339//6609
f 3274//6610 3339//6610 3338//6610
f 3275//6611 3276//6611 3340//6611
f 3275//6612 3340//6612 3339//6612
f 3276//6613 3277//6613 3341//6613
f 3276//6614 3341//6614 3340//6614
f 3277//6615 3278//6615 3342//6615
f 3277//6616 3342//6616 3341//6616
f 3278//6617 3279//6617 3343//6617
f 3278//6618 3343//6618 3342//6618
f 3279//6619 3280//6619 3344//6619
f 3279//6620 3344//6620 3343//6620
f 3280//6621 3281//6621 3345//6621
f 3280//6622 3345//6622 3344//6622
f 3281//6623 3282//6623 3346//6623
f 3281//6624 3346//6624 3345//6624
f 3282//6625 3283//6625 3347//6625
f 3282//6626 3347//6626 3346//6626
f 3283//6627 3284//6627 3348//6627
f 3283//6628 3348//6628 3347//6628
f 3284//6629 3285//6629 3349//6629
f 3284//6630 3349//6630 3348//6630
f 3285//6631 3286//6631 3350//6631
f 3285//6632 3350//6632 3349//6632
f 3286//6633 3287//6633 3351//6633
f 3286//6634 3351//6634 3350//6634
f 3287//6635 3288//6635 3352//6635
f 3287//6636 3352//6636 3351//6636
f 3288//6637 3289//6637 3353//6637
f 3288//6638 3353//6638 3352//6638
f 3289//6639 3290//6639 3354//6639
f 3289//6640 3354//6640 3353//6640
f 3290//6641 3291//6641 3355//6641
f 3290//6642 3355//6642 3354//6642
f 3291//6643 3292//6643 3356//6643
f 3291//6644 3356//6644 3355//6644
f 3292//6645 3293//6645 3357//6645
f 3292//6646 3357//6646 3356//6646
f 3293//6647 3294//6647 3358//6647
f 3293//6648 3358//6648 3357//6648
f 3294//6649 3295//6649 3359//6649
f 3294//6650 3359//6650 3358//6650
f 3295//6651 3296//6651 3360//6651
f 3295//6652 3360//6652 3359//6652
f 3296//6653 3297//6653 3361//6653
f 3296//6654 3361//6654 3360//6654
f 3297//6655 3298//6655 3362//6655
f 3297//6656 3362//6656 3361//6656
f 3298//6657 3299//6657 3363//6657
f 3298//6658 3363//6658 3362//6658
f 3299//6659 3300//6659 3364//6659
f 3299//6660 3364//6660 3363//6660
f 3300//6661 3301//6661 3365//6661
f 3300//6662 3365//6662 3364//6662
f 3301//6663 3302//6663 3366//6663
f 3301//6664 3366//6664 3365//6664
f 3302//6665 3303//6665 3367//6665
f 3302//6666 3367//6666 3366//6666
f 3303//6667 3304//6667 3368//6667
f 3303//6668 3368//6668 3367//6668
f 3304//6669 3305//6669 3369//6669
f 3304//6670 3369//6670 3368//6670
f 3305//6671 3306//6671 3370//6671
f 3305//6672 3370//6672 3369//6672
f 3306//6673 3307//6673 3371//6673
f 3306//6674 3371//6674 3370//6674
f 3307//6675 3308//6675 3372//6675
f 3307//6676 3372//6676 3371//6676
f 3308//6677 3309//6677 3373//6677
f 3308//6678 3373//6678 3372//6678
f 3309//6679 3310//6679 3374//6679
f 3309//6680 3374//6680 3373//6680
f 3310//6681 3311//6681 3375//6681
f 3310//6682 3375//6682 3374//6682
f 3311//6683 3312//6683 3376//6683
f 3311//6684 3376//6684 3375//6684
f 3312//6685 3313//6685 3377//6685
f 3312//6686 3377//6686 3376//6686
f 3313//6687 3314//6687 3378//6687
f 3313//6688 3378//6688 3377//6688
f 3314//6689 3315//6689 3379//6689
f 3314//6690 3379//6690 3378//6690
f 3315//6691 3316//6691 3380//6691
f 3315//6692 3380//6692 3379//6692
f 3316//6693 3317//6693 3381//6693
f 3316//6694 3381//6694 3380//6694
f 3317//6695 3318//6695 3382//6695
f 3317//6696 3382//6696 3381//6696
f 3318//6697 3319//6697 3383//6697
f 3318//6698 3383//6698 3382//6698
f 3319//6699 3320//6699 3384//6699
f 3319//6700 3384//6700 3383//6700
f 3320//6701 3321//6701 3385//6701
f 3320//6702 3385//6702 3384//6702
f 3321//6703 3322//6703 3386//6703
f 3321//6704 3386//6704 3385//6704
f 3322//6705 3323//6705 3387//6705
f 3322//6706 3387//6706 3386//6706
f 3323//6707 3324//6707 3388//6707
f 3323//6708 3388//6708 3387//6708
f 3324//6709 3325//6709 3389//6709
f 3324//6710 3389//6710 3388//6710
f 3325//6711 3326//6711 3390//6711
f 3325//6712 3390//6712 3389//6712
f 3326//6713 3327//6713 3391//6713
f 3326//6714 3391//6714 3390//6714
f 3327//6715 3328//6715 3392//6715
f 3327//6716 3392//6716 3391//6716
f 3328//6717 3329//6717 3393//6717
f 3328//6718 3393//6718 3392//6718
f 3329//6719 3266//6719 3330//6719
f 3329//6720 3330//6720 3393//6720
f 3330//6721 3331//6721 3395//6721
f 3330//6722 3395//6722 3394//6722
f 3331//6723 3332//6723 3396//6723
f 3331//6724 3396//6724 3395//6724
f 3332//6725 3333//6725 3397//6725
f 3332//6726 3397//6726 3396//6726
f 3333//6727 3334//6727 3398//6727
f 3333//6728 3398//6728 3397//6728
f 3334//6729 3335//6729 3399//6729
f 3334//6730 3399//6730 3398//6730
f 3335//6731 3336//6731 3400//6731
f 3335//6732 3400//6732 3399//6732
f 3336//6733 3337//6733 3401//6733
f 3336//6734 3401//6734 3400//6734
f 3337//6735 3338//6735 3402//6735
f 3337//6736 3402//6736 3401//6736
f 3338//6737 3339//6737 3403//6737
f 3338//6738 3403//6738 3402//6738
f 3339//6739 3340//6739 3404//6739
f 3339//6740 3404//6740 3403//6740
f 3340//6741 3341//6741 3405//6741
f 3340//6742 3405//6742 3404//6742
f 3341//6743 3342//6743 3406//6743
f 3341//6744 3406//6744 3405//6744
f 3342//6745 3343//6745 3407//6745
f 3342//6746 3407//6746 3406//6746
f 3343//6747 3344//6747 3408//6747
f 3343//6748 3408//6748 3407//6748
f 3344//6749 3345//6749 3409//6749
f 3344//6750 3409//6750 3408//6750
f 3345//6751 3346//6751 3410//6751
f 3345//6752 3410//6752 3409//6752
f 3346//6753 3347//6753 3411//6753
f 3346//6754 3411//6754 3410//6754
f 3347//6755 3348//6755 3412//6755
f 3347//6756 3412//6756 3411//6756
f 3348//6757 3349//6757 3413//6757
f 3348//6758 3413//6758 3412//6758
f 3349//6759 3350//6759 3414//6759
f 3349//6760 3414//6760 3413//6760
f 3350//6761 3351//6761 3415//6761
f 3350//6762 3415//6762 3414//6762
f 3351//6763 3352//6763 3416//6763
f 3351//6764 3416//6764 3415//6764
f 3352//6765 3353//6765 3417//6765
f 3352//6766 3417//6766 3416//6766
f 3353//6767 3354//6767 3418//6767
f 3353//6768 3418//6768 3417//6768
f 3354//6769 3355//6769 3419//6769
f 3354//6770 3419//6770 3418//6770
f 3355//6771 3356//6771 3420//6771
f 3355//6772 3420//6772 3419//6772
f 3356//6773 3357//6773 3421//6773
f 3356//6774 3421//6774 3420//6774
f 3357//6775 3358//6775 3422//6775
f 3357//6776 3422//6776 3421//6776
f 3358//6777 3359//6777 3423//6777
f 3358//6778 3423//6778 3422//6778
f 3359//6779 3360//6779 3424//6779
f 3359//6780 3424//6780 3423//6780
f 3360//6781 3361//6781 3425//6781
f 3360//6782 3425//6782 3424//6782
f 3361//6783 3362//6783 3426//6783
f 3361//6784 3426//6784 3425//6784
f 3362//6785 3363//6785 3427//6785
f 3362//6786 3427//6786 3426//6786
f 3363//6787 3364//6787 3428//6787
f 3363//6788 3428//6788 3427//6788
f 3364//6789 3365//6789 3429//6789
f 3364//6790 3429//6790 3428//6790
f 3365//6791 3366//6791 3430//6791
f 3365//6792 3430//6792 3429//6792
f 3366//6793 3367//6793 3431//6793
f 3366//6794 3431//6794 3430//6794
f 3367//6795 3368//6795 3432//6795
f 3367//6796 3432//6796 3431//6796
f 3368//6797 3369//6797 3433//6797
f 3368//6798 3433//6798 3432//6798
f 3369//6799 3370//6799 3434//6799
f 3369//6800 3434//6800 3433//6800
f 3370//6801 3371//6801 3435//6801
f 3370//6802 3435//6802 3434//6802
f 3371//6803 3372//6803 3436//6803
f 3371//6804 3436//6804 3435//6804
f 3372//6805 3373//6805 3437//6805
f 3372//6806 3437//6806 3436//6806
f 3373//6807 3374//6807 3438//6807
f 3373//6808 3438//6808 3437//6808
f 3374//6809 3375//6809 3439//6809
f 3374//6810 3439//6810 3438//6810
f 3375//6811 3376//6811 3440//6811
f 3375//6812 3440//6812 3439//6812
f 3376//6813 3377//6813 3441//6813
f 3376//6814 3441//6814 3440//6814
f 3377//6815 3378//6815 3442//6815
f 3377//6816 3442//6816 3441//6816
f 3378//6817 3379//6817 3443//6817
f 3378//6818 3443//6818 3442//6818
f 3379//6819 3380//6819 3444//6819
f 3379//6820 3444//6820 3443//6820
f 3380//6821 3381//6821 3445//6821
f 3380//6822 3445//6822 3444//6822
f 3381//6823 3382//6823 3446//6823
f 3381//6824 3446//6824 3445//6824
f 3382//6825 3383//6825 3447//6825
f 3382//6826 3447//6826 3446//6826
f 3383//6827 3384//6827 3448//6827
f 3383//6828 3448//6828 3447//6828
f 3384//6829 3385//6829 3449//6829
f 3384//6830 3449//6830 3448//6830
f 3385//6831 3386//6831 3450//6831
f 3385//6832 3450//6832 3449//6832
f 3386//6833 3387//6833 3451//6833
f 3386//6834 3451//6834 3450//6834
f 3387//6835 3388//6835 3452//6835
f 3387//6836 3452//6836 3451//6836
f 3388//6837 3389//6837 3453//6837
f 3388//6838 3453//6838 3452//6838
f 3389//6839 3390//6839 3454//6839
f 3389//6840 3454//6840 3453//6840
f 3390//6841 3391//6841 3455//6841
f 3390//6842 3455//6842 3454//6842
f 3391//6843 3392//6843 3456//6843
f 3391//6844 3456//6844 3455//6844
f 3392//6845 3393//6845 3457//6845
f 3392//6846 3457//6846 3456//6846
f 3393//6847 3330//6847 3394//6847
f 3393//6848 3394//6848 3457//6848
f 3394//6849 3395//6849 3459//6849
f 3394//6850 3459//6850 3458//6850
f 3395//6851 3396//6851 3460//6851
f 3395//6852 3460//6852 3459//6852
f 3396//6853 3397//6853 3461//6853
f 3396//6854 3461//6854 3460//6854
f 3397//6855 3398//6855 3462//6855
f 3397//6856 3462//6856 3461//6856
f 3398//6857 3399//6857 3463//6857
f 3398//6858 3463//6858 3462//6858
f 3399//6859 3400//6859 3464//6859
f 3399//6860 3464//6860 3463//6860
f 3400//6861 3401//6861 3465//6861
f 3400//6862 3465//6862 3464//6862
f 3401//6863 3402//6863 3466//6863
f 3401//6864 3466//6864 3465//6864
f 3402//6865 3403//6865 3467//6865
f 3402//6866 3467//6866 3466//6866
f 3403//6867 3404//6867 3468//6867
f 3403//6868 3468//6868 3467//6868
f 3404//6869 3405//6869 3469//6869
f 3404//6870 3469//6870 3468//6870
f 3405//6871 3406//6871 3470//6871
f 3405//6872 3470//6872 3469//6872
f 3406//6873 3407//6873 3471//6873
f 3406//6874 3471//6874 3470//6874
f 3407//6875 3408//6875 3472//6875
f 3407//6876 3472//6876 3471//6876
f 3408//6877 3409//6877 3473//6877
f 3408//6878 3473//6878 3472//6878
f 3409//6879 3410//6879 3474//6879
f 3409//6880 3474//6880 3473//6880
f 3410//6881 3411//6881 3475//6881
f 3410//6882 3475//6882 3474//6882
f 3411//6883 3412//6883 3476//6883
f 3411//6884 3476//6884 3475//6884
f 3412//6885 3413//6885 3477//6885
f 3412//6886 3477//6886 3476//6886
f 3413//6887 3414//6887 3478//6887
f 3413//6888 3478//6888 3477//6888
f 3414//6889 3415//6889 3479//6889
f 3414//6890 3479//6890 3478//6890
f 3415//6891 3416//6891 3480//6891
f 3415//6892 3480//6892 3479//6892
f 3416//6893 3417//6893 3481//6893
f 3416//6894 3481//6894 3480//6894
f 3417//6895 3418//6895 3482//6895
f 3417//6896 3482//6896 3481//6896
f 3418//6897 3419//6897 3483//6897
f 3418//6898 3483//6898 3482//6898
f 3419//6899 3420//6899 3484//6899
f 3419//6900 3484//6900 3483//6900
f 3420//6901 3421//6901 3485//6901
f 3420//6902 3485//6902 3484//6902
f 3421//6903 3422//6903 3486//6903
f 3421//6904 3486//6904 3485//6904
f 3422//6905 3423//6905 3487//6905
f 3422//6906 3487//6906 3486//6906
f 3423//6907 3424//6907 3488//6907
f 3423//6908 3488//6908 3487//6908
f 3424//6909 3425//6909 3489//6909
f 3424//6910 3489//6910 3488//6910
f 3425//6911 3426//6911 3490//6911
f 3425//6912 3490//6912 3489//6912
f 3426//6913 3427//6913 3491//6913
f 3426//6914 3491//6914 3490//6914
f 3427//6915 3428//6915 3492//6915
f 3427//6916 3492//6916 3491//6916
f 3428//6917 3429//6917 3493//6917
f 3428//6918 3493//6918 3492//6918
f 3429//6919 3430//6919 3494//6919
f 3429//6920 3494//6920 3493//6920
f 3430//6921 3431//6921 3495//6921
f 3430//6922 3495//6922 3494//6922
f 3431//6923 3432//6923 3496//6923
f 3431//6924 3496//6924 3495//6924
f 3432//6925 3433//6925 3497//6925
f 3432//6926 3497//6926 3496//6926
f 3433//6927 3434//6927 3498//6927
f 3433//6928 3498//6928 3497//6928
f 3434//6929 3435//6929 3499//6929
f 3434//6930 3499//6930 3498//6930
f 3435//6931 3436//6931 3500//6931
f 3435//6932 3500//6932 3499//6932
f 3436//6933 3437//6933 3501//6933
f 3436//6934 3501//6934 3500//6934
f 3437//6935 3438//6935 3502//6935
f 3437//6936 3502//6936 3501//6936
f 3438//6937 3439//6937 3503//6937
f 3438//6938 3503//6938 3502//6938
f 3439//6939 3440//6939 3504//6939
f 3439//6940 3504//6940 3503//6940
f 3440//6941 3441//6941 3505//6941
f 3440//6942 3505//6942 3504//6942
f 3441//6943 3442//6943 3506//6943
f 3441//6944 3506//6944 3505//6944
f 3442//6945 3443//6945 3507//6945
f 3442//6946 3507//6946 3506//6946
f 3443//6947 3444//6947 3508//6947
f 3443//6948 3508//6948 3507//6948
f 3444//6949 3445//6949 3509//6949
f 3444//6950 3509//6950 3508//6950
f 3445//6951 3446//6951 3510//6951
f 3445//6952 3510//6952 3509//6952
f 3446//6953 3447//6953 3511//6953
f 3446//6954 3511//6954 3510//6954
f 3447//6955 3448//6955 3512//6955
f 3447//6956 3512//6956 3511//6956
f 3448//6957 3449//6957 3513//6957
f 3448//6958 3513//6958 3512//6958
f 3449//6959 3450//6959 3514//6959
f 3449//6960 3514//6960 3513//6960
f 3450//6961 3451//6961 3515//6961
f 3450//6962 3515//6962 3514//6962
f 3451//6963 3452//6963 3516//6963
f 3451//6964 3516//6964 3515//6964
f 3452//6965 3453//6965 3517//6965
f 3452//6966 3517//6966 3516//6966
f 3453//6967 3454//6967 3518//6967
f 3453//6968 3518//6968 3517//6968
f 3454//6969 3455//6969 3519//6969
f 3454//6970 3519//6970 3518//6970
f 3455//6971 3456//6971 3520//6971
f 3455//6972 3520//6972 3519//6972
f 3456//6973 3457//6973 3521//6973
f 3456//6974 3521//6974 3520//6974
f 3457//6975 3394//6975 3458//6975
f 3457//6976 3458//6976 3521//6976
f 3458//6977 3459//6977 3523//6977
f 3458//6978 3523//6978 3522//6978
f 3459//6979 3460//6979 3524//6979
f 3459//6980 3524//6980 3523//6980
f 3460//6981 3461//6981 3525//6981
f 3460//6982 3525//6982 3524//6982
f 3461//6983 3462//6983 3526//6983
f 3461//6984 3526//6984 3525//6984
f 3462//6985 3463//6985 3527//6985
f 3462//6986 3527//6986 3526//6986
f 3463//6987 3464//6987 3528//6987
f 3463//6988 3528//6988 3527//6988
f 3464//6989 3465//6989 3529//6989
f 3464//6990 3529//6990 3528//6990
f 3465//6991 3466//6991 3530//6991
f 3465//6992 3530//6992 3529//6992
f 3466//6993 3467//6993 3531//6993
f 3466//6994 3531//6994 3530//6994
f 3467//6995 3468//6995 3532//6995
f 3467//6996 3532//6996 3531//6996
f 3468//6997 3469//6997 3533//6997
f 3468//6998 3533//6998 3532//6998
f 3469//6999 3470//6999 3534//6999
f 3469//7000 3534//7000 3533//7000
f 3470//7001 3471//7001 3535//7001
f 3470//7002 3535//7002 3534//7002
f 3471//7003 3472//7003 3536//7003
f 3471//7004 3536//7004 3535//7004
f 3472//7005 3473//7005 3537//7005
f 3472//7006 3537//7006 3536//7006
f 3473//7007 3474//7007 3538//7007
f 3473//7008 3538//7008 3537//7008
f 3474//7009 3475//7009 3539//7009
f 3474//7010 3539//7010 3538//7010
f 3475//7011 3476//7011 3540//7011
f 3475//7012 3540//7012 3539//7012
f 3476//7013 3477//7013 3541//7013
f 3476//7014 3541//7014 3540//7014
f 3477//7015 3478//7015 3542//7015
f 3477//7016 3542//7016 3541//7016
f 3478//7017 3479//7017 3543//7017
f 3478//7018 3543//7018 3542//7018
f 3479//7019 3480//7019 3544//7019
f 3479//7020 3544//7020 3543//7020
f 3480//7021 3481//7021 3545//7021
f 3480//7022 3545//7022 3544//7022
f 3481//7023 3482//7023 3546//7023
f 3481//7024 3546//7024 3545//7024
f 3482//7025 3483//7025 3547//7025
f 3482//7026 3547//7026 3546//7026
f 3483//7027 3484//7027 3548//7027
f 3483//7028 3548//7028 3547//7028
f 3484//7029 3485//7029 3549//7029
f 3484//7030 3549//7030 3548//7030
f 3485//7031 3486//7031 3550//7031
f 3485//7032 3550//7032 3549//7032
f 3486//7033 3487//7033 3551//7033
f 3486//7034 3551//7034 3550//7034
f 3487//7035 3488//7035 3552//7035
f 3487//7036 3552//7036 3551//7036
f 3488//7037 3489//7037 3553//7037
f 3488//7038 3553//7038 3552//7038
f 3489//7039 3490//7039 3554//7039
f 3489//7040 3554//7040 3553//7040
f 3490//7041 3491//7041 3555//7041
f 3490//7042 3555//7042 3554//7042
f 3491//7043 3492//7043 3556//7043
f 3491//7044 3556//7044 3555//7044
f 3492//7045 3493//7045 3557//7045
f 3492//7046 3557//7046 3556//7046
f 3493//7047 3494//7047 3558//7047
f 3493//7048 3558//7048 3557//7048
f 3494//7049 3495//7049 3559//7049
f 3494//7050 3559//7050 3558//7050
f 3495//7051 3496//7051 3560//7051
f 3495//7052 3560//7052 3559//7052
f 3496//7053 3497//7053 3561//7053
f 3496//7054 3561//7054 3560//7054
f 3497//7055 3498//7055 3562//7055
f 3497//7056 3562//7056 3561//7056
f 3498//7057 3499//7057 3563//7057
f 3498//7058 3563//7058 3562//7058
f 3499//7059 3500//7059 3564//7059
f 3499//7060 3564//7060 3563//7060
f 3500//7061 3501//7061 3565//7061
f 3500//7062 3565//7062 3564//7062
f 3501//7063 3502//7063 3566//7063
f 3501//7064 3566//7064 3565//7064
f 3502//7065 3503//7065 3567//7065
f 3502//7066 3567//7066 3566//7066
f 3503//7067 3504//7067 3568//7067
f 3503//7068 3568//7068 3567//7068
f 3504//7069 3505//7069 3569//7069
f 3504//7070 3569//7070 3568//7070
f 3505//7071 3506//7071 3570//7071
f 3505//7072 3570//7072 3569//7072
f 3506//7073 3507//7073 3571//7073
f 3506//7074 3571//7074 3570//7074
f 3507//7075 3508//7075 3572//7075
f 3507//7076 3572//7076 3571//7076
f 3508//7077 3509//7077 3573//7077
f 3508//7078 3573//7078 3572//7078
f 3509//7079 3510//7079 3574//7079
f 3509//7080 3574//7080 3573//7080
f 3510//7081 3511//7081 3575//7081
f 3510//7082 3575//7082 3574//7082
f 3511//7083 3512//7083 3576//7083
f 3511//7084 3576//7084 3575//7084
f 3512//7085 3513//7085 3577//7085
f 3512//7086 3577//7086 3576//7086
f 3513//7087 3514//7087 3578//7087
f 3513//7088 3578//7088 3577//7088
f 3514//7089 3515//7089 3579//7089
f 3514//7090 3579//7090 3578//7090
f 3515//7091 3516//7091 3580//7091
f 3515//7092 3580//7092 3579//7092
f 3516//7093 3517//7093 3581//7093
f 3516//7094 3581//7094 3580//7094
f 3517//7095 3518//7095 3582//7095
f 3517//7096 3582//7096 3581//7096
f 3518//7097 3519//7097 3583//7097
f 3518//7098 3583//7098 3582//7098
f 3519//7099 3520//7099 3584//7099
f 3519//7100 3584//7100 3583//7100
f 3520//7101 3521//7101 3585//7101
f 3520//7102 3585//7102 3584//7102
f 3521//7103 3458//7103 3522//7103
f 3521//7104 3522//7104 3585//7104
f 3522//7105 3523//7105 3587//7105
f 3522//7106 3587//7106 3586//7106
f 3523//7107 3524//7107 3588//7107
f 3523//7108 3588//7108 3587//7108
f 3524//7109 3525//7109 3589//7109
f 3524//7110 3589//7110 3588//7110
f 3525//7111 3526//7111 3590//7111
f 3525//7112 3590//7112 3589//7112
f 3526//7113 3527//7113 3591//7113
f 3526//7114 3591//7114 3590//7114
f 3527//7115 3528//7115 3592//7115
f 3527//7116 3592//7116 3591//7116
f 3528//7117 3529//7117 3593//7117
f 3528//7118 3593//7118 3592//7118
f 3529//7119 3530//7119 3594//7119
f 3529//7120 3594//7120 3593//7120
f 3530//7121 3531//7121 3595//7121
f 3530//7122 3595//7122 3594//7122
f 3531//7123 3532//7123 3596//7123
f 3531//7124 3596//7124 3595//7124
f 3532//7125 3533//7125 3597//7125
f 3532//7126 3597//7126 3596//7126
f 3533//7127 3534//7127 3598//7127
f 3533//7128 3598//7128 3597//7128
f 3534//7129 3535//7129 3599//7129
f 3534//7130 3599//7130 3598//7130
f 3535//7131 3536//7131 3600//7131
f 3535//7132 3600//7132 3599//7132
f 3536//7133 3537//7133 3601//7133
f 3536//7134 3601//7134 3600//7134
f 3537//7135 3538//7135 3602//7135
f 3537//7136 3602//7136 3601//7136
f 3538//7137 3539//7137 3603//7137
f 3538//7138 3603//7138 3602//7138
f 3539//7139 3540//7139 3604//7139
f 3539//7140 3604//7140 3603//7140
f 3540//7141 3541//7141 3605//7141
f 3540//7142 3605//7142 3604//7142
f 3541//7143 3542//7143 3606//7143
f 3541//7144 3606//7144 3605//7144
f 3542//7145 3543//7145 3607//7145
f 3542//7146 3607//7146 3606//7146
f 3543//7147 3544//7147 3608//7147
f 3543//7148 3608//7148 3607//7148
f 3544//7149 3545//7149 3609//7149
f 3544//7150 3609//7150 3608//7150
f 3545//7151 3546//7151 3610//7151
f 3545//7152 3610//7152 3609//7152
f 3546//7153 3547//7153 3611//7153
f 3546//7154 3611//7154 3610//7154
f 3547//7155 3548//7155 3612//7155
f 3547//7156 3612//7156 3611//7156
f 3548//7157 3549//7157 3613//7157
f 3548//7158 3613//7158 3612//7158
f 3549//7159 3550//7159 3614//7159
f 3549//7160 3614//7160 3613//7160
f 3550//7161 3551//7161 3615//7161
f 3550//7162 3615//7162 3614//7162
f 3551//7163 3552//7163 3616//7163
f 3551//7164 3616//7164 3615//7164
f 3552//7165 3553//7165 3617//7165
f 3552//7166 3617//7166 3616//7166
f 3553//7167 3554//7167 3618//7167
f 3553//7168 3618//7168 3617//7168
f 3554//7169 3555//7169 3619//7169
f 3554//7170 3619//7170 3618//7170
f 3555//7171 3556//7171 3620//7171
f 3555//7172 3620//7172 3619//7172
f 3556//7173 3557//7173 3621//7173
f 3556//7174 3621//7174 3620//7174
f 3557//7175 3558//7175 3622//7175
f 3557//7176 3622//7176 3621//7176
f 3558//7177 3559//7177 3623//7177
f 3558//7178 3623//7178 3622//7178
f 3559//7179 3560//7179 3624//7179
f 3559//7180 3624//7180 3623//7180
f 3560//7181 3561//7181 3625//7181
f 3560//7182 3625//7182 3624//7182
f 3561//7183 3562//7183 3626//7183
f 3561//7184 3626//7184 3625//7184
f 3562//7185 3563//7185 3627//7185
f 3562//7186 3627//7186 3626//7186
f 3563//7187 3564//7187 3628//7187
f 3563//7188 3628//7188 3627//7188
f 3564//7189 3565//7189 3629//7189
f 3564//7190 3629//7190 3628//7190
f 3565//7191 3566//7191 3630//7191
f 3565//7192 3630//7192 3629//7192
f 3566//7193 3567//7193 3631//7193
f 3566//7194 3631//7194 3630//7194
f 3567//7195 3568//7195 3632//7195
f 3567//7196 3632//7196 3631//7196
f 3568//7197 3569//7197 3633//7197
f 3568//7198 3633//7198 3632//7198
f 3569//7199 3570//7199 3634//7199
f 3569//7200 3634//7200 3633//7200
f 3570//7201 3571//7201 3635//7201
f 3570//7202 3635//7202 3634//7202
f 3571//7203 3572//7203 3636//7203
f 3571//7204 3636//7204 3635//7204
f 3572//7205 3573//7205 3637//7205
f 3572//7206 3637//7206 3636//7206
f 3573//7207 3574//7207 3638//7207
f 3573//7208 3638//7208 3637//7208
f 3574//7209 3575//7209 3639//7209
f 3574//7210 3639//7210 3638//7210
f 3575//7211 3576//7211 3640//7211
f 3575//7212 3640//7212 3639//7212
f 3576//7213 3577//7213 3641//7213
f 3576//7214 3641//7214 3640//7214
f 3577//7215 3578//7215 3642//7215
f 3577//7216 3642//7216 3641//7216
f 3578//7217 3579//7217 3643//7217
f 3578//7218 3643//7218 3642//7218
f 3579//7219 3580//7219 3644//7219
f 3579//7220 3644//7220 3643//7220
f 3580//7221 3581//7221 3645//7221
f 3580//7222 3645//7222 3644//7222
f 3581//7223 3582//7223 3646//7223
f 3581//7224 3646//7224 3645//7224
f 3582//7225 3583//7225 3647//7225
f 3582//7226 3647//7226 3646//7226
f 3583//7227 3584//7227 3648//7227
f 3583//7228 3648//7228 3647//7228
f 3584//7229 3585//7229 3649//7229
f 3584//7230 3649//7230 3648//7230
f 3585//7231 3522//7231 3586//7231
f 3585//7232 3586//7232 3649//7232
f 3586//7233 3587//7233 3650//7233
f 3587//7234 3588//7234 3650//7234
f 3588//7235 3589//7235 3650//7235
f 3589//7236 3590//7236 3650//7236
f 3590//7237 3591//7237 3650//7237
f 3591//7238 3592//7238 3650//7238
f 3592//7239 3593//7239 3650//7239
f 3593//7240 3594//7240 3650//7240
f 3594//7241 3595//7241 3650//7241
f 3595//7242 3596//7242 3650//7242
f 3596//7243 3597//7243 3650//7243
f 3597//7244 3598//7244 3650//7244
f 3598//7245 3599//7245 3650//7245
f 3599//7246 3600//7246 3650//7246
f 3600//7247 3601//7247 3650//7247
f 3601//7248 3602//7248 3650//7248
f 3602//7249 3603//7249 3650//7249
f 3603//7250 3604//7250 3650//7250
f 3604//7251 3605//7251 3650//7251
f 3605//7252 3606//7252 3650//7252
f 3606//7253 3607//7253 3650//7253
f 3607//7254 3608//7254 3650//7254
f 3608//7255 3609//7255 3650//7255
f 3609//7256 3610//7256 3650//7256
f 3610//7257 3611//7257 3650//7257
f 3611//7258 3612//7258 3650//7258
f 3612//7259 3613//7259 3650//7259
f 3613//7260 3614//7260 3650//7260
f 3614//7261 3615//7261 3650//7261
f 3615//7262 3616//7262 3650//7262
f 3616//7263 3617//7263 3650//7263
f 3617//7264 3618//7264 3650//7264
f 3618//7265 3619//7265 3650//7265
f 3619//7266 3620//7266 3650//7266
f 3620//7267 3621//7267 3650//7267
f 3621//7268 3622//7268 3650//7268
f 3622//7269 3623//7269 3650//7269
f 3623//7270 3624//7270 3650//7270
f 3624//7271 3625//7271 3650//7271
f 3625//7272 3626//7272 3650//7272
f 3626//7273 3627//7273 3650//7273
f 3627//7274 3628//7274 3650//7274
f 3628//7275 3629//7275 3650//7275
f 3629//7276 3630//7276 3650//7276
f 3630//7277 3631//7277 3650//7277
f 3631//7278 3632//7278 3650//7278
f 3632//7279 3633//7279 3650//7279
f 3633//7280 3634//7280 3650//7280
f 3634//7281 3635//7281 3650//7281
f 3635//7282 3636//7282 3650//7282
f 3636//7283 3637//7283 3650//7283
f 3637//7284 3638//7284 3650//7284
f 3638//7285 3639//7285 3650//7285
f 3639//7286 3640//7286 3650//7286
f 3640//7287 3641//7287 3650//7287
f 3641//7288 3642//7288 3650//7288
f 3642//7289 3643//7289 3650//7289
f 3643//7290 3644//7290 3650//7290
f 3644//7291 3645//7291 3650//7291
f 3645//7292 3646//7292 3650//7292
f 3646//7293 3647//7293 3650//7293
f 3647//7294 3648//7294 3650//7294
f 3648//7295 3649//7295 3650//7295
f 3649//7296 3586//7296 3650//7296
